# uniform1 uniform2 gaussian1 gaussian2
  0.795107 0.619328 -0.021765 -0.034453
  0.275263 0.771417 -0.759720 -0.732683
  0.041449 0.297309 -0.533643 -1.807058
  0.686228 0.307259 -0.354182 0.482752
  0.457648 0.295791 -0.232964 0.706768
  0.918234 0.571424 -0.148742 -0.619574
  0.598692 0.285676 -0.770455 -1.069262
  0.522238 0.153336 0.570384 0.981530
  0.007278 0.994270 -1.638427 0.198393
  0.574368 0.901303 -0.418033 0.445485
  0.034279 0.302061 -0.814464 -0.135498
  0.550167 0.888791 -0.033927 -0.138201
  0.442647 0.854912 -0.315851 -0.252794
  0.955065 0.064726 0.874176 -0.944855
  0.458164 0.026004 1.751838 1.393794
  0.954593 0.232114 -0.178199 -1.408602
  0.737916 0.665700 -0.527812 -1.767770
  0.178790 0.594895 -1.196848 -2.023783
  0.169876 0.893170 -0.430660 -0.537038
  0.298672 0.497844 -0.960893 -0.961206
  0.556886 0.248199 0.039152 -1.781728
  0.115899 0.946014 0.573417 0.013009
  0.550157 0.908865 -0.373495 0.748391
  0.353628 0.347066 -1.680811 2.156875
  0.982396 0.606419 0.016504 1.111573
  0.992137 0.050850 -0.297314 0.105639
  0.667619 0.758553 -0.753665 0.160537
  0.879487 0.335159 -0.309792 0.844018
  0.604000 0.050365 -0.961627 0.475758
  0.483983 0.392428 1.299051 -0.774021
  0.753840 0.195396 1.808310 1.417856
  0.377187 0.800115 -1.149869 0.550892
  0.175833 0.182848 0.979107 0.712235
  0.794859 0.194181 0.539838 -0.208556
  0.062887 0.479095 0.257867 1.125012
  0.546318 0.805582 -0.800035 -0.803034
  0.351641 0.535586 -0.088275 -0.828339
  0.646770 0.531509 0.864051 -0.733367
  0.687658 0.643055 -0.325669 0.883023
  0.984902 0.230462 -0.192204 2.402318
  0.926554 0.470578 0.035572 0.452725
  0.557557 0.655304 0.025686 0.139934
  0.760818 0.969770 0.329098 0.066568
  0.245827 0.937887 -0.232843 -0.271440
  0.694731 0.661055 1.539009 -0.626665
  0.003308 0.208081 0.417469 -0.507392
  0.866499 0.075315 0.674395 -0.503430
  0.836180 0.332316 0.092181 0.372202
  0.763014 0.222977 1.414783 0.824429
  0.030150 0.692422 -1.807000 -1.648048
  0.760618 0.856306 1.174086 0.509784
  0.136390 0.610697 1.002137 0.934503
  0.093673 0.237419 -0.170382 0.609620
  0.891585 0.816454 -1.058887 -0.895422
  0.878695 0.851048 1.846231 -0.544051
  0.008593 0.809066 -0.684863 0.153209
  0.155989 0.741512 0.119056 -1.008428
  0.622975 0.623226 -0.888279 -0.358690
  0.338787 0.583220 0.003288 -0.873604
  0.584766 0.368019 -0.002819 -0.378663
  0.245050 0.404691 0.563717 -2.493990
  0.691580 0.255539 -0.984075 0.194906
  0.466129 0.571976 0.592710 0.110374
  0.969542 0.121642 -0.266512 -1.778142
  0.673750 0.390588 0.024687 1.282012
  0.835473 0.163655 -0.488610 -1.050105
  0.379236 0.158643 0.099384 0.033904
  0.368801 0.898246 -0.560955 -0.798138
  0.743407 0.864127 -0.564518 -0.058198
  0.352418 0.792167 1.019468 -0.615428
  0.587007 0.956103 0.971750 -0.401757
  0.616559 0.175834 0.043515 0.383881
  0.050479 0.528391 0.647354 -0.176459
  0.199295 0.416275 -1.285338 1.290779
  0.684377 0.419776 -0.852732 0.216531
  0.405595 0.157847 -1.298358 0.180380
  0.334356 0.679913 -0.746960 -0.074500
  0.611874 0.413718 1.575768 -0.279769
  0.018460 0.757523 -0.113397 -0.004002
  0.732922 0.334651 -0.128072 -2.238648
  0.018681 0.782639 1.274706 -0.773295
  0.390990 0.774434 1.370668 -0.309725
  0.868493 0.559320 -1.915013 -0.451937
  0.788920 0.957793 -0.804273 -0.771131
  0.668061 0.613082 2.038287 -0.257150
  0.716368 0.866448 0.253279 -1.086421
  0.302974 0.023718 -0.348587 -1.592521
  0.784897 0.466778 2.369368 -0.454208
  0.344773 0.579183 -0.958128 2.919901
  0.854343 0.957167 -0.278129 -0.643894
  0.840912 0.716419 1.909647 -1.238227
  0.435387 0.819856 0.073723 -1.176398
  0.780576 0.078220 -1.283367 1.160768
  0.216305 0.587158 -0.914216 0.587371
  0.968980 0.205194 0.630549 1.345104
  0.481331 0.834304 -0.368014 -1.030852
  0.063930 0.378235 1.186719 0.308895
  0.445989 0.995859 1.075216 0.031052
  0.217196 0.081037 -1.480978 -1.293872
  0.210395 0.670501 -0.438010 -0.792916
  0.557415 0.257750 1.166816 -0.239244
  0.229088 0.109923 0.718172 0.462959
  0.567696 0.120790 0.841322 -2.352601
  0.796352 0.237921 -0.360793 0.931536
  0.993182 0.519199 0.410606 -1.002459
  0.215015 0.097876 0.722250 0.642138
  0.357131 0.176009 0.958621 -0.707248
  0.062650 0.314511 0.721568 0.821068
  0.583461 0.680962 1.721377 -0.831481
  0.180743 0.766199 -0.612854 -0.426297
  0.318828 0.824339 1.092918 2.160853
  0.201731 0.296086 1.085354 -0.893219
  0.154064 0.356145 0.127197 0.588162
  0.985214 0.612007 2.045108 -0.472520
  0.959582 0.677689 0.806678 0.506704
  0.178062 0.829374 0.851579 0.020046
  0.450473 0.790415 -0.399119 0.714081
  0.584604 0.462822 0.336648 0.340620
  0.851585 0.676613 -0.095630 0.240486
  0.663099 0.486672 0.682125 0.072622
  0.161351 0.219072 -2.677107 0.081462
  0.169741 0.188144 1.152516 0.394534
  0.182956 0.102008 -0.783012 -0.761191
  0.158165 0.906325 -0.379927 -0.532599
  0.383496 0.817100 -0.580809 -0.275864
  0.304331 0.781416 -1.168385 -0.897572
  0.185393 0.058382 -0.232193 0.093141
  0.174471 0.266543 -1.617371 -0.061381
  0.001573 0.865502 0.935506 -0.990278
  0.836858 0.968622 0.891618 0.770415
  0.672485 0.759183 0.193298 1.644325
  0.008638 0.342780 1.329688 -0.693685
  0.251327 0.421643 -0.112965 0.505315
  0.756246 0.993634 -0.916043 0.932748
  0.597665 0.311251 -0.307872 0.792053
  0.015679 0.031679 -0.608759 0.179520
  0.745739 0.672642 -0.482050 -0.973018
  0.836985 0.578062 -0.629898 -0.058040
  0.543583 0.033771 -1.789009 -0.119482
  0.422039 0.197941 1.940717 -0.312362
  0.976899 0.318645 -0.199006 -0.571759
  0.137174 0.604222 1.026430 0.296586
  0.396503 0.206443 0.124040 -0.485094
  0.862591 0.404663 3.007338 0.260794
  0.363419 0.731257 -0.728329 -0.136619
  0.261251 0.025982 -1.432544 0.102061
  0.225176 0.805651 0.209382 -0.391463
  0.506057 0.249560 -0.983530 -1.235285
  0.994805 0.158285 -0.693648 -1.466747
  0.282541 0.419836 -1.851967 0.521056
  0.091157 0.106093 0.453466 -0.417971
  0.770716 0.633900 0.441849 1.344141
  0.262982 0.890586 0.326640 0.930983
  0.354403 0.929803 -1.177918 -0.101950
  0.883359 0.521979 -0.705488 2.037854
  0.744104 0.283802 -1.100609 -0.328880
  0.319591 0.806874 -0.399759 -0.682012
  0.425758 0.705716 -0.282993 -2.141676
  0.240682 0.360469 -0.464313 -0.892143
  0.253889 0.617134 0.851209 -0.341198
  0.216215 0.382526 -0.285999 -0.148740
  0.679550 0.950285 1.073101 -0.642191
  0.116562 0.250694 -0.163172 0.109432
  0.890604 0.332269 -0.333962 -0.429326
  0.075072 0.691800 0.686760 0.606336
  0.163907 0.115540 1.197112 0.831999
  0.435923 0.729716 0.902046 -0.193471
  0.396258 0.569772 -1.073995 0.652546
  0.324711 0.116388 -0.610521 -0.089904
  0.272389 0.253379 -0.963829 -0.875710
  0.063695 0.587229 -0.056894 -0.452393
  0.102822 0.417732 -1.445919 1.501737
  0.241397 0.645833 1.270560 0.374391
  0.057433 0.474421 1.211022 0.718829
  0.136587 0.619457 -2.166243 -1.067290
  0.374396 0.138372 -0.161176 -0.899637
  0.503573 0.083541 0.699025 0.520694
  0.926844 0.590014 -0.439103 -0.498030
  0.277118 0.065220 1.512041 0.555692
  0.129337 0.834781 -0.294076 -0.605565
  0.257165 0.432442 0.294440 -0.953675
  0.473029 0.770046 1.393550 0.455195
  0.188307 0.289478 -0.235849 1.425833
  0.225678 0.656988 -0.748160 0.473448
  0.743704 0.386264 1.556660 -0.514854
  0.950176 0.588579 -1.715219 0.649269
  0.719408 0.090418 -0.952448 -0.937249
  0.947779 0.948646 0.501689 -0.174511
  0.438975 0.612065 -0.451360 -0.669954
  0.927763 0.001198 1.148169 -0.898482
  0.649047 0.237091 -1.387126 -1.494634
  0.960876 0.053782 -1.117832 -1.199475
  0.164310 0.059137 1.182735 1.075019
  0.159408 0.056052 0.290920 -1.962825
  0.812554 0.921183 -0.497742 -0.361010
  0.480867 0.845172 -0.565234 -0.255820
  0.674072 0.523025 0.047640 -0.905931
  0.159568 0.468361 0.693853 -0.186216
  0.039485 0.689627 -0.284228 0.259946
  0.465520 0.974823 -0.216446 -0.844942
  0.887143 0.251718 -0.683478 -1.179963
  0.630505 0.355720 -1.434049 -0.022726
  0.071471 0.248508 1.921659 2.451059
  0.029331 0.379170 0.893712 -0.153131
  0.431250 0.823665 -1.631179 -0.015690
  0.912534 0.691726 -0.333060 -0.806385
  0.661278 0.701992 0.940324 0.708724
  0.832619 0.605260 0.867314 0.731650
  0.121775 0.952430 0.896089 0.222094
  0.138620 0.914270 -1.741786 -0.041523
  0.119751 0.213739 -0.878587 -0.566662
  0.210366 0.765543 0.595331 -1.283403
  0.364957 0.330925 1.355139 1.389284
  0.326571 0.941867 -0.863923 -1.155279
  0.766792 0.639868 0.292435 -0.120697
  0.713296 0.948365 1.140981 0.075490
  0.349171 0.559668 0.003485 -0.372576
  0.288972 0.338267 -1.225105 -0.931455
  0.842633 0.115555 -1.059826 1.607538
  0.354301 0.181776 0.067094 -0.116654
  0.747006 0.597504 -1.130756 -0.115033
  0.830146 0.983626 -0.239599 0.443917
  0.555352 0.992661 0.682514 0.000192
  0.068241 0.120933 0.959578 -0.237160
  0.367739 0.817065 0.838653 -0.659006
  0.626214 0.795251 -0.812739 0.492684
  0.349212 0.154308 -0.007414 0.404830
  0.821508 0.266105 -0.298441 -0.515414
  0.196291 0.638166 -0.463065 -0.587304
  0.660786 0.000856 -1.164266 -0.272361
  0.561335 0.227253 0.362009 -1.360420
  0.601519 0.533800 -1.789839 -0.283477
  0.715588 0.571738 -1.237218 2.651733
  0.720964 0.176010 -0.522065 0.653440
  0.905724 0.635207 0.472039 0.115912
  0.187425 0.668289 1.879455 1.027367
  0.443580 0.067071 -0.187350 1.159719
  0.139194 0.551068 0.155645 -1.112468
  0.097931 0.172191 -0.510235 0.602195
  0.942314 0.410349 0.483909 0.418612
  0.846246 0.753026 -0.745237 -0.376461
  0.117780 0.023223 0.166581 -2.389308
  0.789660 0.383701 -0.605246 -0.984055
  0.556460 0.857802 -0.345197 -0.126510
  0.515150 0.621466 0.660354 -0.733270
  0.765782 0.302240 2.275552 0.307121
  0.404142 0.812689 0.193148 -0.127368
  0.093534 0.897380 0.225538 -0.374024
  0.024897 0.207650 0.266733 -0.754225
  0.535314 0.356753 -0.234504 0.314957
  0.848199 0.071632 0.814833 -0.946441
  0.528041 0.292977 1.511111 -1.241743
  0.576809 0.749406 -1.007054 -1.443506
  0.261358 0.531177 1.417596 -0.440886
  0.350718 0.615397 0.934202 0.797319
  0.259327 0.899640 -0.557748 -0.747578
  0.913895 0.206065 1.011479 -0.280899
  0.489409 0.248391 -0.475464 0.120415
  0.065167 0.715769 -0.862874 -0.727495
  0.951077 0.881190 0.941774 0.934215
  0.993889 0.756835 0.003441 -0.251622
  0.424708 0.741079 0.128491 0.528826
  0.175606 0.302851 -1.900654 -0.246274
  0.459951 0.372169 0.373569 0.474093
  0.493549 0.877249 -0.843740 0.083715
  0.603866 0.409399 -1.368065 0.621356
  0.132236 0.717628 0.734998 0.101717
  0.749969 0.473225 0.046614 0.442911
  0.448318 0.182474 -1.615955 0.962786
  0.760076 0.461306 -0.737190 -0.693765
  0.391219 0.174423 0.480784 -0.225460
  0.695774 0.268306 0.850115 0.028300
  0.533835 0.309525 -2.505765 0.322740
  0.738809 0.911583 -0.069850 -0.521672
  0.449631 0.688926 -1.002083 -0.859339
  0.189116 0.755933 0.140683 0.896857
  0.698889 0.323018 -0.545283 -1.040335
  0.829647 0.618396 1.139734 -0.849245
  0.247945 0.853306 -1.006743 -0.031111
  0.616849 0.320572 -0.524317 -0.041982
  0.341633 0.521326 -2.975697 0.337651
  0.243729 0.828996 0.450190 1.089367
  0.975756 0.893174 -0.965442 0.592587
  0.582973 0.915141 0.350691 0.365946
  0.690756 0.825244 0.653284 -0.144780
  0.128657 0.573793 -0.583658 0.945644
  0.328620 0.287011 -1.288023 -0.192625
  0.912153 0.323378 -0.824290 0.191974
  0.635237 0.535820 -1.756991 1.009719
  0.907803 0.553835 0.698888 -1.439522
  0.823737 0.096791 0.817566 0.127736
  0.374133 0.118007 1.007739 -0.792588
  0.705051 0.581492 -0.562258 -2.313099
  0.067776 0.277519 2.923853 -0.209159
  0.908303 0.046710 0.944909 -0.905854
  0.868427 0.404272 -0.933063 -0.673336
  0.872143 0.056960 2.794595 1.053595
  0.066223 0.799110 -1.553610 -2.242002
  0.436639 0.152509 -0.184750 0.880405
  0.474975 0.094188 0.168289 0.374002
  0.006994 0.152275 0.562650 1.924442
  0.268734 0.488078 -0.946188 -0.908936
  0.826551 0.366505 -0.228213 -0.503494
  0.929208 0.009719 -2.138250 -1.357732
  0.406761 0.258739 0.114509 1.093607
  0.154732 0.527136 0.282169 1.757675
  0.578114 0.180740 -1.414985 -0.735662
  0.183130 0.114858 0.663836 -0.492637
  0.369264 0.526711 -1.261262 -0.167530
  0.240468 0.375461 1.556093 0.450514
  0.163241 0.742237 0.199269 -0.011276
  0.197163 0.119538 1.092765 -1.524153
  0.776272 0.003142 -0.165920 -0.325023
  0.538874 0.605537 0.708475 1.153537
  0.097576 0.801706 0.090939 -1.988753
  0.985657 0.904559 -1.764764 0.180044
  0.060863 0.519049 0.749589 -0.039984
  0.946510 0.640172 -0.614885 -1.137264
  0.804896 0.019788 -0.472823 -0.074674
  0.850219 0.873016 -2.156598 1.257026
  0.526495 0.758990 -0.632361 -0.915421
  0.483549 0.076854 0.390827 1.803421
  0.024244 0.997120 -0.427497 -2.064979
  0.198760 0.478653 -0.768529 0.362278
  0.143791 0.481360 2.278650 1.901308
  0.644494 0.168761 0.024230 0.039076
  0.507530 0.205534 -0.557173 -0.423133
  0.465953 0.624836 0.660715 0.391861
  0.932720 0.382784 0.540607 -0.806371
  0.957990 0.412746 -1.408608 1.248084
  0.275115 0.446645 0.380289 -0.686405
  0.960587 0.916406 0.716664 -0.897433
  0.648686 0.185305 1.262397 -0.323513
  0.496141 0.693873 -1.516816 -0.005979
  0.622061 0.543597 -1.968126 0.673054
  0.624691 0.594476 0.403954 -0.816749
  0.603004 0.681567 1.886649 -0.516242
  0.623974 0.594240 -0.515407 0.271032
  0.832174 0.949967 -1.113436 -0.745186
  0.629500 0.981065 0.436393 -0.917088
  0.127111 0.620116 1.861626 1.005907
  0.501204 0.693812 0.704696 -0.939586
  0.506230 0.491516 -2.602299 1.151699
  0.305829 0.114491 0.783270 -0.740057
  0.455235 0.065998 1.451109 0.753816
  0.930968 0.669556 1.171244 -0.225827
  0.457135 0.807117 0.835873 0.115378
  0.040901 0.183073 1.015977 -1.557159
  0.991354 0.160006 -0.732551 -0.005053
  0.713194 0.822520 0.146764 -0.411924
  0.128537 0.954808 0.530044 -1.055047
  0.243914 0.862933 -0.667243 -0.563651
  0.003613 0.060749 0.703794 -2.246774
  0.692552 0.460523 -0.089665 0.632139
  0.293472 0.351012 -0.907936 1.268143
  0.998302 0.823267 0.709714 0.108848
  0.067260 0.556165 -0.527041 1.081102
  0.639288 0.385355 2.526398 -0.073260
  0.084729 0.467826 0.038828 -0.878010
  0.214537 0.960037 -0.698513 -1.474077
  0.060304 0.971442 0.077036 0.453511
  0.672511 0.682528 0.219543 0.026179
  0.973287 0.796618 0.912286 -0.541871
  0.300445 0.370792 -0.023142 0.138152
  0.867135 0.246967 -1.470864 1.122363
  0.026062 0.428037 0.303414 -0.773185
  0.076862 0.340295 0.534175 0.230595
  0.675469 0.874209 -1.216176 0.097263
  0.978555 0.549878 -0.110316 -0.001667
  0.756097 0.328476 0.043026 1.207682
  0.859731 0.995075 0.004836 -1.500561
  0.921827 0.883344 -0.217511 -0.625062
  0.445674 0.186254 -0.137457 -0.785899
  0.664871 0.695576 1.954988 1.859826
  0.584330 0.636854 0.755990 0.158286
  0.093286 0.459008 -0.869891 0.001404
  0.495149 0.109580 0.760536 0.033958
  0.259719 0.038411 -0.306445 -1.785843
  0.994462 0.657924 0.113680 0.410048
  0.365859 0.549789 -0.941869 -1.469494
  0.405514 0.150395 0.746765 -1.532075
  0.095089 0.829482 -1.485975 -0.282978
  0.586787 0.793923 -1.190710 0.164136
  0.459560 0.068829 -0.120873 0.007494
  0.424638 0.485720 1.552292 1.177175
  0.294792 0.218594 -1.517990 -1.672233
  0.850422 0.657313 -0.322847 -0.917644
  0.038187 0.288767 1.806397 -0.798832
  0.148454 0.657989 0.500253 0.293390
  0.830344 0.775673 -0.474062 -1.811025
  0.227605 0.092726 2.152278 0.561571
  0.680048 0.330001 -0.657128 -1.265831
  0.945320 0.269052 -1.333355 -0.731490
  0.622934 0.226878 1.951105 -0.841151
  0.034180 0.823256 -0.282588 -0.090788
  0.017054 0.977118 0.538329 -0.751353
  0.233649 0.788448 -0.103585 0.861012
  0.962892 0.011276 -0.371552 -0.178624
  0.083480 0.726760 1.622723 -0.404202
  0.825813 0.634366 1.179041 0.732621
  0.427055 0.168771 -1.698447 -1.224279
  0.591977 0.818366 -0.732767 -1.099268
  0.584859 0.157443 0.225184 -2.956306
  0.141462 0.731986 -0.780099 0.336397
  0.565600 0.839402 -0.661083 -0.438052
  0.089520 0.912182 2.116570 -1.360798
  0.776501 0.591675 -0.785838 -0.855706
  0.640001 0.619783 -1.174261 -1.038911
  0.968356 0.766011 0.841432 1.342898
  0.727907 0.837082 -1.137703 -1.420843
  0.156560 0.015825 0.272936 0.551507
  0.274766 0.893220 -0.224172 -0.597207
  0.456583 0.594524 0.595767 -0.823633
  0.464913 0.990477 -0.002181 0.806672
  0.408125 0.007600 1.998775 -1.413404
  0.041188 0.544471 -0.264356 1.436013
  0.413027 0.567418 -0.368491 -0.089607
  0.655299 0.272568 0.274300 -1.187670
  0.937124 0.754558 -1.135508 -1.115497
  0.987530 0.757410 0.782356 0.550452
  0.240384 0.417948 2.130241 -0.529270
  0.412247 0.148244 0.242259 -0.939425
  0.148317 0.272038 0.660063 -0.581987
  0.947157 0.487283 -0.714843 0.899197
  0.493008 0.083952 -1.255053 0.003820
  0.784814 0.375049 0.620562 0.401856
  0.175570 0.709860 2.424431 -2.327643
  0.912479 0.123854 0.508522 0.300331
  0.834338 0.252835 -0.884462 -3.038188
  0.070253 0.379435 1.400302 1.040981
  0.962154 0.092770 -0.934169 -0.102888
  0.646861 0.926653 0.389630 1.604741
  0.923368 0.442258 -0.175291 -0.906636
  0.761260 0.640061 -0.328816 0.323208
  0.311438 0.249433 -0.218476 0.623873
  0.194778 0.368971 0.392741 0.867464
  0.786483 0.117178 0.462044 1.300337
  0.544248 0.632568 -0.173539 0.048604
  0.171276 0.879622 0.009992 1.139734
  0.069453 0.206224 -1.576175 -0.340596
  0.279727 0.635898 0.893140 -0.460365
  0.215229 0.414757 0.341003 -1.643789
  0.630586 0.600733 1.841244 -0.048590
  0.836882 0.404838 0.529588 -0.919820
  0.266471 0.130953 0.694970 -1.408212
  0.901830 0.588330 -0.558646 -1.246740
  0.919841 0.019138 0.240698 0.481596
  0.644226 0.840363 -0.322217 -1.087087
  0.166329 0.571787 0.998811 0.581370
  0.054972 0.644160 0.655708 0.258511
  0.901119 0.591788 0.022636 -1.020177
  0.979051 0.381929 -0.851305 0.498448
  0.158653 0.593488 0.420326 -0.160741
  0.973902 0.981427 1.115927 1.858786
  0.199930 0.451527 0.212447 -0.404492
  0.214520 0.620275 0.055907 -0.728560
  0.914481 0.630703 -0.068180 -0.383498
  0.319380 0.663492 -1.862428 1.822222
  0.607488 0.349598 0.314335 1.057950
  0.598599 0.564164 1.260297 0.177843
  0.587292 0.416225 -1.138696 0.513704
  0.429005 0.679351 -0.636331 1.281065
  0.915937 0.866025 0.010303 0.280627
  0.890659 0.161685 -0.097890 -0.083217
  0.348393 0.222606 -1.021762 1.550051
  0.395515 0.222292 -0.358391 -0.494459
  0.541388 0.497565 -0.837371 -1.813626
  0.531730 0.752178 0.317335 -0.385106
  0.033433 0.908242 -0.820343 -0.986792
  0.821147 0.118371 0.143168 -1.254136
  0.291709 0.220459 1.810329 0.727922
  0.639549 0.484071 -0.244861 1.103578
  0.563932 0.908835 -0.892113 0.278876
  0.203803 0.581257 -0.635343 -1.251106
  0.973175 0.294903 0.089646 0.075968
  0.143324 0.059413 0.372149 0.643870
  0.283266 0.127985 -0.852786 1.583903
  0.987999 0.794843 -0.475870 -0.710969
  0.464588 0.404482 0.356697 2.264688
  0.128133 0.776668 1.277517 -1.872736
  0.619772 0.692998 0.700334 -0.317904
  0.551521 0.752928 0.174959 0.014461
  0.614381 0.106171 -1.520262 0.808521
  0.467832 0.985861 -0.406718 0.079681
  0.317557 0.575071 -0.311194 -1.391285
  0.208940 0.441606 0.531137 0.514040
  0.265050 0.863592 -0.434665 -1.518513
  0.996866 0.064130 0.858067 -1.239905
  0.572959 0.412134 -0.301580 -1.262601
  0.349031 0.662453 0.695838 -1.176779
  0.990895 0.844863 1.207437 -0.032027
  0.839726 0.637786 1.622869 -0.987147
  0.991072 0.805246 -1.993707 0.244702
  0.564202 0.897803 -1.854478 -1.522195
  0.429845 0.900274 0.710355 -0.780872
  0.476403 0.663963 1.291780 -0.159571
  0.888548 0.085476 -0.143526 0.984479
  0.545953 0.107965 -0.973686 -0.692633
  0.477048 0.274635 0.040851 1.536506
  0.725014 0.905293 -0.837583 -1.246920
  0.299608 0.133964 0.612602 0.860122
  0.225454 0.458226 -1.200715 -1.020555
  0.441675 0.196430 -0.960115 1.425518
  0.532563 0.432170 0.563479 -0.418021
  0.499129 0.475654 2.218897 -0.626097
  0.527404 0.221822 -0.357629 -1.021464
  0.501577 0.058501 -0.364178 0.417833
  0.045684 0.813402 -0.956434 1.112448
  0.438537 0.418827 2.082599 -1.146881
  0.232738 0.414986 -0.036824 -0.637193
  0.354232 0.068408 0.339949 0.369070
  0.254540 0.331667 -0.551933 1.151232
  0.496189 0.405146 -0.976045 1.024328
  0.207756 0.149075 0.444936 -0.967298
  0.872260 0.511215 -2.678793 -0.122239
  0.559722 0.540760 0.563075 0.311082
  0.828978 0.767787 0.634327 -0.630792
  0.017564 0.373306 -0.674698 -0.121491
  0.904696 0.967888 -0.917330 -1.357667
  0.919465 0.901508 0.125269 -0.023491
  0.645763 0.525507 0.197770 -0.506441
  0.599743 0.638259 -0.370074 -3.483022
  0.478571 0.503247 -0.629537 -0.458478
  0.083962 0.793828 -1.929118 -0.094091
  0.725548 0.026053 0.404820 0.293868
  0.357538 0.568383 0.037973 0.484353
  0.512616 0.031815 0.432049 -1.952681
  0.069008 0.345759 -1.201835 -0.244639
  0.197039 0.146065 0.721827 -0.594754
  0.363592 0.754248 1.774924 0.132979
  0.771412 0.491181 1.167916 -1.603545
  0.398529 0.813439 1.604492 -0.839538
  0.433396 0.334427 -0.335005 0.260966
  0.974025 0.880423 0.052066 0.905562
  0.455255 0.116996 0.343234 0.962492
  0.411420 0.393204 0.231499 0.801139
  0.358147 0.215710 0.722110 -0.485636
  0.399909 0.371230 0.224075 2.151218
  0.167275 0.717466 -1.777543 0.193605
  0.275586 0.174624 0.268005 0.742237
  0.051856 0.842159 -0.253205 -0.241952
  0.974232 0.484761 -1.144214 1.408578
  0.243055 0.511804 0.106891 1.368238
  0.177594 0.868150 0.306207 -0.794964
  0.597620 0.493841 0.186957 -0.946018
  0.674463 0.920486 -0.660355 -0.971193
  0.735561 0.005756 -0.150637 0.285117
  0.797108 0.162318 -0.713414 -0.149863
  0.909471 0.975602 -0.312762 -1.811265
  0.597964 0.550310 -0.253446 0.659930
  0.194228 0.249744 1.182930 1.170262
  0.744853 0.926145 0.590509 -0.222998
  0.148166 0.802255 -1.852160 0.763820
  0.371797 0.219498 -0.030664 1.193701
  0.509069 0.661369 0.770187 -0.531127
  0.222161 0.737629 1.255271 -1.482743
  0.356963 0.488812 1.661530 -2.230830
  0.608781 0.268863 -1.329304 0.518284
  0.892137 0.360469 1.078070 -1.113973
  0.163704 0.031779 0.061824 0.446828
  0.678571 0.034610 0.538041 1.029389
  0.150699 0.655374 -0.865716 -0.234861
  0.180573 0.622215 1.383859 0.895616
  0.452336 0.603080 1.355006 -0.227395
  0.254352 0.391886 0.948086 -1.116105
  0.609381 0.205602 0.100641 -0.971877
  0.911787 0.132581 0.961997 -0.976554
  0.433985 0.248141 -2.243223 0.006089
  0.822414 0.892486 -0.660843 -0.289683
  0.601961 0.650372 0.035118 0.234168
  0.240909 0.186807 0.111967 0.496973
  0.579819 0.593040 -1.200831 -0.392529
  0.613114 0.980778 0.705600 0.447914
  0.185335 0.551191 1.071963 -0.264751
  0.262782 0.443744 -0.039516 0.084590
  0.729531 0.810518 0.875699 -0.664226
  0.622547 0.039397 -0.648980 -0.116773
  0.491892 0.435877 -0.657412 0.029802
  0.399946 0.871549 0.490610 1.418168
  0.085375 0.982062 0.246927 1.462479
  0.446518 0.630706 -0.635266 1.834302
  0.678378 0.777475 0.111916 0.754457
  0.279365 0.191834 -1.712493 -0.480032
  0.938197 0.514051 0.207322 -1.121546
  0.667425 0.699036 -0.620086 0.119266
  0.009075 0.227721 0.369487 0.180640
  0.776890 0.423549 0.347910 -0.025244
  0.652046 0.990883 0.307696 -0.140356
  0.897883 0.720614 -0.845706 0.587216
  0.520489 0.718224 0.659102 -0.570663
  0.901543 0.433182 -0.119840 0.738860
  0.918645 0.495890 1.515330 -1.346028
  0.134966 0.974716 0.995775 2.238525
  0.891486 0.499059 1.093349 0.157893
  0.637026 0.111389 0.759277 -0.758814
  0.634166 0.534466 0.014501 -1.128867
  0.262431 0.146785 0.164009 -1.098976
  0.274581 0.091529 1.201565 -0.682832
  0.169172 0.737846 -0.257971 0.266765
  0.145408 0.166739 1.258879 0.302190
  0.887577 0.595684 0.507063 -0.764396
  0.634461 0.754261 0.784747 -1.213704
  0.760127 0.878117 -1.085859 0.191695
  0.403827 0.520517 0.142499 0.045863
  0.620947 0.430333 1.025627 0.545251
  0.547621 0.392005 -0.949270 -1.612291
  0.047344 0.115042 1.165594 -0.517196
  0.713317 0.278976 0.949294 -0.177415
  0.550258 0.102824 1.154114 -1.116665
  0.459836 0.412216 1.526379 0.552049
  0.164676 0.073154 0.475447 -0.028464
  0.491418 0.791517 0.119560 0.109246
  0.971080 0.119423 -0.642905 -1.242128
  0.583432 0.184443 -0.906274 0.885178
  0.567484 0.750888 -1.319202 -0.045424
  0.542040 0.670163 0.991792 -0.730794
  0.492973 0.650829 1.737334 1.854373
  0.769485 0.698295 -0.089873 -0.713309
  0.402447 0.105503 -0.423335 1.797638
  0.890741 0.131660 -0.655285 -0.996142
  0.600033 0.356833 -1.133867 -0.030152
  0.643453 0.189297 -0.860820 0.731216
  0.344165 0.189785 0.795529 -1.074175
  0.276173 0.707182 -0.640417 -0.243971
  0.726408 0.991169 -0.188154 0.687756
  0.832481 0.917629 0.301867 -0.073415
  0.604804 0.417580 0.187395 -0.781253
  0.097017 0.204497 3.550306 -0.749840
  0.624635 0.325206 -1.362248 0.076872
  0.303902 0.300002 -0.831643 0.460858
  0.242099 0.662057 -0.388307 -0.366712
  0.259629 0.616789 -0.206629 0.047316
  0.060209 0.629289 0.024649 0.288268
  0.916244 0.392647 1.179685 -1.678978
  0.282697 0.492948 -0.853824 -0.096604
  0.444862 0.776600 -0.066000 0.701057
  0.808367 0.435259 -0.714562 -0.068076
  0.296967 0.590628 1.147302 -0.576940
  0.216571 0.035413 -0.157788 -0.609282
  0.771005 0.794998 -0.799572 0.607936
  0.425451 0.146379 -0.316884 0.434335
  0.018651 0.263420 -1.312646 0.801386
  0.564968 0.137315 -0.807662 -0.384476
  0.968403 0.956854 1.098540 2.855367
  0.512214 0.733422 -0.982005 -2.016955
  0.830865 0.618015 -0.255868 1.265316
  0.935138 0.830784 -1.879641 0.644523
  0.823041 0.541846 0.044100 -1.470857
  0.348949 0.698224 -1.144753 -0.936055
  0.539823 0.326072 1.416264 -0.302859
  0.217604 0.447396 -0.353320 -0.270593
  0.014230 0.390314 -1.213251 -1.098173
  0.320554 0.897451 -2.047728 -0.489619
  0.837098 0.003654 2.190673 0.026973
  0.913473 0.542569 -0.595904 -1.307527
  0.190294 0.486815 -0.079384 0.298812
  0.825245 0.204534 1.413305 -1.527240
  0.008449 0.098202 1.284919 1.623081
  0.130480 0.864750 0.715038 -0.857105
  0.863554 0.516336 1.681664 -0.694677
  0.591119 0.610375 1.171781 -0.415088
  0.993913 0.893217 0.518494 -0.598940
  0.339644 0.622337 -0.839348 -0.291511
  0.972348 0.676435 -0.355021 0.297326
  0.478853 0.668098 0.126800 0.570760
  0.340435 0.376622 -0.383443 0.443962
  0.287376 0.669562 1.819659 -0.539155
  0.266080 0.685112 -0.190610 -0.133632
  0.910352 0.521158 0.314922 0.189806
  0.123656 0.258736 -0.456179 1.321665
  0.999427 0.934307 0.820055 -0.190910
  0.319395 0.464692 0.223815 -0.055136
  0.355465 0.909299 -1.062517 2.003930
  0.188139 0.176474 0.314840 -0.223948
  0.336985 0.061102 0.330171 -0.996179
  0.740824 0.294893 -1.285427 -1.774653
  0.913706 0.155979 0.053868 0.101705
  0.894540 0.359535 -0.367760 -1.865540
  0.503610 0.906083 1.342463 -0.653456
  0.862584 0.737099 -0.077623 -0.366181
  0.194458 0.391290 1.042462 -1.032589
  0.196087 0.675349 -0.071112 1.178287
  0.414730 0.398951 -1.397796 -0.663409
  0.089552 0.083650 -0.699147 0.595889
  0.948796 0.092991 -0.572058 1.363140
  0.634234 0.996306 -0.780388 0.130673
  0.178875 0.536032 -1.751028 -2.922315
  0.799394 0.025455 -0.386550 0.334013
  0.740767 0.634610 -1.010489 -0.781530
  0.550330 0.287602 -0.552571 -0.424797
  0.976731 0.383863 -0.573719 1.562719
  0.142244 0.648298 0.630896 -1.780456
  0.551031 0.829508 0.457422 0.557291
  0.525819 0.683475 0.560994 -1.046617
  0.598289 0.508456 -0.808245 -0.319106
  0.157474 0.730541 -0.061278 -0.552627
  0.138443 0.137862 -0.272614 1.373783
  0.616529 0.831013 -0.838389 -1.151637
  0.683863 0.478315 -0.467333 -0.847493
  0.807887 0.080400 -1.640864 -1.468400
  0.564850 0.345877 -0.691628 -0.311644
  0.973029 0.874616 -1.197884 -0.436630
  0.450347 0.541921 1.054320 -0.303804
  0.450102 0.059253 0.108035 -0.048016
  0.273709 0.569335 0.701491 -0.100435
  0.396511 0.783345 -0.095642 0.035942
  0.026013 0.356616 0.170001 -0.621701
  0.879568 0.859489 -1.141381 -1.441437
  0.296025 0.542096 1.850036 -1.368934
  0.799610 0.706146 1.345479 1.371736
  0.420453 0.156089 -2.365016 0.457148
  0.321312 0.580469 0.617600 -0.209851
  0.151968 0.117146 0.414311 0.498735
  0.082777 0.975712 0.366521 -0.059489
  0.903128 0.122777 1.352287 -0.791408
  0.668074 0.706175 0.737669 -0.151321
  0.226016 0.460273 0.300220 1.511809
  0.920301 0.146540 -0.163344 -2.011410
  0.948184 0.604712 0.820381 -0.716923
  0.930355 0.244945 -0.694041 0.348361
  0.852400 0.696189 -0.051135 -0.259916
  0.703750 0.262205 -0.071623 0.997181
  0.272017 0.925634 -0.240808 -1.066777
  0.543404 0.351934 1.593311 1.236997
  0.341220 0.806027 0.254743 0.342820
  0.215902 0.375201 0.676465 1.155965
  0.226755 0.866275 -0.053792 0.262311
  0.986387 0.271503 -1.206339 -0.349739
  0.152498 0.966193 0.047886 -0.507404
  0.686480 0.402083 0.167895 -0.668453
  0.744857 0.976511 0.389537 0.420878
  0.118180 0.147628 0.470447 -0.015847
  0.039131 0.387143 -0.606717 -0.590012
  0.166274 0.909275 0.308176 -0.141067
  0.173744 0.859172 -0.402269 1.145869
  0.694472 0.313708 -0.984993 1.511966
  0.769840 0.311162 -0.759248 1.006515
  0.623395 0.644070 1.090858 0.688807
  0.074321 0.933280 -0.155162 -0.247627
  0.855953 0.724901 0.346502 -1.524243
  0.613146 0.539859 -0.747559 0.551427
  0.555570 0.015671 0.631287 0.952422
  0.257372 0.220234 0.192809 -1.518535
  0.907190 0.573251 -1.949626 0.107764
  0.947055 0.544821 0.710025 1.843029
  0.729765 0.002970 -0.772896 -0.185647
  0.060351 0.454856 0.174508 0.809946
  0.064792 0.162739 -0.522898 -0.546400
  0.503408 0.924374 -1.343042 -0.041582
  0.131918 0.604513 -0.617224 -0.765594
  0.470446 0.449427 -0.705130 0.235789
  0.956426 0.180339 1.704134 -0.559861
  0.068077 0.911696 1.135214 -0.123906
  0.377889 0.457457 0.633661 -0.391424
  0.414140 0.696971 -0.960225 0.148036
  0.642500 0.346831 -0.120769 -0.103119
  0.672481 0.882664 0.941154 0.804247
  0.105974 0.055981 0.705872 0.747358
  0.509705 0.708515 -0.390382 -0.156483
  0.471757 0.848099 0.404578 -0.351207
  0.081772 0.739774 0.153305 -0.512447
  0.863191 0.921091 -0.029464 0.182401
  0.115385 0.108862 -0.454675 0.133624
  0.518291 0.441783 0.961338 0.486724
  0.337343 0.497040 -1.820152 0.399702
  0.339303 0.477784 1.164113 -0.203307
  0.329398 0.776906 -1.203561 -0.313552
  0.951721 0.214567 0.001324 0.219692
  0.765961 0.506267 -1.736718 -0.364575
  0.801742 0.472727 -1.386064 -0.343083
  0.213190 0.333381 -0.782954 -0.419582
  0.508276 0.870659 0.923897 -0.864982
  0.766517 0.757696 0.546357 -0.637760
  0.797904 0.250598 -1.857314 0.338796
  0.522719 0.212774 -0.433540 -1.746351
  0.838102 0.824621 -0.635903 0.118162
  0.849855 0.690311 0.022826 0.789679
  0.015161 0.777398 -0.297121 -0.386212
  0.829556 0.122116 -2.125069 1.779238
  0.671997 0.747083 -1.570126 -0.464464
  0.766225 0.441205 0.074450 1.573721
  0.460398 0.066909 -0.135408 -1.010908
  0.753298 0.721561 1.033841 0.358569
  0.210780 0.746852 -0.928257 1.913664
  0.561413 0.435101 -0.987056 -1.547581
  0.880955 0.685673 0.302519 -0.376561
  0.420847 0.366458 -0.204907 0.132000
  0.514405 0.145852 -0.823463 -0.970913
  0.343699 0.630759 -1.500592 -0.209782
  0.468836 0.531743 -1.358415 -0.326360
  0.231069 0.899832 -0.510458 1.499257
  0.233177 0.836119 -0.781844 -0.360905
  0.281846 0.718453 -0.783363 -0.961678
  0.013224 0.860297 -0.298678 0.444526
  0.081912 0.220474 1.018881 0.510703
  0.735875 0.646603 2.305302 -0.551485
  0.079913 0.542872 -0.268831 -0.714457
  0.786076 0.582151 2.979629 -1.550814
  0.114166 0.372315 0.154858 0.557550
  0.034714 0.189825 0.497578 0.199371
  0.494130 0.113742 0.415687 -0.351432
  0.181624 0.100006 -0.249300 0.626005
  0.610606 0.673334 -0.100194 -1.859390
  0.906767 0.257607 0.196499 0.196238
  0.928662 0.835273 1.046159 0.112198
  0.552737 0.965112 -1.265747 1.053816
  0.496774 0.590011 -1.122796 -1.148456
  0.767015 0.809257 0.224921 -2.679106
  0.481473 0.338462 -0.468484 1.796991
  0.755208 0.182765 -0.857532 0.955449
  0.500768 0.604437 0.031711 -0.281863
  0.708140 0.528959 1.589718 0.375706
  0.936557 0.289615 -0.492480 -1.411217
  0.757319 0.533714 1.031793 0.388421
  0.834928 0.355261 0.245619 -0.183910
  0.982356 0.691860 -1.548647 1.162101
  0.192521 0.536278 -0.829050 -0.138223
  0.209687 0.678722 -1.929342 -1.086137
  0.747995 0.872436 -0.519167 -0.435142
  0.414391 0.780386 0.454869 -0.318454
  0.870803 0.050800 0.700966 -1.752973
  0.924790 0.466442 -1.425685 0.830973
  0.721861 0.027272 -0.870405 -0.521975
  0.352082 0.164214 -0.277812 -0.502595
  0.062268 0.185926 -1.788524 0.068882
  0.875771 0.965267 -0.484673 1.360369
  0.078756 0.775370 -2.075071 0.310303
  0.402003 0.195181 0.564513 -2.397181
  0.477652 0.752000 -0.078531 1.342420
  0.341395 0.088408 -0.798187 -0.370584
  0.733069 0.466165 -0.442661 1.750320
  0.832141 0.343874 -1.436399 0.588859
  0.134220 0.226683 0.920289 -0.432044
  0.751805 0.743654 0.093533 -1.765981
  0.787320 0.986626 -3.039319 -2.391245
  0.571957 0.150085 0.005501 0.084506
  0.103519 0.244038 0.973324 1.204979
  0.928864 0.553213 -0.913900 -0.253047
  0.364975 0.353291 0.078875 -0.091121
  0.200331 0.530440 -1.157145 1.289909
  0.835116 0.464538 1.179414 -0.015350
  0.317567 0.357136 -1.947581 -0.256646
  0.886226 0.805918 0.180672 2.058236
  0.974686 0.589193 0.832959 -0.532719
  0.345749 0.664235 0.092526 -0.747395
  0.131208 0.762439 -0.080390 -1.734716
  0.454414 0.215141 0.096862 0.582213
  0.563554 0.232979 -1.608515 -0.357379
  0.725632 0.406861 0.528508 0.286024
  0.969738 0.771144 -0.381443 0.610065
  0.089130 0.066731 0.692514 -0.377460
  0.961442 0.713187 -0.817903 -0.473359
  0.122467 0.201033 -0.452589 -1.139765
  0.701496 0.644732 0.608737 0.087199
  0.992337 0.376037 0.207704 0.377352
  0.940069 0.536054 -0.672061 0.344694
  0.174223 0.475092 0.563072 0.405061
  0.440943 0.401807 1.083900 -1.352526
  0.433096 0.017778 0.154896 0.855826
  0.546033 0.967049 1.648893 1.055188
  0.207418 0.719840 0.188887 -1.035735
  0.026526 0.353037 0.294343 -1.331950
  0.415262 0.904051 -0.065413 0.769257
  0.891645 0.543676 -0.340762 -0.285035
  0.136722 0.684396 1.585731 -0.003580
  0.969452 0.062667 3.124430 0.116622
  0.645835 0.828764 1.211095 0.156859
  0.828471 0.853178 0.270573 -0.284406
  0.362697 0.718738 -0.055923 0.026272
  0.444769 0.964548 -1.295395 -0.217769
  0.781372 0.568408 1.716637 0.716773
  0.626219 0.216100 0.132319 -0.602649
  0.464280 0.577660 0.386392 0.025771
  0.579086 0.076583 1.032842 -0.243500
  0.149872 0.948238 1.608981 0.030133
  0.220325 0.086276 -0.360177 0.518900
  0.523391 0.952256 0.484824 -1.011353
  0.539508 0.102990 1.096364 -0.831448
  0.122016 0.532789 -1.658517 -1.358664
  0.183258 0.201801 -0.719234 0.679885
  0.043511 0.486013 0.778657 0.103016
  0.062246 0.297587 -0.463047 -1.139544
  0.956206 0.130672 0.436004 -0.953529
  0.137582 0.817256 0.323515 0.166569
  0.036754 0.918138 -0.272725 1.585224
  0.993852 0.304867 -1.207815 -1.977406
  0.315797 0.956476 0.769307 1.346680
  0.404647 0.914520 1.250010 1.735279
  0.041886 0.372623 2.278075 0.486049
  0.127960 0.148077 -0.603485 0.627509
  0.388368 0.635258 0.101662 0.606686
  0.420154 0.510787 -0.080446 0.222883
  0.586503 0.324048 0.173222 -1.463062
  0.416877 0.343062 -0.622409 0.466211
  0.593081 0.208581 -0.284944 -0.499247
  0.831711 0.708855 -0.484364 -0.765258
  0.264446 0.472810 0.311252 0.433219
  0.670738 0.683394 0.005362 -0.155792
  0.246826 0.303704 1.508077 0.532839
  0.403769 0.968281 -1.680080 0.791091
  0.067365 0.078623 1.479026 1.003110
  0.681153 0.829393 -1.517841 1.366889
  0.438335 0.252459 0.251863 -2.977721
  0.570164 0.231732 -0.724639 -1.097077
  0.763716 0.396961 -0.781679 -0.143811
  0.016247 0.768919 1.845905 -0.040348
  0.932267 0.134828 -0.165312 0.132184
  0.329817 0.648615 0.511080 -0.149504
  0.423218 0.599799 -0.430576 0.078776
  0.580486 0.220212 -0.564192 1.521530
  0.441749 0.151778 -0.672962 -0.787915
  0.768849 0.566130 -0.390310 -0.502474
  0.877102 0.339191 -0.635403 1.347399
  0.949867 0.465438 -0.418612 -0.502375
  0.892821 0.077728 -0.288526 -0.356779
  0.708244 0.272838 1.321316 0.115861
  0.901157 0.442613 -0.625944 0.881603
  0.376406 0.194935 -0.334682 0.791172
  0.971166 0.470434 1.515641 -0.025286
  0.163328 0.026730 -0.081370 2.909994
  0.513225 0.741332 -0.634740 -0.353631
  0.194667 0.904282 1.358927 0.973310
  0.983859 0.787061 1.065373 0.686858
  0.116549 0.844570 -0.255685 -1.083560
  0.939251 0.232495 -1.579003 -1.234004
  0.633492 0.372511 0.222424 0.006394
  0.678302 0.818081 -0.810382 1.355923
  0.106057 0.884796 0.029017 -1.004828
  0.209484 0.289007 0.739005 1.786034
  0.891555 0.880828 -0.266607 -1.097971
  0.716100 0.301916 0.336704 1.493091
  0.451918 0.594730 -1.799184 -0.721478
  0.539564 0.420584 -1.753898 0.231949
  0.287187 0.832824 -0.599743 -2.324903
  0.660452 0.148255 -1.293335 -0.635383
  0.875032 0.376971 -0.733273 -0.044119
  0.770351 0.061884 -1.154378 -0.344998
  0.630564 0.912673 -0.878759 -0.508955
  0.230858 0.818302 -0.260005 1.558722
  0.415500 0.037089 0.220598 1.201412
  0.247780 0.827848 -1.174877 1.206739
  0.611876 0.415521 -0.253511 0.387292
  0.824923 0.405712 -2.061686 0.015290
  0.163209 0.827666 0.724799 2.783072
  0.806085 0.840459 -0.774280 2.041171
  0.520836 0.809062 0.239184 2.110455
  0.306985 0.944063 -0.628610 -2.101360
  0.313896 0.237089 -0.231584 0.018612
  0.062040 0.434846 0.083501 0.751831
  0.440405 0.875281 1.757061 1.128203
  0.741022 0.700694 -0.605672 -0.189903
  0.806923 0.773705 -1.236773 -0.368735
  0.511077 0.390235 1.378829 -0.415846
  0.079317 0.221503 0.078347 -1.144456
  0.433483 0.579378 0.247734 0.561886
  0.075600 0.965464 1.008063 0.377300
  0.310336 0.218721 0.501256 1.216607
  0.800039 0.812011 1.129865 0.285213
  0.597465 0.087077 -0.954302 -1.426387
  0.826157 0.705834 -0.612210 0.741078
  0.915516 0.984851 1.164208 -1.350726
  0.830949 0.183819 -0.221398 0.089411
  0.852675 0.436039 0.636208 0.194924
  0.328871 0.703380 -0.329008 -0.621940
  0.526004 0.060306 1.669797 0.187413
  0.082824 0.782640 0.218681 -0.410486
  0.299885 0.617881 -2.318610 -0.076040
  0.151116 0.646187 1.960039 -0.547095
  0.437991 0.185744 -0.934305 0.137507
  0.407576 0.740427 -0.322778 -1.672982
  0.372542 0.386239 1.184762 -0.557733
  0.621385 0.072185 -0.714392 -1.645976
  0.057169 0.169854 -0.432335 0.653194
  0.349127 0.760101 -0.448115 -0.903913
  0.886344 0.609931 -1.409511 -0.968325
  0.499803 0.623749 0.824568 0.598597
  0.582963 0.280840 0.288541 2.507182
  0.059693 0.374087 1.647372 -0.742849
  0.378659 0.499731 -0.467166 0.185937
  0.160976 0.364135 0.271658 0.807055
  0.847699 0.305169 0.220647 -0.855166
  0.020150 0.426466 0.808176 0.458119
  0.835719 0.228976 -0.581227 -1.607394
  0.051529 0.721378 -0.995319 0.727467
  0.902107 0.887734 0.693725 0.012500
  0.070851 0.625022 -0.897979 0.630359
  0.417075 0.099047 0.921931 0.080735
  0.536621 0.192277 -0.559333 0.507386
  0.188377 0.229014 -0.635410 -0.083064
  0.992825 0.083879 0.560978 0.017762
  0.696838 0.829301 0.191276 1.322524
  0.966096 0.600242 0.390814 0.820166
  0.265394 0.719780 0.141278 0.974511
  0.852748 0.498284 -0.366347 -0.020771
  0.022760 0.299797 -1.013733 0.686507
  0.268763 0.433475 -0.933144 -1.050105
  0.693189 0.506047 -0.507209 -0.698547
  0.153314 0.229017 1.307724 0.853533
  0.063498 0.481848 1.581167 -0.588717
  0.069955 0.658155 0.724848 1.482089
  0.296847 0.086563 -0.552394 -1.118477
  0.129046 0.888156 -0.420484 0.596949
  0.759957 0.480685 -0.891000 -1.987737
  0.139298 0.654461 -1.814288 -1.370261
  0.988476 0.309628 -0.882163 -1.032472
  0.462473 0.386756 1.301107 0.646493
  0.373286 0.860064 -0.310385 2.738598
  0.616478 0.732616 0.840929 0.992827
  0.501866 0.194024 0.488574 -0.536413
  0.428960 0.529693 -0.361114 0.121924
  0.310711 0.264625 -0.108760 0.331896
  0.015134 0.894083 0.021281 -2.644594
  0.616209 0.704079 -1.952519 -1.568553
  0.354312 0.345315 0.573823 -0.606537
  0.112912 0.900271 0.524793 0.844547
  0.908545 0.671671 -0.657339 -1.156880
  0.671667 0.556959 -0.004622 -0.330382
  0.996978 0.792990 1.177762 0.692931
  0.078780 0.133583 0.794049 0.134106
  0.255649 0.121575 0.701290 0.363333
  0.368772 0.281938 -0.517710 0.657265
  0.715422 0.911416 -1.824681 -0.271707
  0.529258 0.583251 0.341657 -0.105365
  0.438944 0.079149 0.703106 0.784880
  0.411967 0.304395 -1.049375 -0.355655
  0.681939 0.195454 0.549284 0.693710
  0.968689 0.277665 1.057029 -0.122275
  0.779612 0.768671 -0.809116 1.396623
  0.403603 0.679303 0.440647 1.002433
  0.810276 0.190774 1.872814 -0.030641
  0.359765 0.076895 -1.416346 0.263570
  0.082575 0.968057 0.698763 -0.654942
  0.275498 0.597932 -1.139808 -0.159754
  0.098272 0.012481 -0.583755 1.991913
  0.564319 0.320222 -0.867007 -0.784090
  0.331968 0.224976 0.415655 0.090302
  0.277078 0.390774 0.704016 -1.320362
  0.254855 0.265924 -0.707401 0.657280
  0.178093 0.503503 -0.142951 0.296130
  0.200393 0.138926 -0.037843 -1.679027
  0.695470 0.581306 0.317162 1.471147
  0.468878 0.706607 -0.234849 -1.173177
  0.456247 0.323244 0.705176 0.306461
  0.326208 0.137554 -0.557508 0.925768
  0.181526 0.410790 0.855184 -0.975248
  0.266556 0.147043 -0.741765 -0.397303
  0.763488 0.535954 0.226683 -0.377404
  0.780583 0.279173 0.637060 0.949524
  0.453075 0.032685 0.071435 -0.961659
  0.521828 0.569388 -0.222229 -0.019614
  0.075467 0.966747 0.867409 1.288499
  0.060542 0.632082 0.264606 1.743559
  0.640748 0.224536 0.347740 -0.652123
  0.602525 0.410416 -1.451822 0.883451
  0.977066 0.612681 -1.438582 -0.335599
  0.656523 0.310356 1.292525 0.340487
  0.224957 0.050257 1.177665 0.689639
  0.383313 0.386843 -1.127989 -0.606626
  0.181814 0.040177 2.405120 0.151908
  0.383821 0.760712 -1.398943 -0.341619
  0.911526 0.126660 1.177610 -0.575547
  0.834779 0.709948 0.871063 1.002720
  0.808262 0.878284 1.093867 -0.289813
  0.323295 0.289358 0.466499 -0.588409
  0.363461 0.643618 0.053619 -1.367505
  0.928232 0.306712 0.241991 -2.106959
  0.134465 0.604777 1.668494 -0.723018
  0.886539 0.522443 1.269806 -1.004730
  0.244292 0.245031 0.157313 0.168782
  0.818867 0.046261 0.326010 2.431502
  0.021400 0.121350 -0.494056 1.972186
  0.898552 0.066005 -0.029901 0.373602
  0.075161 0.297984 -1.975780 0.435887
  0.668854 0.396868 -0.962301 0.609757
  0.706640 0.968002 -0.001794 -0.367587
  0.018719 0.969139 -1.045092 -0.450400
  0.203712 0.577883 -1.199576 -0.697826
  0.084090 0.615974 -0.674506 -0.286711
  0.924645 0.856430 0.326942 0.143059
  0.367331 0.518672 0.088393 1.153192
  0.259455 0.047882 -0.723703 -0.928921
  0.720542 0.318330 -1.286654 -0.317516
  0.208197 0.688125 0.756601 -1.375280
  0.048648 0.922008 -0.164268 -0.474513
  0.175143 0.303200 0.156761 1.409079
  0.470987 0.531764 -1.220306 -0.233320
  0.226415 0.220076 -0.346179 0.838124
  0.005637 0.706656 0.081137 0.164234
  0.675068 0.351705 -1.934070 0.233733
  0.141887 0.882731 -1.792486 1.189639
  0.150248 0.775396 1.731645 -0.652492
  0.372726 0.536332 0.566155 0.930478
  0.448201 0.702959 0.334388 -1.147866
  0.031900 0.873586 0.525550 0.400499
  0.420138 0.791399 1.076523 -0.554125
  0.175017 0.394921 0.287253 -1.151306
  0.971211 0.370683 0.747015 0.193807
  0.506543 0.388516 1.178768 -1.191949
  0.971670 0.020174 0.784982 -0.693444
  0.950658 0.752471 1.603983 -0.017609
  0.504669 0.174904 -1.329982 -0.451357
  0.168591 0.003727 0.362281 -0.180693
  0.560632 0.541137 0.663184 -0.567679
  0.100568 0.030550 0.866465 -0.328532
  0.716867 0.574858 0.004463 1.536576
  0.591808 0.086207 0.747799 -0.313539
  0.504182 0.849385 0.453169 1.360125
  0.951637 0.289886 -0.132809 0.771634
  0.390501 0.395925 -0.594820 -0.380145
  0.300762 0.463270 0.682699 1.875614
  0.176910 0.600302 -1.075113 -0.873200
  0.166593 0.511341 0.831447 0.269950
  0.688331 0.420352 -0.282762 0.440708
  0.068662 0.554721 -1.443896 -1.962104
  0.252006 0.509155 -1.094094 0.711476
  0.753099 0.962035 0.905545 2.000690
  0.404368 0.667923 -0.380635 -0.953502
  0.070990 0.659319 0.335522 1.927878
  0.384237 0.261533 -1.262949 -0.525077
  0.991907 0.368628 0.047061 -0.629813
  0.484175 0.701385 -0.248035 -1.223129
  0.822514 0.138712 1.220274 -0.034128
  0.096051 0.948898 -0.071156 1.242910
  0.937655 0.040024 1.535425 -0.046909
  0.999023 0.833237 0.917483 -0.006130
  0.476320 0.630091 -1.677164 -0.458859
  0.923902 0.589947 0.623377 -0.102545
  0.154844 0.546044 0.593462 0.640605
  0.007831 0.898543 -0.225667 0.327922
  0.131480 0.485213 1.541238 -0.649524
  0.670793 0.606729 1.198023 -1.486657
  0.232728 0.506324 1.402285 -1.061674
  0.336540 0.926333 -0.499467 0.538579
  0.291124 0.669518 1.098351 -0.546677
  0.694873 0.262799 -0.718386 -2.622681
  0.521732 0.345553 -1.282597 -0.318802
  0.164244 0.543486 1.416917 1.262730
  0.421138 0.677677 0.161998 0.387569
  0.687690 0.743619 -0.281296 -1.030408
  0.015571 0.740912 0.455121 -0.384005
  0.930103 0.875174 -1.774608 0.247921
  0.960411 0.682352 -0.383928 -1.150177
  0.492159 0.033472 0.160852 1.327265
  0.832871 0.988199 0.083772 -0.541102
  0.477790 0.979535 0.298573 1.062317
  0.246299 0.569732 -0.446722 1.129702
  0.365357 0.528861 0.886566 -0.372283
  0.419768 0.694429 -1.155243 0.413608
  0.464724 0.015241 -0.404569 0.707012
  0.837111 0.473709 0.329827 2.142190
  0.886533 0.324551 0.437796 -0.211477
  0.871339 0.623623 -0.660978 1.308853
  0.502000 0.520017 0.780141 -0.391745
  0.025247 0.889613 -0.930629 -0.136296
  0.129681 0.117964 -0.043337 -0.361984
  0.857042 0.906078 -0.960432 2.868322
  0.581191 0.863302 -0.060272 0.769489
  0.723206 0.757860 2.061498 1.110218
  0.835206 0.250222 -0.245159 -0.568585
  0.443079 0.072669 -0.539709 -0.844291
  0.478595 0.999111 1.587628 0.347943
  0.423827 0.993140 -0.417957 0.785536
  0.157124 0.744892 -1.419285 0.585972
  0.727691 0.942339 0.275623 1.482153
  0.862530 0.130657 0.467609 -0.295898
  0.619409 0.005122 1.069125 -0.590656
  0.797563 0.641885 0.977675 -0.811697
  0.946764 0.222389 -0.438834 -0.322128
  0.274460 0.503057 -0.637351 -0.114364
  0.519809 0.106920 0.551257 0.161628
  0.932200 0.178407 -0.397587 0.632450
  0.204128 0.930250 0.422415 -1.251124
  0.440897 0.162119 -0.850941 -0.235858
  0.293304 0.990856 0.595320 1.495236
  0.212231 0.228087 0.156620 -0.205276
  0.743302 0.328775 1.416932 0.203946
  0.871813 0.480342 1.745548 -0.180628
  0.651206 0.900443 0.116906 0.526214
  0.485684 0.260114 0.613507 -2.274840
  0.270078 0.725775 -0.199004 0.527631
  0.818865 0.754153 -1.592592 0.711280
  0.334439 0.435088 1.501633 0.770879
  0.738290 0.386661 0.558218 2.181137
  0.066210 0.499751 -0.074710 -0.357887
  0.692921 0.700545 0.160525 -0.286872
  0.976944 0.691392 1.812308 0.860991
  0.513463 0.626745 -0.628705 0.365346
  0.250342 0.109042 0.748072 0.194686
  0.948488 0.012531 -0.914684 -0.443164
  0.868819 0.918039 0.109447 0.767503
  0.374651 0.149931 -0.929733 -0.846448
  0.076925 0.244686 0.261342 1.869126
  0.770800 0.144058 0.216103 0.160870
  0.517664 0.825760 -0.835332 0.684541
  0.708216 0.104782 0.235529 -0.722984
  0.377298 0.401537 -0.062012 -0.706617
  0.913264 0.712031 -0.053678 -1.148624
  0.633437 0.549923 -0.652156 -0.835412
  0.902727 0.579245 2.055157 0.647229
  0.794738 0.210283 1.313223 -1.362895
  0.407260 0.185473 -2.250423 -1.397867
  0.673178 0.732465 -0.693894 0.032033
  0.022504 0.302011 1.171553 1.025015
  0.995036 0.562909 0.538017 -0.959544
  0.523562 0.292879 0.890881 -0.495673
  0.023437 0.636422 0.379101 0.767031
  0.073899 0.227448 0.767548 0.542496
  0.462626 0.795050 1.391232 -0.996499
  0.488721 0.447935 -0.615514 0.804568
  0.064654 0.701467 0.191785 0.153364
  0.533265 0.156533 0.270277 1.056767
  0.462021 0.149692 2.154256 0.648612
  0.909762 0.267513 1.024581 0.253066
  0.380790 0.611583 0.120050 -0.058032
  0.108979 0.381796 1.071091 1.180161
  0.904107 0.846967 0.057794 0.763249
  0.851761 0.290539 0.918591 1.150098
  0.474861 0.787109 0.654278 -0.953855
  0.162536 0.651130 -0.988313 -1.302813
  0.529150 0.870194 0.268687 -1.081455
  0.631329 0.773513 -1.389495 -0.283282
  0.085729 0.695472 -0.558280 -0.517159
  0.142174 0.638307 -1.047954 0.633734
  0.432894 0.137013 -0.751236 0.927272
  0.653643 0.735581 -0.755454 0.365757
  0.605682 0.513014 1.521514 0.556378
  0.028584 0.636168 -0.934324 0.967289
  0.713031 0.376628 -0.466326 -0.229057
  0.018389 0.390625 0.193832 -0.842630
  0.861512 0.832182 -0.061621 0.685070
  0.467656 0.966427 -0.141997 1.092842
  0.279315 0.216872 0.036349 0.619609
  0.661667 0.931545 -1.235315 0.342210
  0.514632 0.672370 -0.940961 0.082125
  0.580010 0.482836 -0.564942 0.868890
  0.466215 0.711212 -0.086098 0.115429
  0.910819 0.980758 -0.162576 -0.346122
  0.710199 0.251924 -1.546390 -0.508054
  0.422614 0.624805 0.437547 -0.135556
  0.994911 0.096982 -1.131599 0.426431
  0.574549 0.217996 -0.496591 -0.742028
  0.589377 0.380233 1.330006 0.974403
  0.269015 0.437720 -0.528583 1.141577
  0.349519 0.909846 -1.277775 -0.476351
  0.638958 0.158384 -1.832896 0.078344
  0.968456 0.416275 -0.660532 1.072035
  0.067648 0.558006 -0.057244 -0.017286
  0.588007 0.280876 1.714752 0.471686
  0.143539 0.236022 0.809158 0.189234
  0.407743 0.948193 0.593971 0.463231
  0.290264 0.630258 0.717043 -0.226410
  0.289003 0.103755 1.211680 -0.027244
  0.912494 0.462061 2.254208 -0.538781
  0.052887 0.559133 0.857432 1.858071
  0.043188 0.026789 0.049373 -0.410861
  0.130181 0.098488 -0.231194 -0.389242
  0.133879 0.257389 -1.269699 1.514426
  0.539606 0.155091 0.661749 0.893718
  0.953832 0.869836 0.594464 -1.610981
  0.166503 0.525466 0.239295 0.859685
  0.549509 0.795629 1.032482 -2.160802
  0.109630 0.018382 -0.890225 -0.785850
  0.800908 0.906148 1.068180 0.162090
  0.316274 0.742494 0.079729 -0.390398
  0.802291 0.899990 -0.175487 1.499433
  0.028527 0.493426 -0.768817 -0.990536
  0.800379 0.461322 -2.135836 -0.797199
  0.295206 0.689961 1.794869 -0.450749
  0.409174 0.310534 -1.163283 -0.756176
  0.741792 0.177632 -0.820731 -1.344555
  0.507957 0.780991 0.232012 -0.474650
  0.690451 0.975417 2.082063 0.719813
  0.154792 0.984722 -0.137374 -2.627946
  0.735102 0.889286 0.034904 -0.130394
  0.023867 0.459021 -0.026039 1.114600
  0.031592 0.854349 -0.117623 0.301226
  0.451738 0.439186 -0.628229 -0.416878
  0.450091 0.688802 1.114831 0.359224
  0.062562 0.667827 -0.948025 0.519781
  0.182465 0.744576 1.716127 -1.280544
  0.994325 0.508239 0.760380 -2.721759
  0.330360 0.646499 0.657987 2.196779
  0.273273 0.520401 1.997844 1.383053
  0.472023 0.685542 -0.365405 1.692115
  0.623154 0.567819 2.223411 -0.359391
  0.691865 0.940563 0.195884 0.632209
  0.038534 0.573646 0.849603 -0.350958
  0.684434 0.030698 1.536678 0.147755
  0.568644 0.594162 0.955917 2.305455
  0.137944 0.335180 1.451801 -0.985386
  0.493465 0.023234 -0.418808 -1.024069
  0.594616 0.498782 -1.344647 -0.559519
  0.155154 0.226672 0.429435 -0.342465
  0.058697 0.715175 -0.023095 -0.892015
  0.136477 0.131804 1.594914 -0.654045
  0.892119 0.793201 0.239991 0.167263
  0.012481 0.630617 -1.125899 -0.023553
  0.952707 0.975890 -0.319378 1.259972
  0.241845 0.985879 -0.348391 -0.552459
  0.218614 0.866043 -0.218361 0.527007
  0.435330 0.953447 -0.898901 -1.357702
  0.914799 0.014075 0.024535 0.212986
  0.079625 0.417072 0.940454 0.184113
  0.719519 0.837134 -0.061618 1.355444
  0.397517 0.608660 -1.930212 -0.631530
  0.114814 0.071586 -1.402739 -0.824637
  0.561090 0.841544 1.413836 1.833466
  0.286153 0.146360 0.564193 1.254727
  0.972710 0.346710 -0.721425 0.121538
  0.022097 0.981834 -0.988911 -1.682896
  0.183617 0.233961 1.463934 1.244236
  0.962350 0.448272 0.047558 -1.296573
  0.581589 0.851017 -0.170724 -0.522439
  0.581971 0.170614 -1.258221 0.017442
  0.039368 0.702803 -0.198804 0.177337
  0.581872 0.680012 -0.417512 0.807222
  0.874934 0.920446 -0.008425 -0.060394
  0.884484 0.244909 0.205327 -1.471567
  0.379598 0.991976 -1.440897 0.529307
  0.192285 0.561807 0.136016 0.493965
  0.608201 0.300436 -0.191319 0.441506
  0.293866 0.911103 -1.560993 0.584039
  0.544020 0.061780 1.291940 -0.286223
  0.351148 0.322983 0.930408 -0.356449
  0.096777 0.901174 -0.211947 0.877988
  0.079890 0.919179 0.244934 -0.338495
  0.465168 0.758639 2.017263 -1.330557
  0.745580 0.794038 -1.724614 0.841748
  0.993723 0.599203 2.357043 -0.278017
  0.150082 0.668238 -0.546137 0.870424
  0.682694 0.102045 0.219057 -0.060815
  0.485486 0.968717 0.072073 -1.123538
  0.255572 0.510079 -0.898453 -0.292496
  0.543078 0.162748 -1.253578 -1.186406
  0.308553 0.305768 1.695055 0.592945
  0.344621 0.059330 0.645874 -1.547812
  0.984309 0.385562 0.647107 -1.132220
  0.497439 0.070694 -1.982877 0.120603
  0.507709 0.148940 -1.246031 -1.628169
  0.632551 0.595391 1.621557 -0.702849
  0.324617 0.649499 0.237460 0.353339
  0.930519 0.972800 1.024688 -0.707599
  0.151439 0.445122 0.897611 1.017476
  0.069829 0.817497 -0.300856 -2.322682
  0.677387 0.229858 -0.882611 -1.683322
  0.121370 0.990061 -0.510449 -0.876473
  0.069432 0.361059 -1.471280 -0.125126
  0.480048 0.282335 0.358613 -0.225934
  0.746303 0.692956 -0.767661 0.243527
  0.684691 0.490534 1.485716 -0.729312
  0.165140 0.970860 -0.214717 0.715961
  0.504508 0.534727 -0.165856 -0.827108
  0.204195 0.784965 0.353954 -0.940312
  0.549710 0.271901 -0.857300 -0.951452
  0.306631 0.108877 -0.073492 -2.266242
  0.719609 0.440039 -0.183409 0.262886
  0.736194 0.076587 0.861859 -0.113956
  0.754598 0.233352 -0.230727 -0.233420
  0.547064 0.565614 -0.334193 -0.219743
  0.995092 0.933672 1.292105 -0.689924
  0.667036 0.749743 -0.893158 -0.582585
  0.027070 0.903061 0.044618 -0.761369
  0.001920 0.998731 -0.569839 0.182834
  0.087562 0.490091 0.833033 -2.638521
  0.692556 0.595860 1.460696 -0.402919
  0.779687 0.221175 0.452235 0.280275
  0.781524 0.431971 -1.065794 -0.454575
  0.826872 0.550522 -0.312671 1.281967
  0.950550 0.885353 -0.539964 -1.569572
  0.565184 0.053054 0.521166 0.229643
  0.587718 0.430627 0.132293 -0.014079
  0.485305 0.492987 1.277419 1.181923
  0.703759 0.157759 0.501979 0.109560
  0.057967 0.092747 -0.746408 -0.681183
  0.318057 0.771370 -0.776563 -0.165205
  0.594259 0.354390 0.839729 0.199670
  0.861892 0.566682 -0.610730 0.733860
  0.311068 0.680637 -1.331841 0.482071
  0.238409 0.754761 0.182912 -0.969076
  0.717445 0.505938 -1.001127 1.341949
  0.817953 0.958785 1.574282 0.437940
  0.131418 0.632883 -1.481003 0.806746
  0.178774 0.868012 1.204622 0.113816
  0.302065 0.425787 0.527299 0.237331
  0.301629 0.249631 -0.982743 3.247599
  0.698494 0.820505 -0.373543 -0.075244
  0.925831 0.301124 -0.057380 -0.686614
  0.803577 0.465349 0.457078 0.348411
  0.250613 0.848177 -0.875189 0.672390
  0.762736 0.224751 1.111505 0.825172
  0.517033 0.421602 0.398426 -2.377337
  0.773038 0.065113 -1.372789 0.257297
  0.503229 0.634937 0.857836 -0.100624
  0.697923 0.773678 -1.005142 -0.165665
  0.426439 0.623930 -0.222569 1.443308
  0.620830 0.791943 -0.725982 -0.158235
  0.593180 0.735938 0.316819 0.817850
  0.260204 0.497492 -0.028999 -1.518723
  0.865831 0.436627 0.885956 -0.805328
  0.388016 0.854373 0.351919 1.549769
  0.187820 0.477172 1.950185 1.197439
  0.114559 0.971457 -0.705816 0.273267
  0.975247 0.920894 -0.054464 1.806045
  0.883290 0.772862 -1.742658 2.535192
  0.993414 0.058146 -0.167903 -0.794281
  0.666638 0.136605 0.751123 0.703996
  0.948663 0.975395 2.014199 -1.112769
  0.722018 0.164919 1.193304 -1.274930
  0.342847 0.120186 0.764152 -0.105488
  0.382855 0.423732 0.088143 0.757870
  0.778141 0.136935 1.880152 0.188064
  0.436945 0.328733 -0.273367 0.931507
  0.798803 0.563881 -0.478216 1.931688
  0.038426 0.287587 -0.267591 0.620897
  0.288284 0.745311 -1.175915 -1.362114
  0.968097 0.475215 1.427967 -1.373211
  0.776080 0.352740 -0.885505 -0.891394
  0.840269 0.201879 0.905828 0.950092
  0.181299 0.095206 1.716002 -0.704538
  0.810741 0.995144 1.697141 1.618936
  0.019688 0.680996 -1.726855 0.789492
  0.012051 0.682735 -2.919227 1.481518
  0.266543 0.088498 -0.872747 -2.022454
  0.239704 0.679122 0.534409 -0.334174
  0.460784 0.947491 1.365819 1.167884
  0.601113 0.598573 1.095436 0.297402
  0.142184 0.234549 -1.454491 -0.754234
  0.077261 0.103531 -1.246175 -0.069064
  0.941626 0.854863 0.307133 -0.331286
  0.623195 0.534686 0.583978 -0.936778
  0.693074 0.107153 -0.234747 2.600191
  0.400801 0.638040 1.229973 -1.008644
  0.409913 0.447046 -0.142019 1.131181
  0.568413 0.899962 0.569493 1.091167
  0.730162 0.145910 0.898717 -0.961043
  0.143636 0.280844 1.616721 1.515053
  0.336309 0.166758 -0.487829 -1.408086
  0.955998 0.464538 -0.210734 -0.492216
  0.199245 0.936544 -0.543645 -0.034642
  0.628095 0.132450 0.703256 0.256755
  0.489059 0.258409 2.627341 0.910443
  0.632508 0.127234 1.975727 1.988737
  0.791150 0.736884 1.060883 0.537145
  0.260609 0.208888 0.758890 -0.859027
  0.416465 0.737334 0.647867 -1.319634
  0.920372 0.511728 -0.217261 0.434489
  0.729253 0.989039 -1.100397 0.295360
  0.447772 0.061174 -1.500407 2.000469
  0.462597 0.558066 -1.199675 -0.115100
  0.530084 0.858371 0.547457 -0.228459
  0.093475 0.541099 0.100950 -0.077693
  0.130238 0.650106 -0.352069 0.060503
  0.276825 0.587085 0.049730 0.051149
  0.760003 0.303201 -1.139126 -1.684075
  0.573481 0.058568 -0.334598 -1.337554
  0.641913 0.086952 0.857788 0.430391
  0.114402 0.563669 -0.541943 -1.385320
  0.307709 0.904062 2.190244 -1.341338
  0.968691 0.181955 -0.563658 -0.535452
  0.600004 0.102120 0.710631 0.616382
  0.297906 0.118228 -1.723041 0.331441
  0.752213 0.729180 0.205622 -1.218290
  0.281049 0.821234 -1.283753 -0.376777
  0.274649 0.675470 1.310400 1.742711
  0.267880 0.063584 0.221302 -0.007573
  0.722738 0.799940 -0.462866 0.090976
  0.161571 0.519455 -1.092613 0.403054
  0.578393 0.667883 -0.666771 -0.379476
  0.626150 0.064245 -0.398995 0.750616
  0.948784 0.462865 0.868281 0.086733
  0.506430 0.597884 1.091125 -0.848429
  0.109007 0.851563 1.556377 0.417216
  0.428234 0.055772 -0.291026 0.476303
  0.862213 0.015320 -1.567090 0.676374
  0.717376 0.929387 -0.665031 -1.162509
  0.812240 0.422286 0.560968 0.694150
  0.386191 0.692844 0.158025 -0.900300
  0.758598 0.550278 1.070118 -0.552081
  0.077031 0.320412 0.850341 -0.469350
  0.377117 0.534251 1.019930 -0.487422
  0.787934 0.877206 -0.288597 1.410379
  0.759450 0.360621 -0.324824 -0.959636
  0.454309 0.773196 0.315993 -0.220111
  0.020812 0.043870 -1.252851 -0.687522
  0.762324 0.368065 -0.106706 -0.444847
  0.341314 0.386521 2.291700 1.989509
  0.068395 0.476962 0.105959 0.489652
  0.310797 0.931227 -1.111307 0.147660
  0.492902 0.027776 0.077461 0.359998
  0.331814 0.101479 -1.288364 -0.481571
  0.049180 0.300891 1.069209 0.472052
  0.281211 0.423017 -0.594246 1.678448
  0.697031 0.371989 0.898385 -0.119003
  0.464319 0.052239 -1.023217 0.445076
  0.362702 0.410411 0.247349 -1.986802
  0.523054 0.932169 -1.722258 1.380812
  0.880305 0.913495 -0.200595 0.663572
  0.994611 0.126270 -0.053407 1.086412
  0.970290 0.897230 -0.119531 -1.450091
  0.096173 0.876194 0.271391 0.195960
  0.263276 0.187978 -1.376508 1.154376
  0.296517 0.434434 0.252371 -1.227790
  0.541518 0.186189 1.404911 1.116702
  0.915508 0.313709 -0.690448 -0.343962
  0.382675 0.717140 0.267393 0.021852
  0.864431 0.398881 1.136410 0.636713
  0.485053 0.271449 0.084749 0.419254
  0.492985 0.723288 -0.018418 -0.775069
  0.904734 0.744318 0.552365 1.897702
  0.933657 0.008537 1.013210 -0.865109
  0.288034 0.886469 0.192251 0.818580
  0.071443 0.724721 -0.172572 -0.367889
  0.898405 0.609195 1.830836 -0.610937
  0.475890 0.322331 0.567589 -0.077909
  0.424579 0.870113 -0.356248 -0.244379
  0.546312 0.832412 -0.253790 0.035819
  0.354443 0.860935 -2.424204 0.870387
  0.733470 0.778497 0.922077 -1.259027
  0.462694 0.996943 1.713472 -0.601707
  0.589963 0.908822 -1.848793 -1.983229
  0.393946 0.849864 -0.709760 0.803782
  0.145362 0.812986 0.288725 0.480473
  0.378462 0.921509 1.732727 -1.548460
  0.999704 0.348406 -2.073286 -0.741252
  0.234136 0.740833 -2.368825 -0.802528
  0.761056 0.299493 1.612224 -0.730280
  0.170583 0.947010 -0.759622 0.917521
  0.150094 0.310018 0.926265 -1.005224
  0.210778 0.142804 1.783942 0.020581
  0.542380 0.929746 -0.070866 -1.287904
  0.846742 0.062399 -0.059547 1.459680
  0.482476 0.265756 -0.685112 -1.590329
  0.659110 0.515467 1.101456 -0.682829
  0.616667 0.112127 0.803576 0.163051
  0.065596 0.029226 -0.777989 -0.638647
  0.619246 0.105333 0.798366 -0.542582
  0.844564 0.245273 1.535814 1.158673
  0.586123 0.389949 1.681164 1.297019
  0.431917 0.157608 0.251015 -1.158173
  0.212835 0.654646 -0.953415 1.937859
  0.876284 0.620596 1.262482 -0.154722
  0.280930 0.857518 0.352667 1.824461
  0.347879 0.390764 0.065049 1.454675
  0.650475 0.052322 -0.040014 0.612570
  0.331464 0.057088 1.432165 -0.298474
  0.875200 0.682962 -0.674365 -0.773394
  0.146232 0.882410 -0.480741 -0.950013
  0.172531 0.852904 -0.629550 0.051127
  0.917293 0.513918 -0.277053 -0.369923
  0.981274 0.386451 -0.709007 1.595607
  0.284294 0.496985 1.472842 -0.144015
  0.329262 0.483229 1.023678 0.277589
  0.999723 0.872153 0.327998 0.284921
  0.370965 0.214118 0.241656 0.053466
  0.832422 0.455339 0.441027 -0.371012
  0.918787 0.340147 0.291273 -0.047152
  0.375563 0.673605 -1.095478 -1.672387
  0.894183 0.275256 -0.385941 0.632889
  0.771658 0.213640 1.538593 0.832586
  0.249665 0.663509 -0.271965 -1.565892
  0.534183 0.015710 -2.805521 -0.270751
  0.654002 0.253023 -1.587460 0.455228
  0.610175 0.822224 0.189421 0.836111
  0.969428 0.798152 0.197465 -0.836361
  0.538611 0.579579 0.015137 -0.111201
  0.027437 0.515528 -0.222671 -0.123034
  0.660240 0.544711 -1.328047 -1.978316
  0.558907 0.821272 0.645778 0.640449
  0.619637 0.423533 -2.192802 0.559601
  0.996277 0.005498 1.694468 0.187323
  0.049289 0.378226 -0.237206 -0.836976
  0.721045 0.840719 -0.624919 0.823940
  0.241411 0.271556 -0.512010 0.167285
  0.058003 0.712342 0.853900 -0.077092
  0.741908 0.977374 1.283953 1.088741
  0.308885 0.129148 0.807252 -1.088266
  0.734111 0.708167 -0.732167 -0.429073
  0.543743 0.754094 2.125135 -0.651721
  0.878528 0.548756 1.721757 -1.883700
  0.636813 0.432911 -0.768097 1.204084
  0.344874 0.218573 -0.384477 -1.356420
  0.422224 0.143032 -0.363279 -0.738786
  0.052407 0.876034 -0.754234 1.103426
  0.277417 0.331875 -0.594209 -0.019282
  0.101139 0.470662 0.601381 -1.093988
  0.349430 0.701837 -1.634979 -0.209334
  0.660675 0.327191 0.344860 1.584476
  0.264449 0.030562 0.677312 -0.507660
  0.566637 0.388977 0.088638 -0.215703
  0.300228 0.964841 -2.091085 0.806209
  0.891651 0.811392 -0.881556 -0.166653
  0.310238 0.442922 -1.260341 0.698738
  0.489549 0.315253 -0.522939 1.408255
  0.156935 0.027357 -0.329943 -0.410994
  0.476306 0.599831 -0.870994 -1.149664
  0.673363 0.279096 -0.120317 -0.065825
  0.267103 0.684463 -0.675045 -1.403349
  0.349991 0.433678 0.924685 0.101323
  0.211800 0.662632 0.174412 1.507583
  0.934319 0.409363 -0.082660 0.029805
  0.327563 0.025650 -0.468478 0.872915
  0.210725 0.434867 0.724818 0.513374
  0.176902 0.425442 0.034453 1.038174
  0.277146 0.520619 -0.736044 0.013710
  0.399120 0.082305 -0.857202 0.881914
  0.887320 0.737272 0.312998 -0.236804
  0.266101 0.984480 -1.498903 1.754327
  0.809559 0.003406 1.171171 -0.430249
  0.729447 0.338204 -0.393712 -0.795061
  0.047578 0.398548 2.251577 1.646340
  0.682798 0.379508 2.081518 1.346484
  0.197116 0.130178 -0.008823 1.139615
  0.275732 0.737413 -1.289127 1.197153
  0.106546 0.963311 0.301240 -0.682561
  0.713930 0.259524 -0.665910 0.167884
  0.189973 0.132180 -0.041544 1.234246
  0.781929 0.065942 -0.184696 0.351830
  0.887553 0.496196 -0.566640 -0.849300
  0.246766 0.836615 0.557818 -1.457928
  0.577703 0.987879 0.825476 -1.294456
  0.967641 0.502486 -0.934392 -0.705405
  0.648514 0.221811 0.470124 1.253155
  0.688407 0.036404 -0.302741 0.281121
  0.079878 0.150776 -0.805273 0.179431
  0.511017 0.236156 -1.091186 -1.603573
  0.989797 0.107423 -3.561652 -0.344632
  0.983042 0.795637 2.240975 -0.287197
  0.764616 0.255484 1.516480 0.662612
  0.471837 0.656309 -0.564692 -1.549370
  0.231264 0.647438 0.466332 -0.705313
  0.645921 0.781230 0.826230 -0.497944
  0.607621 0.840537 -0.630447 1.325560
  0.892905 0.466498 0.473626 0.294533
  0.040931 0.370234 -0.869708 -0.001424
  0.352533 0.919498 0.071158 -0.770112
  0.039050 0.110673 -0.364742 1.043488
  0.448167 0.580278 -0.746220 -0.634262
  0.287056 0.122869 -0.640996 -1.107816
  0.856411 0.918116 -0.354767 -0.777036
  0.566296 0.580895 1.286057 -1.671435
  0.199372 0.667250 1.501981 0.343057
  0.978043 0.370427 -0.228954 -0.642785
  0.807156 0.323743 0.122080 0.477803
  0.145379 0.614945 0.527019 0.045269
  0.122921 0.809623 0.209881 1.162530
  0.006518 0.084247 0.024469 0.449308
  0.119238 0.655330 -0.050386 0.446666
  0.135268 0.947125 0.086346 0.520405
  0.640193 0.642647 0.244636 0.788733
  0.236961 0.732732 -0.792084 1.609020
  0.762581 0.520632 -0.047239 -0.875402
  0.349226 0.487539 1.152737 -1.892001
  0.287952 0.337981 -1.210791 -0.999392
  0.282165 0.888634 2.070779 0.381343
  0.605864 0.263147 -0.682509 0.780295
  0.778497 0.406867 -1.090969 -0.746556
  0.201326 0.242960 0.217888 1.991268
  0.642037 0.406520 1.916135 0.857390
  0.878357 0.721131 -0.677569 -0.204134
  0.682213 0.228236 -0.138610 -1.286571
  0.668127 0.311433 -0.521564 -0.402714
  0.239075 0.215623 0.893945 0.738241
  0.753136 0.737097 -2.127203 0.174867
  0.377599 0.719448 -0.266908 0.037218
  0.219909 0.210666 -1.977753 -0.544225
  0.214823 0.094537 -0.814064 0.788802
  0.934258 0.444983 0.255602 -0.304639
  0.646257 0.535918 -0.703968 -1.342131
  0.484038 0.088439 0.729591 -1.424783
  0.549254 0.653526 -0.080081 -0.309894
  0.352882 0.925867 1.916712 0.158931
  0.030575 0.076692 -2.235556 -1.630732
  0.266850 0.414506 0.584245 -0.281042
  0.787836 0.937084 -0.215410 -0.820330
  0.498586 0.440097 -0.426628 -0.079707
  0.572330 0.897788 -0.635183 -0.720314
  0.242116 0.007697 -0.671521 -0.143238
  0.510102 0.344772 1.362842 0.787003
  0.560036 0.893068 -1.685962 -0.870756
  0.309938 0.882392 -0.994544 -0.117562
  0.250137 0.921887 0.668670 -1.673878
  0.568781 0.281769 -0.205533 -0.720640
  0.517901 0.627831 1.047691 -0.919183
  0.247267 0.093441 1.734964 0.239906
  0.418258 0.438792 1.157362 0.012826
  0.836668 0.684700 -1.254615 -0.512281
  0.542347 0.592272 -0.080484 0.886682
  0.687364 0.605347 0.010827 0.333806
  0.533969 0.225982 0.374870 -0.236093
  0.398829 0.425847 1.282051 1.037818
  0.018769 0.905570 1.343299 -0.308002
  0.426465 0.547698 1.059472 0.963268
  0.684971 0.815575 0.987939 0.228831
  0.692978 0.607896 -0.263562 0.144713
  0.520742 0.858629 -0.192407 -0.054785
  0.280884 0.579464 0.185357 -0.310612
  0.481914 0.704020 -1.283035 0.509881
  0.189163 0.114049 -1.116056 1.098044
  0.746780 0.877815 0.746715 -1.302209
  0.741326 0.789423 0.515473 0.594262
  0.780172 0.454618 0.162890 -1.053710
  0.603680 0.159813 -0.843197 1.070815
  0.687624 0.804702 -0.659499 0.816157
  0.780404 0.833102 -0.167433 0.067342
  0.274019 0.302158 0.950756 0.093224
  0.339816 0.043074 1.438403 -1.475533
  0.920433 0.213614 1.168757 0.497605
  0.059686 0.365913 -0.130169 0.267946
  0.930259 0.757389 0.726444 0.210031
  0.795488 0.085548 -1.001884 -2.100392
  0.128814 0.231257 -0.192505 0.906770
  0.850170 0.644102 0.427853 -1.380791
  0.620787 0.225273 -1.226968 0.368037
  0.890424 0.516972 0.855611 -0.386184
  0.982584 0.816884 0.225402 0.932814
  0.042558 0.028677 -0.129105 1.464107
  0.620610 0.621635 -2.067303 0.217250
  0.510889 0.961198 0.531632 1.858143
  0.538786 0.648341 0.399770 -0.394675
  0.288081 0.896540 -0.183480 0.985933
  0.907261 0.592739 -1.246376 -1.802261
  0.382187 0.925092 0.765682 -0.900504
  0.968733 0.580765 0.310641 0.234988
  0.979057 0.910727 -0.433953 1.236497
  0.272192 0.674362 -0.429707 0.925927
  0.427489 0.181071 -0.442572 -0.676044
  0.858512 0.666249 0.009838 -0.324063
  0.429284 0.604407 0.003349 -0.929339
  0.503815 0.295117 -0.941954 -0.018267
  0.715126 0.192136 0.248345 0.525610
  0.858836 0.818628 0.671457 2.293088
  0.556169 0.586996 -0.867412 -0.313838
  0.741407 0.589458 -0.595239 0.423677
  0.581201 0.269061 1.173030 1.001936
  0.960443 0.657269 -0.625772 -0.235110
  0.526800 0.157114 -0.242895 -0.140205
  0.814868 0.753955 -0.353224 0.930556
  0.561404 0.026217 0.295803 0.283781
  0.387084 0.379346 -1.547613 0.506931
  0.630245 0.353126 -1.140074 0.706926
  0.887959 0.198721 0.038936 1.098878
  0.538284 0.908829 -2.509944 -0.994112
  0.480196 0.542885 1.614667 -0.658966
  0.394726 0.259165 0.088446 1.253262
  0.580797 0.940262 0.141814 -0.868530
  0.720117 0.793340 1.031055 0.234721
  0.528253 0.157618 1.711491 1.625766
  0.766809 0.802398 -0.250968 -0.458120
  0.199226 0.611702 -1.155785 0.849929
  0.769969 0.047469 -0.237182 -0.311020
  0.961862 0.428274 0.164176 0.966568
  0.969609 0.729888 -0.335165 -0.543638
  0.460736 0.287269 1.460350 0.439800
  0.487974 0.111822 1.630693 1.079706
  0.895482 0.739759 -0.587635 -0.222231
  0.475174 0.286687 2.117129 -1.263754
  0.716507 0.358334 -0.101434 -0.380278
  0.870698 0.125509 -0.537534 -0.034531
  0.067372 0.658751 -0.395371 0.804940
  0.009549 0.037124 -0.112682 -0.326201
  0.709904 0.966531 0.624265 1.154892
  0.446028 0.784662 0.775437 -0.217034
  0.530295 0.266609 -1.531450 -0.955618
  0.104183 0.186974 0.083763 -2.501720
  0.485729 0.792523 0.358218 -0.681078
  0.377048 0.382289 1.721223 0.119974
  0.897111 0.920852 0.131275 0.490462
  0.914804 0.017074 -0.317324 0.922944
  0.557376 0.106941 -0.419459 0.004764
  0.055581 0.374920 -0.103830 -2.357529
  0.547412 0.926370 0.520309 -0.835058
  0.127382 0.576961 0.302382 1.613132
  0.780252 0.328382 -0.570682 0.014502
  0.475696 0.237381 -0.834095 0.776162
  0.576421 0.838451 0.733035 0.636768
  0.056797 0.348522 0.782452 0.876059
  0.876993 0.064179 1.420459 -0.365251
  0.252439 0.993111 1.237444 0.216873
  0.166099 0.145799 -2.058803 -1.731762
  0.577761 0.417292 -1.976211 1.096636
  0.278614 0.867848 0.248866 -1.198578
  0.988029 0.839800 -1.729211 2.131118
  0.789641 0.561765 1.365045 1.415117
  0.966510 0.539384 -0.250843 0.909706
  0.101895 0.921570 -1.042929 -0.654173
  0.487562 0.661029 2.080805 -0.013468
  0.866028 0.506405 0.387387 -0.539847
  0.268983 0.309118 0.101004 -0.159663
  0.439765 0.108370 -2.961622 1.142489
  0.991917 0.071686 -0.368346 0.163436
  0.236092 0.232419 0.006107 0.919161
  0.732835 0.766682 0.588405 1.072148
  0.329792 0.291849 -0.138914 0.984757
  0.649317 0.816085 -0.934537 -0.419100
  0.068475 0.858906 -1.406923 1.084521
  0.246330 0.157368 -0.315668 -0.421849
  0.516347 0.582107 1.131811 -0.401430
  0.354475 0.928480 0.248781 -0.214983
  0.991988 0.106879 1.158147 0.640342
  0.987317 0.025918 -0.244695 1.993135
  0.746305 0.433188 0.253886 -1.333849
  0.950318 0.806021 0.113893 -2.024676
  0.291939 0.948307 0.369485 -1.236112
  0.852234 0.319710 -1.396679 -0.714081
  0.541305 0.535359 0.552234 0.669024
  0.876258 0.577303 -0.148744 -0.110802
  0.441772 0.080181 1.382190 -0.628998
  0.398344 0.696664 0.088297 0.163078
  0.773761 0.273770 -0.901045 -1.661358
  0.545701 0.103654 0.040238 0.544174
  0.842753 0.936137 0.589888 1.029541
  0.268990 0.745440 1.163343 -0.759342
  0.600703 0.566073 -0.720180 -0.735710
  0.638938 0.518598 0.577016 -1.794998
  0.771691 0.754834 0.109319 -0.025323
  0.122034 0.243815 -2.147082 0.189890
  0.890705 0.539146 -1.059746 0.688052
  0.410876 0.976065 -0.013514 -0.710614
  0.756772 0.633495 0.726445 -1.016849
  0.744908 0.791603 0.716107 -1.072445
  0.266483 0.300891 -0.887060 0.265624
  0.311253 0.562884 0.439885 -0.089059
  0.873522 0.683277 0.915779 -1.463276
  0.040769 0.576118 -0.020496 -0.508023
  0.338700 0.080960 -0.786407 -0.371018
  0.737533 0.428500 -0.043165 -0.225464
  0.209778 0.145544 0.692822 1.691016
  0.502459 0.219069 -1.080456 0.733433
  0.883375 0.513923 1.704989 0.413058
  0.939145 0.304308 0.107012 -1.436123
  0.873036 0.914079 -0.311081 1.962571
  0.060393 0.667927 0.208169 0.862754
  0.312702 0.628830 -0.591681 -1.702624
  0.612814 0.968025 0.351068 0.266892
  0.324823 0.470583 0.828465 -0.343905
  0.187409 0.880246 1.244589 -1.282369
  0.526255 0.399394 0.115028 -1.234380
  0.334253 0.003089 0.323939 -0.306534
  0.908063 0.041279 -1.058990 0.011620
  0.436556 0.286973 -0.085296 1.636417
  0.769415 0.986435 -2.265023 0.987542
  0.254353 0.283760 0.524690 -1.192300
  0.859844 0.063604 -0.258349 -0.700086
  0.626317 0.101927 1.313455 0.760986
  0.625816 0.521740 -1.128026 -0.862110
  0.029514 0.526025 -1.629064 1.601359
  0.806156 0.469944 -2.346707 0.735837
  0.969526 0.960777 -0.562133 -0.150948
  0.491439 0.371812 -0.239797 0.577108
  0.199728 0.191079 -1.199385 1.603237
  0.875832 0.982624 -0.139990 -0.581364
  0.406560 0.083629 -0.185436 -0.181322
  0.789826 0.794977 1.357973 -1.072941
  0.723804 0.970503 -0.913250 1.288501
  0.148445 0.792658 -0.402970 1.949161
  0.305460 0.180408 -0.150319 0.152597
  0.981233 0.849950 0.344152 -0.275449
  0.077142 0.448376 -1.173240 0.704905
  0.640834 0.783703 -0.562887 0.813587
  0.025007 0.774618 0.468256 0.362923
  0.167681 0.202362 0.810116 0.317814
  0.939308 0.160185 1.427191 -0.442443
  0.782054 0.101524 -1.955728 -0.413070
  0.472169 0.834836 -1.226322 0.204392
  0.044934 0.070152 -0.820318 -1.145488
  0.504524 0.548693 -0.020952 -0.414584
  0.722149 0.378459 0.312905 2.005182
  0.308762 0.364666 -0.792165 -1.639021
  0.506088 0.100610 0.595402 -1.104738
  0.638294 0.243087 0.217680 -1.511369
  0.860614 0.946145 -0.307249 0.672523
  0.027145 0.503741 0.792160 0.517498
  0.332717 0.305557 0.196251 -1.184518
  0.210885 0.611822 1.788222 2.475770
  0.310007 0.215883 -1.156119 0.469050
  0.880058 0.843597 1.778396 0.972634
  0.852622 0.385394 -0.764456 -2.402521
  0.377547 0.382760 1.311619 0.739629
  0.622221 0.766005 -0.608513 3.006082
  0.112718 0.115884 -0.225584 2.176142
  0.432332 0.425831 -1.272412 0.552215
  0.061305 0.887533 0.998853 0.311277
  0.429863 0.202509 -0.069232 0.455779
  0.102846 0.020361 0.954714 1.237001
  0.853167 0.708786 0.099217 0.287475
  0.196104 0.999200 -1.678914 0.649248
  0.442961 0.433301 1.838027 -0.234644
  0.913028 0.128701 -0.444988 -0.547642
  0.340406 0.911780 -0.083998 -0.053702
  0.898312 0.514030 0.975397 -0.037940
  0.234132 0.006686 -0.736241 0.340261
  0.153396 0.427708 0.198509 -0.150116
  0.662586 0.046075 1.155357 -1.357309
  0.903957 0.284173 0.555182 -0.141747
  0.727159 0.879495 1.531396 -0.783076
  0.562439 0.788304 -0.414103 -0.607218
  0.614541 0.753912 0.601184 0.789116
  0.070635 0.151255 -3.562471 -1.299752
  0.527694 0.296645 0.760478 0.671424
  0.895743 0.693707 -0.440091 0.336784
  0.815380 0.705456 -2.065330 1.203092
  0.566745 0.533047 -0.717733 -0.310222
  0.568738 0.213395 -1.380668 -1.155407
  0.985056 0.216091 -0.049708 -0.707275
  0.234302 0.444789 -0.864905 -1.899140
  0.414974 0.979011 -0.864974 0.581252
  0.935590 0.488985 -0.509651 2.210418
  0.966929 0.408725 -0.396516 -2.013880
  0.501503 0.837122 -0.527315 0.625294
  0.316156 0.620039 -1.265083 0.404311
  0.273801 0.913794 0.929885 -1.837466
  0.161295 0.470364 -0.957207 0.262777
  0.524953 0.993693 1.132099 -1.390763
  0.631378 0.950215 -0.676712 -0.166976
  0.693206 0.072332 -0.474043 -0.251485
  0.414364 0.073033 -0.547993 0.485442
  0.921028 0.263597 -2.081106 -0.602577
  0.470588 0.813454 0.962723 0.054585
  0.116841 0.177881 -1.022315 0.906816
  0.132665 0.468853 0.995882 0.070074
  0.754164 0.930362 -0.589303 0.794230
  0.790691 0.863748 1.235926 0.040397
  0.489910 0.990603 0.100897 -1.919509
  0.395604 0.743530 0.772328 -0.364743
  0.682448 0.741470 0.494617 -2.295276
  0.537219 0.570829 -0.738949 0.225896
  0.319786 0.532544 -0.397980 -0.520833
  0.170682 0.925513 -0.056095 -1.125862
  0.767829 0.148135 1.584429 0.315011
  0.957383 0.144719 -0.876013 0.660277
  0.926386 0.322770 -0.226703 -0.161864
  0.484583 0.146424 -0.438920 -0.176182
  0.051954 0.790341 -0.379884 0.570896
  0.657063 0.326862 -0.694802 0.337600
  0.549586 0.472680 -0.335469 -0.057116
  0.169751 0.058773 0.182674 0.673721
  0.101847 0.601495 -0.763339 0.987183
  0.776977 0.157572 -0.339146 -0.095983
  0.195688 0.438797 -1.254122 -0.272267
  0.896100 0.057457 1.223301 1.717699
  0.805242 0.901902 0.585152 -1.028176
  0.486512 0.414607 0.940125 -1.260326
  0.368552 0.690909 -1.687350 -0.103733
  0.423430 0.973880 -1.271707 1.129156
  0.731663 0.497611 -0.012985 -0.744596
  0.591133 0.401502 0.942719 0.621383
  0.251225 0.768180 1.433148 0.887553
  0.511448 0.116521 1.677380 -1.352542
  0.443713 0.222003 0.341866 -2.504678
  0.028283 0.155131 -0.469704 0.587197
  0.426078 0.366544 0.889127 -1.676954
  0.257547 0.832481 -0.688917 1.201005
  0.892111 0.226254 -0.963869 0.590686
  0.568786 0.760765 0.553359 -0.572072
  0.019631 0.739772 -0.405899 -0.549140
  0.861564 0.611600 -1.229545 -0.545517
  0.405567 0.737885 0.755997 -1.826395
  0.086072 0.990364 -0.284124 -0.758309
  0.514277 0.507749 -0.280127 0.249999
  0.155610 0.293138 0.667165 -0.313102
  0.665598 0.765964 -0.865587 -0.010675
  0.725512 0.749542 -0.542188 0.629971
  0.624777 0.790626 -0.874304 0.843920
  0.400993 0.268569 1.170902 1.257076
  0.464567 0.819071 -0.302493 -1.068733
  0.595994 0.363678 -0.791570 -0.470024
  0.761802 0.546858 0.666725 0.104035
  0.509967 0.097252 1.740889 -0.324348
  0.814360 0.586610 2.018127 -0.338375
  0.639988 0.253630 -1.630460 -0.101271
  0.022736 0.610634 0.953724 -1.214558
  0.225712 0.577053 -2.053416 1.904937
  0.566670 0.085710 -0.213198 -0.789784
  0.025882 0.501883 -0.624094 -0.384709
  0.349598 0.772647 0.450023 -0.210149
  0.688082 0.511085 0.042003 -1.144896
  0.957709 0.457347 -0.278895 -0.342155
  0.793698 0.055329 -0.529734 0.563342
  0.253444 0.382718 -1.134751 1.251839
  0.617823 0.282239 -0.715336 0.447910
  0.406431 0.509633 1.299518 0.969053
  0.565258 0.343636 -0.166581 -0.401736
  0.807856 0.265367 -0.971202 -2.277308
  0.460190 0.621321 -1.056936 0.230999
  0.495546 0.698333 1.987858 0.374081
  0.172662 0.625235 -0.083194 -1.028543
  0.694663 0.441032 -1.260942 -1.072066
  0.800519 0.929520 -1.485396 1.002631
  0.807220 0.119751 -0.479191 -0.278187
  0.948916 0.236633 0.611028 0.578377
  0.015327 0.278572 2.223695 0.987394
  0.799844 0.511352 0.857437 -0.573928
  0.015587 0.038107 -0.537054 0.130437
  0.601420 0.548762 -0.570141 -1.350689
  0.575992 0.845110 1.091801 -0.301855
  0.956667 0.940830 1.005343 -1.477619
  0.558729 0.530864 -0.367199 0.090569
  0.956541 0.092513 -0.314345 0.074558
  0.070281 0.442531 -1.717015 -0.282710
  0.556371 0.845114 0.307179 -0.577166
  0.332423 0.331872 -0.950577 0.243753
  0.832537 0.329634 -0.950940 0.651572
  0.806463 0.273595 0.602387 0.407642
  0.839731 0.007932 0.924999 -0.276437
  0.941210 0.750850 0.926467 -0.410683
  0.923430 0.732095 -1.213027 1.510515
  0.647062 0.085303 2.587850 1.817616
  0.581260 0.326320 -0.832985 -0.537448
  0.564653 0.655392 0.202930 -1.515843
  0.754637 0.586376 -0.276128 -0.517510
  0.914547 0.382420 1.368226 -0.486620
  0.416271 0.259966 -0.492665 -1.634792
  0.365118 0.467022 0.927360 -0.034249
  0.446737 0.221214 -2.534730 -0.182032
  0.802099 0.026933 -0.682288 0.934713
  0.539817 0.803125 -2.554052 -1.508087
  0.692067 0.627956 0.053243 -0.014304
  0.747637 0.847071 -0.336529 0.932161
  0.429694 0.039461 -1.280666 0.201550
  0.435858 0.510490 0.031328 1.293642
  0.103130 0.563838 -3.310887 -0.085072
  0.292151 0.789250 -0.863776 0.141492
  0.085296 0.026908 -0.431098 0.983920
  0.429207 0.606180 -0.595225 -0.117270
  0.941319 0.345596 -1.880225 1.791292
  0.062409 0.466206 -0.179662 -0.194518
  0.230607 0.946779 -0.854154 2.200851
  0.012476 0.361691 -0.987335 0.722571
  0.079922 0.466383 -0.651170 -1.396526
  0.111913 0.774251 -0.401305 2.800423
  0.492813 0.863720 -1.245052 -0.082974
  0.676740 0.949725 1.086180 -0.853393
  0.297925 0.936478 -0.915648 1.174136
  0.724211 0.122562 -0.258038 0.556560
  0.152778 0.625831 0.038366 1.010680
  0.082221 0.884964 -0.283098 -1.053515
  0.514311 0.018268 1.371143 0.307025
  0.790480 0.425892 0.296076 0.502508
  0.754199 0.809439 -0.716485 1.177106
  0.677515 0.175364 0.292223 0.920071
  0.692500 0.181299 1.009292 -0.220445
  0.400383 0.699014 -1.053225 -0.986696
  0.130454 0.080748 -0.313276 0.301610
  0.538637 0.024766 -0.321591 0.529799
  0.995525 0.735866 1.209827 1.339521
  0.270252 0.669122 0.415821 0.820496
  0.061121 0.645141 1.569884 1.000631
  0.202632 0.588388 0.082541 0.390759
  0.594662 0.230782 -0.088293 -2.172082
  0.477661 0.156673 -0.788464 -0.447016
  0.036756 0.175183 0.781378 1.290474
  0.512246 0.833689 -0.428915 0.448508
  0.385254 0.813964 -0.533304 -1.426098
  0.445904 0.063901 0.830578 -2.051839
  0.002724 0.426182 -0.296408 1.918053
  0.050550 0.790324 -1.288959 -1.682621
  0.931242 0.936004 -0.736954 -0.731809
  0.723555 0.972613 0.986152 1.051183
  0.763880 0.714510 -0.790452 0.368930
  0.082734 0.078919 -0.577279 -0.543044
  0.045270 0.983325 0.250594 -1.113741
  0.638919 0.210533 0.081921 -0.084310
  0.075695 0.229380 -1.455588 0.337774
  0.411501 0.770259 0.605341 -0.621556
  0.091140 0.180716 0.183996 -0.219257
  0.397340 0.568472 0.021557 0.480366
  0.295066 0.876234 0.307128 -0.455774
  0.832728 0.149807 -0.767564 -1.159068
  0.905756 0.841548 -0.668652 0.053475
  0.656860 0.138775 -0.550557 0.042543
  0.779225 0.071316 0.980864 -2.236915
  0.211542 0.640567 0.785876 1.425645
  0.530745 0.485023 0.426663 1.371017
  0.259547 0.060677 -0.367263 2.151812
  0.630237 0.194688 -0.142483 -1.837506
  0.401306 0.614805 0.052079 -0.896622
  0.786654 0.121303 -1.172411 0.443268
  0.117098 0.475165 1.721211 -0.454605
  0.487412 0.224230 -0.582376 0.241937
  0.935608 0.250969 -0.751771 0.797041
  0.087345 0.507892 -1.204739 0.002093
  0.543008 0.443717 0.700962 -0.488947
  0.105448 0.013663 0.286356 -0.081573
  0.182325 0.445753 -1.425676 -0.445366
  0.676950 0.176167 0.049265 -0.290897
  0.297281 0.137257 -0.824452 0.720989
  0.322885 0.902304 0.096803 2.422131
  0.580253 0.002580 -0.093934 -0.776097
  0.315114 0.412524 -0.641376 -0.939562
  0.546280 0.724078 0.334920 0.846745
  0.255804 0.270496 1.443123 1.047998
  0.172897 0.317800 -0.860669 -0.485730
  0.582247 0.132733 0.913652 1.332790
  0.452190 0.457890 0.842295 1.180015
  0.834252 0.781342 -1.079122 -0.689050
  0.607544 0.814361 0.543200 -0.983067
  0.292579 0.304945 -1.995669 0.848220
  0.834093 0.362057 -0.044215 -0.156839
  0.330089 0.750491 2.616934 0.446838
  0.834376 0.873105 0.978871 2.005877
  0.501459 0.234927 0.841523 0.689931
  0.697233 0.147583 -0.928310 -0.971386
  0.388463 0.480720 -1.511203 1.539950
  0.661459 0.300888 -0.446462 -0.804567
  0.401094 0.240322 -1.516651 -0.036586
  0.514396 0.045914 -0.934539 0.185997
  0.208793 0.436246 0.771440 0.319568
  0.412436 0.978211 -0.725946 -2.301318
  0.435203 0.369916 -0.008635 -1.411434
  0.371943 0.201808 -0.089774 -0.543018
  0.207701 0.169228 -0.170632 -0.237108
  0.583995 0.946944 0.051724 -0.307094
  0.463009 0.597672 0.596287 -0.611119
  0.611149 0.618047 -0.536989 -0.446080
  0.534979 0.232516 2.291989 0.363415
  0.735574 0.831255 -0.135276 0.055797
  0.887971 0.539435 1.120901 0.131708
  0.246404 0.465595 0.419378 0.396826
  0.923766 0.284385 -2.303608 -1.777254
  0.628547 0.123533 0.466830 1.307162
  0.832064 0.378084 -1.852400 -0.272656
  0.585786 0.892556 -0.079920 0.785068
  0.077255 0.639385 -0.311626 -0.069873
  0.871027 0.896983 0.630520 0.260579
  0.842384 0.941699 -0.467029 0.623409
  0.476286 0.202294 1.156799 0.608499
  0.388082 0.594952 -1.218982 1.736350
  0.991708 0.436952 0.517723 1.715688
  0.133846 0.049883 -1.387383 -0.379665
  0.752488 0.653774 0.630540 -0.675892
  0.936424 0.439851 0.077751 0.635475
  0.854686 0.139872 0.277897 0.143174
  0.884375 0.664113 -0.385288 -2.323362
  0.450557 0.033376 -0.596078 0.332638
  0.286476 0.640008 0.231749 -2.068039
  0.697599 0.032906 0.452643 -0.435510
  0.885762 0.880018 -1.035431 -1.082384
  0.511643 0.098697 0.395016 -0.649597
  0.938174 0.454889 0.545475 -0.645974
  0.575640 0.721593 -0.046582 0.396106
  0.447379 0.606900 0.262305 0.786431
  0.727310 0.004168 1.271576 1.311402
  0.544251 0.038200 -0.618108 -0.259151
  0.799675 0.560981 1.463248 -0.760389
  0.113445 0.053250 -2.155631 -0.797948
  0.123547 0.806140 1.543505 -1.366347
  0.380065 0.756269 -1.317473 -0.145159
  0.848387 0.120290 0.211241 0.788046
  0.477334 0.081233 -0.719915 -0.384009
  0.832191 0.506296 0.671672 -1.334255
  0.433489 0.475367 -0.473559 -0.260644
  0.960441 0.471436 0.515241 0.772211
  0.558407 0.522916 1.063649 -0.535406
  0.278710 0.843624 -0.484842 1.087697
  0.050963 0.805576 -0.233385 1.225641
  0.323966 0.072481 0.115617 -0.551300
  0.299491 0.869322 -0.456667 0.287362
  0.323530 0.115782 0.441624 -0.395359
  0.739708 0.745132 1.058770 0.502129
  0.630483 0.068453 -0.696975 -0.293851
  0.513013 0.017162 -0.732058 -0.244154
  0.139660 0.251875 -1.365139 0.244369
  0.439424 0.977404 -2.044976 0.372700
  0.356469 0.301030 2.142436 1.057684
  0.121362 0.307634 -0.099578 -0.282213
  0.777029 0.786313 -0.775740 1.367994
  0.227150 0.142545 1.368196 1.547133
  0.658288 0.159903 0.639254 -0.871864
  0.934065 0.568728 -0.332453 1.730550
  0.798867 0.417544 2.457135 0.602540
  0.525194 0.324249 -0.647606 -0.170995
  0.794552 0.569293 -0.167810 0.314870
  0.664405 0.142682 0.741977 -0.997853
  0.117395 0.307222 3.126901 -0.935573
  0.614334 0.622652 0.652171 0.293511
  0.917666 0.362787 -0.586902 0.388551
  0.163311 0.019630 -0.383323 1.398362
  0.911152 0.164786 1.288320 0.874971
  0.994114 0.983390 1.080679 -1.495534
  0.431176 0.760479 1.389370 0.415762
  0.180608 0.506769 1.152406 -0.947009
  0.043246 0.775234 0.560796 0.198554
  0.131353 0.085790 -0.997742 2.291702
  0.383558 0.173488 -0.628877 -0.826213
  0.319642 0.293117 -0.272502 -0.373394
  0.714191 0.782439 0.315671 -0.603533
  0.348077 0.555704 -1.192378 -2.002510
  0.250370 0.800481 -0.188195 -1.398705
  0.856414 0.523254 1.842890 1.141015
  0.972643 0.008016 -3.021643 -0.367218
  0.548305 0.860333 -0.967612 0.694314
  0.353826 0.474665 -0.265859 1.989947
  0.957710 0.544300 1.188980 -1.734879
  0.507348 0.929568 -1.729976 -0.331357
  0.568098 0.488240 -0.979633 -1.296704
  0.205525 0.723522 -0.871900 0.571662
  0.915523 0.970168 -0.939187 -0.754501
  0.403334 0.292252 -0.122583 -0.094053
  0.139139 0.447579 0.658277 -0.514331
  0.327842 0.014051 -0.532273 0.929443
  0.725536 0.463469 -0.246105 1.267155
  0.138842 0.365100 1.492503 -1.151625
  0.044882 0.092201 0.004765 0.514917
  0.430213 0.305985 0.444318 -1.356065
  0.876893 0.510512 0.280211 -0.300412
  0.807679 0.119250 0.281211 1.090204
  0.037100 0.591393 0.513521 -0.041783
  0.417004 0.499767 -1.321635 1.012750
  0.884288 0.527139 -0.417284 0.489188
  0.747879 0.937565 0.227580 0.980332
  0.960527 0.667771 -0.489813 0.614838
  0.279272 0.593095 -1.468587 -1.449160
  0.473287 0.533538 0.947271 0.286826
  0.988242 0.204679 -1.703395 0.185601
  0.499208 0.958374 -1.157427 -0.575231
  0.206467 0.259053 0.326369 1.250366
  0.819291 0.089608 1.084454 0.007119
  0.496897 0.884565 -0.643692 0.822937
  0.279310 0.726038 -0.061945 1.440947
  0.814112 0.244647 -0.829990 -1.106930
  0.253408 0.844350 0.845889 1.449380
  0.069754 0.803384 0.205248 -0.176746
  0.113200 0.658338 -1.734927 -0.532836
  0.562963 0.180979 -0.660907 0.364740
  0.666826 0.281015 0.144944 -0.483289
  0.389110 0.741351 -1.332148 -1.388064
  0.198028 0.167142 1.339420 0.270948
  0.459569 0.100843 -1.280944 -0.926063
  0.863035 0.826333 -1.016889 0.275679
  0.440346 0.348958 0.136094 1.533314
  0.379697 0.037833 -1.080395 -0.649381
  0.162686 0.033941 0.788701 -1.472663
  0.138633 0.947268 0.323608 0.197974
  0.093842 0.981431 -0.478983 -0.273709
  0.091792 0.949105 -0.909189 0.626029
  0.045750 0.897886 0.180090 0.056973
  0.297168 0.887974 -0.973630 1.159517
  0.219789 0.328926 0.907384 -0.914629
  0.235442 0.308786 0.177602 0.512037
  0.567298 0.657561 -1.371213 0.591667
  0.080327 0.552793 1.024022 -1.115535
  0.894841 0.205107 -1.643617 0.175005
  0.214638 0.489686 0.020207 -0.313951
  0.961763 0.947807 -0.273985 -1.020469
  0.693894 0.892592 0.858845 0.479487
  0.804902 0.729438 -0.291080 2.419833
  0.167548 0.215873 0.592982 0.952463
  0.764446 0.834547 1.463328 1.125861
  0.671943 0.322447 -1.251786 0.973052
  0.687584 0.548065 0.786787 0.251435
  0.913607 0.001023 0.086835 0.719594
  0.717935 0.225126 -1.619681 0.363337
  0.568613 0.424892 -1.696271 -1.239474
  0.450466 0.560207 -0.571904 -0.545630
  0.352826 0.110152 0.632423 -0.449991
  0.276858 0.724337 -0.498571 0.177749
  0.650151 0.390006 -2.191685 -1.494178
  0.292743 0.326727 -1.981614 0.115373
  0.358599 0.524297 1.479763 -0.053785
  0.206406 0.201016 -0.887177 0.550429
  0.950126 0.271417 1.320409 0.463210
  0.120214 0.721793 -1.784253 0.231025
  0.556357 0.467958 1.122580 1.216838
  0.873074 0.890596 0.448623 0.359307
  0.359317 0.069255 -2.091647 -1.579718
  0.552793 0.712212 0.738861 -1.524303
  0.977273 0.324158 -0.672948 -1.730315
  0.334290 0.195701 0.041830 0.892283
  0.664648 0.691237 1.023111 1.364207
  0.980936 0.687895 0.265865 -0.524603
  0.801813 0.346629 -0.371993 1.100540
  0.443270 0.669194 -1.765312 -0.429339
  0.975625 0.748653 -0.576521 0.827384
  0.965139 0.957712 0.667500 -0.524994
  0.619097 0.614093 0.296585 1.503322
  0.283134 0.719903 -1.126391 0.030081
  0.569319 0.457894 -1.203243 -1.037114
  0.924504 0.741732 -0.675989 0.177928
  0.239032 0.655181 0.026975 0.118959
  0.097009 0.136799 0.563279 0.199030
  0.750470 0.942625 -0.760984 -0.132110
  0.184414 0.247430 0.021871 -0.684442
  0.043234 0.598866 1.135323 0.520610
  0.819687 0.745606 1.328008 -2.091968
  0.030011 0.784958 -0.999159 -0.458774
  0.609565 0.789322 -1.947885 -0.364117
  0.884249 0.484208 1.086261 0.061477
  0.479241 0.830832 -0.408993 -1.321409
  0.774118 0.578789 -0.362725 0.349890
  0.216898 0.210734 -0.549061 -0.316079
  0.473850 0.932740 0.176714 -0.699284
  0.458755 0.020050 -1.890767 -0.250089
  0.920391 0.050417 0.492231 -0.342942
  0.756190 0.137632 -0.295605 0.810388
  0.189030 0.079871 1.130949 1.333512
  0.118138 0.117245 0.653331 -1.107958
  0.327983 0.919023 0.314352 1.150714
  0.294206 0.111591 -0.125321 -0.452839
  0.164243 0.014307 0.340517 0.183104
  0.258416 0.159022 0.439195 -0.896877
  0.647309 0.685728 0.959675 -0.131159
  0.032707 0.046824 0.362730 -0.297908
  0.931966 0.036053 0.037412 -1.659997
  0.195510 0.539338 1.668983 -1.741375
  0.646110 0.363871 -0.116487 -0.998284
  0.593402 0.783300 -1.671302 0.427510
  0.712994 0.698869 -0.270732 -0.251567
  0.848811 0.498775 -1.100064 -0.022729
  0.617077 0.541794 1.900159 -0.162159
  0.451874 0.871746 -0.880549 1.513757
  0.312731 0.364120 0.294199 -0.215075
  0.080553 0.259619 -0.006778 -1.242901
  0.626367 0.774295 -0.120430 1.676611
  0.964453 0.605939 0.459124 0.442529
  0.507782 0.691960 0.070970 -0.245405
  0.700199 0.743774 -0.158166 -1.902948
  0.973749 0.991535 0.545769 0.688702
  0.137868 0.636290 1.917983 0.243488
  0.162945 0.240274 -0.277210 0.640520
  0.305036 0.175947 0.722617 -0.339968
  0.674919 0.957921 0.753952 -1.538451
  0.455292 0.901929 -1.410060 -0.716327
  0.353676 0.749482 0.001106 -0.323754
  0.743669 0.784282 0.276152 1.898357
  0.249595 0.524685 2.276023 0.236002
  0.866586 0.790135 -2.456469 -0.887230
  0.718691 0.122788 -2.504930 -0.930105
  0.600404 0.124420 1.630254 -1.208924
  0.009833 0.916125 -0.385434 -0.352578
  0.142164 0.048984 -0.831575 1.145437
  0.621520 0.200013 0.650575 1.963397
  0.065360 0.225575 -0.640966 0.038648
  0.171548 0.835724 1.158293 -1.982001
  0.786829 0.691609 0.192351 0.731731
  0.011405 0.841915 0.039542 0.924151
  0.492967 0.802777 0.467153 -0.895916
  0.461809 0.955263 0.724056 -0.855663
  0.952877 0.596595 -1.218092 1.347994
  0.995829 0.836991 0.996224 -0.173000
  0.775837 0.622381 0.404287 -1.412989
  0.081910 0.077144 -0.534935 -1.092031
  0.297477 0.430634 -0.621802 -0.776173
  0.719712 0.183134 2.412146 -0.231141
  0.016968 0.895928 0.391653 -0.393250
  0.378884 0.913491 -0.436760 -0.687900
  0.788169 0.527026 -0.021839 -0.532838
  0.565692 0.475112 -0.822646 -0.559793
  0.095166 0.187153 -0.731118 0.431113
  0.429725 0.905162 -0.093957 -0.849324
  0.923112 0.486305 1.948323 -0.064871
  0.449626 0.902761 0.384953 0.345683
  0.985225 0.422623 -0.058947 0.448769
  0.609259 0.930157 -0.681019 -0.472812
  0.755998 0.832621 0.166350 -0.118379
  0.088162 0.392857 0.839263 0.178476
  0.950008 0.089000 -0.662691 -0.222525
  0.099766 0.081562 0.593451 -0.676683
  0.246574 0.346131 0.367477 -1.540535
  0.879771 0.920494 1.011170 -0.374719
  0.527201 0.240590 -0.130200 -0.271577
  0.675659 0.492165 0.352528 0.223442
  0.272747 0.503548 0.330320 1.475557
  0.804518 0.999991 0.801714 -1.037418
  0.124183 0.257753 0.342508 0.203815
  0.139768 0.264245 0.336906 0.067761
  0.827168 0.366354 0.212560 -0.564440
  0.620998 0.514603 0.372104 0.165053
  0.849591 0.324861 -0.581374 0.327448
  0.322031 0.994565 0.404980 -1.261006
  0.953614 0.685703 -0.365750 -0.813910
  0.448144 0.229117 0.165998 2.060880
  0.766196 0.923675 -0.491175 0.877400
  0.013956 0.752550 0.708675 -0.145561
  0.182549 0.885201 1.034992 0.541725
  0.139968 0.123515 2.245574 1.308455
  0.619583 0.394680 1.175210 1.246849
  0.486574 0.420753 0.265768 -0.661548
  0.795887 0.415540 -0.042016 0.339655
  0.167296 0.367230 -0.426445 0.532133
  0.746806 0.184655 -0.192569 -0.796805
  0.606286 0.808055 -0.499696 1.319182
  0.430245 0.375163 -0.398461 -0.585873
  0.294788 0.881056 0.018296 -0.311316
  0.558205 0.047494 -1.316991 -1.163078
  0.213126 0.239703 2.208100 -0.617030
  0.115069 0.042828 0.809403 1.754891
  0.018945 0.533940 0.578998 0.158155
  0.699591 0.262035 -0.979774 -1.917063
  0.792427 0.104915 -0.809107 0.996205
  0.830996 0.988078 0.330990 -0.712944
  0.848860 0.227191 0.429782 0.883075
  0.363472 0.351334 0.490396 -0.968675
  0.533085 0.381174 0.548196 -1.629822
  0.296941 0.723317 -0.207569 0.333634
  0.463155 0.716386 1.796616 -0.983397
  0.592280 0.491012 0.120156 0.616381
  0.057555 0.805876 1.397665 -0.092700
  0.686777 0.860758 2.240820 1.886645
  0.897629 0.315351 -1.351058 -1.137786
  0.998067 0.449330 -0.739714 0.378327
  0.177076 0.579893 2.079497 -1.292035
  0.648416 0.183108 -1.595886 1.012320
  0.924650 0.983345 -0.537961 -0.406588
  0.462123 0.029390 0.387315 -0.924570
  0.566377 0.741096 0.216763 -1.733846
  0.343480 0.243640 -0.192131 0.465531
  0.682050 0.147564 -1.025029 -1.609152
  0.566628 0.876106 0.469784 -0.815704
  0.654171 0.593691 -1.364303 0.513842
  0.736686 0.073031 -0.945836 -0.425164
  0.285283 0.753714 0.855923 -1.017200
  0.267343 0.648204 -0.320192 -1.910557
  0.469435 0.526293 0.314315 -0.940064
  0.964462 0.282463 0.000482 1.788954
  0.069923 0.179064 0.268741 0.949916
  0.647707 0.097959 0.675429 -0.214031
  0.236270 0.063871 -0.873100 0.247048
  0.820469 0.366767 -0.510377 -0.523233
  0.853592 0.267258 -1.447449 0.721892
  0.580440 0.797297 1.171718 -0.732789
  0.457058 0.056066 -0.658399 -0.028775
  0.181151 0.579839 -0.434680 0.332741
  0.372149 0.243977 -1.121120 -1.024769
  0.273361 0.243073 0.485519 1.003159
  0.355276 0.907271 0.417566 -1.433132
  0.310598 0.403732 -0.874806 -0.508245
  0.165021 0.692092 -1.849665 0.963541
  0.690933 0.955376 1.306053 1.033150
  0.275979 0.803740 1.235441 0.311408
  0.086305 0.103512 -0.009715 0.649503
  0.234556 0.831317 -1.032920 0.173878
  0.977060 0.857123 -0.038945 1.764714
  0.994321 0.024285 0.355519 0.030271
  0.585488 0.713163 -0.664404 -0.962911
  0.601787 0.342399 0.504864 -1.427781
  0.377921 0.776836 1.244470 0.825713
  0.517166 0.968878 1.479806 -0.697543
  0.101049 0.918533 0.993799 -0.644786
  0.494606 0.566218 -2.199646 0.548657
  0.749841 0.397722 -0.652293 -1.424332
  0.282322 0.642989 0.962869 1.357404
  0.354759 0.781892 -0.599587 -0.833646
  0.744424 0.074177 1.025351 -0.512201
  0.153779 0.517043 0.498396 0.279829
  0.088873 0.883007 -0.294008 -0.126978
  0.545719 0.858328 -1.190054 -0.889277
  0.201475 0.155111 -0.747130 -1.119421
  0.427530 0.749952 -0.341255 -0.344528
  0.283618 0.427405 0.842732 1.773178
  0.416065 0.950487 -1.413330 -0.333962
  0.336984 0.460582 0.572014 -0.158495
  0.036877 0.353974 1.397301 0.920457
  0.068401 0.247953 -0.817178 -0.337973
  0.214839 0.768351 0.403480 0.164804
  0.989185 0.552668 1.310972 0.872049
  0.573884 0.741062 -1.687015 -0.850108
  0.247181 0.886438 -0.041789 0.100766
  0.885339 0.454490 2.002014 0.518161
  0.471110 0.980145 -1.211991 0.496419
  0.944414 0.128672 0.089821 0.591894
  0.376854 0.211002 0.066696 -0.795562
  0.286036 0.810569 -0.018094 -1.339827
  0.424484 0.406278 0.196590 3.345344
  0.510462 0.797949 0.517263 0.044640
  0.960652 0.506602 -1.294742 -0.037680
  0.372375 0.036147 -1.137867 -0.122752
  0.272483 0.531904 -2.324069 0.163537
  0.801044 0.928899 -1.293315 1.417399
  0.902138 0.163138 0.603317 0.424146
  0.687161 0.155109 -0.452438 0.406491
  0.149342 0.837815 0.271253 0.749505
  0.592227 0.701551 1.637086 -0.373278
  0.374623 0.847514 -1.383226 -0.687285
  0.127204 0.984524 0.567012 0.250746
  0.846639 0.491004 0.983156 -0.794736
  0.145793 0.835806 -0.522305 0.404379
  0.165915 0.386624 -0.677307 -1.320433
  0.617745 0.645049 1.354082 0.951197
  0.869367 0.504809 -0.295492 -2.389218
  0.518056 0.700193 -1.050168 -0.389066
  0.832414 0.170568 -1.197250 -0.354026
  0.286655 0.008522 -1.638201 1.839182
  0.021210 0.715479 1.220464 -0.672525
  0.141509 0.838598 -0.112367 -1.137038
  0.732666 0.170113 0.718220 -0.480982
  0.384599 0.583241 0.635992 -0.790880
  0.760006 0.676755 -2.577741 -2.100606
  0.307330 0.299720 0.335157 -0.248280
  0.651800 0.922418 0.420095 0.751801
  0.411249 0.182181 -0.288432 0.296326
  0.957015 0.572903 -0.966696 -2.283363
  0.085409 0.264233 -0.016110 0.534106
  0.999043 0.590712 -0.556923 0.236640
  0.136196 0.311321 1.791880 0.859594
  0.132687 0.136565 -0.511014 0.534123
  0.101258 0.397946 -1.373805 -0.773518
  0.274200 0.770384 -0.755463 -1.879623
  0.708208 0.713589 -2.465511 -0.899097
  0.536333 0.487596 -1.542413 -0.595163
  0.424753 0.114729 -0.334632 1.722825
  0.986051 0.932222 -1.277185 -1.313449
  0.865498 0.315146 0.027500 -0.342415
  0.479296 0.064606 0.164881 -1.360899
  0.131725 0.964150 -0.242734 -0.003038
  0.367645 0.108491 1.881305 1.623618
  0.937296 0.704729 0.259586 -1.795638
  0.904579 0.403410 -0.609765 1.014420
  0.917549 0.961321 -1.565106 -0.850499
  0.959612 0.658054 0.681860 0.441117
  0.700545 0.870245 0.730038 -0.710675
  0.851567 0.848785 1.884547 -0.664674
  0.153646 0.285271 1.802506 0.511763
  0.743497 0.497377 -0.141490 -0.347109
  0.248001 0.203907 -1.086258 -0.326839
  0.583666 0.867675 0.874213 -0.042143
  0.412970 0.175456 0.943876 -0.737285
  0.821433 0.744236 -0.680667 -0.852531
  0.967797 0.810845 -0.075004 -1.245018
  0.501924 0.399130 -0.341757 0.947714
  0.352546 0.449313 0.250393 0.772859
  0.665223 0.895118 -0.953113 1.613099
  0.445172 0.465900 0.130667 1.720136
  0.344981 0.769437 -2.004510 -1.605821
  0.489171 0.625872 -0.544364 0.391106
  0.973898 0.734956 -0.780591 0.504832
  0.099079 0.070907 1.154445 1.382756
  0.315154 0.289161 0.943223 0.888580
  0.450389 0.406031 -0.494608 -0.643395
  0.718568 0.454640 0.460309 0.691812
  0.442572 0.938681 0.233582 -0.297418
  0.380671 0.561225 1.026635 0.419100
  0.425347 0.614573 0.928172 -1.283863
  0.195507 0.509821 -1.633003 -0.286806
  0.511845 0.167641 -0.635863 0.015323
  0.172224 0.090846 -0.764377 -0.397601
  0.108344 0.932290 -0.819853 -1.028879
  0.425932 0.718884 1.006565 1.165559
  0.338359 0.875841 2.328263 0.928421
  0.792543 0.956282 0.391347 -0.141685
  0.748898 0.313222 1.409033 -1.586722
  0.648945 0.297911 0.667438 -0.640014
  0.286093 0.518322 0.424231 -0.321510
  0.637331 0.308414 -0.428602 0.493417
  0.824350 0.018053 0.222038 0.890328
  0.663146 0.139651 1.230422 -0.244796
  0.174538 0.275789 -1.058476 0.670808
  0.844995 0.243742 0.636586 -0.386854
  0.768927 0.385081 0.051276 -1.578157
  0.621596 0.245845 0.101393 0.628348
  0.973563 0.651638 1.794735 -0.049983
  0.509107 0.731694 -1.620695 -0.383440
  0.246096 0.018555 -1.111619 -1.450620
  0.018270 0.794998 -0.776502 0.100464
  0.269068 0.512186 0.037292 -0.477907
  0.847145 0.559583 -0.882030 -1.013216
  0.778587 0.730934 -1.292293 -0.684708
  0.654711 0.332055 -2.334363 -0.771364
  0.358753 0.639146 0.517966 -2.168022
  0.353351 0.299319 -0.243611 -0.014677
  0.098340 0.741283 0.562245 1.828907
  0.995076 0.981463 0.328991 -0.410594
  0.064122 0.169422 -0.417683 -0.815800
  0.432426 0.165275 0.034938 1.308418
  0.722417 0.667298 -0.394935 -1.169427
  0.002248 0.745828 1.810803 -0.190094
  0.391041 0.114676 0.348565 0.736849
  0.582688 0.690571 0.034818 2.017363
  0.328564 0.840009 0.653920 -0.302521
  0.827927 0.583123 0.118668 -0.882221
  0.437776 0.688860 -1.611372 -0.567056
  0.233881 0.820503 0.795309 1.342121
  0.063918 0.024958 -1.265763 0.369502
  0.685878 0.003510 0.034546 0.751906
  0.344955 0.730364 1.039066 0.404725
  0.963565 0.012420 -2.021918 -2.228659
  0.203097 0.655782 1.293862 -0.194122
  0.066579 0.994558 -0.020628 -0.292585
  0.413639 0.971848 0.355956 0.585842
  0.867433 0.649242 -1.018359 -1.113714
  0.286289 0.341894 -0.542122 1.442195
  0.261280 0.065161 0.112468 -0.823581
  0.833979 0.924560 -1.896499 -1.664770
  0.561463 0.440445 0.209874 -0.733235
  0.401371 0.559956 0.846943 -0.487623
  0.229447 0.778258 -0.481308 0.122633
  0.504028 0.383768 2.158899 1.610498
  0.104751 0.521378 0.162491 -0.164053
  0.537752 0.421303 0.391982 2.124824
  0.575430 0.532130 1.893893 -0.606504
  0.306838 0.064115 -0.825286 1.477206
  0.841528 0.794385 -1.363539 -0.145935
  0.651897 0.867748 1.231697 -2.572735
  0.531497 0.293330 -1.467936 0.267607
  0.887353 0.849106 0.059287 0.486574
  0.702746 0.061115 0.023328 -0.315604
  0.733427 0.217070 1.334561 0.039491
  0.947611 0.530422 -1.561528 0.749495
  0.613639 0.802343 0.251796 0.266989
  0.298595 0.038695 -2.451574 -0.210640
  0.859871 0.500618 1.396080 0.667295
  0.441319 0.052036 1.990305 -2.192949
  0.914955 0.046060 0.455970 -0.203330
  0.000849 0.966278 0.066389 -1.096685
  0.897558 0.016369 -0.797973 -0.003910
  0.009381 0.093037 -1.647903 -0.945594
  0.272767 0.029903 1.393847 0.489715
  0.076713 0.853239 -1.049506 1.252609
  0.696985 0.953025 -0.374933 -0.478979
  0.927643 0.501394 -0.771349 -0.230769
  0.602509 0.144886 -2.262085 -0.307832
  0.452486 0.082559 0.334335 0.435691
  0.861483 0.938894 2.528144 0.610022
  0.810587 0.444793 0.103492 0.345840
  0.344221 0.220090 -1.247959 -0.376983
  0.620751 0.713701 -0.478885 -0.281327
  0.957070 0.209680 -1.084771 1.576543
  0.062106 0.628939 1.323480 -0.766103
  0.207903 0.849406 0.997792 -2.092629
  0.076423 0.401046 0.293604 -0.791511
  0.360850 0.082485 0.911293 0.346549
  0.169848 0.499013 0.494756 0.698272
  0.997273 0.238545 -2.001808 -1.386856
  0.770633 0.817786 -0.313624 0.197507
  0.429423 0.090833 -0.053915 1.510628
  0.383702 0.868273 0.240285 -0.123405
  0.257578 0.981549 1.532990 1.169316
  0.907868 0.304476 -1.776545 1.753801
  0.474859 0.542926 -1.344877 0.316669
  0.536354 0.907169 -1.262265 -1.019086
  0.810409 0.186089 0.075701 1.450497
  0.499024 0.799276 -0.746325 0.171379
  0.951466 0.949995 -1.022672 0.324093
  0.207989 0.055662 0.993376 -0.443078
  0.399537 0.162551 1.653416 -0.694777
  0.624232 0.702282 -1.020489 -0.683660
  0.547602 0.714404 1.182372 -0.551298
  0.971134 0.220266 0.826644 -0.948198
  0.571252 0.242528 -0.705200 0.709728
  0.099936 0.748975 0.876538 0.655120
  0.374170 0.049980 0.700630 0.745174
  0.078945 0.690554 0.004249 0.620392
  0.091491 0.709124 -1.782659 -1.140052
  0.238283 0.359942 -0.348774 0.618920
  0.088152 0.776058 -0.587561 -0.265697
  0.656432 0.641196 2.619606 1.140301
  0.539699 0.125056 -0.677577 -0.420089
  0.339737 0.241030 -0.393324 -2.224655
  0.993768 0.182899 1.666321 -1.664911
  0.225418 0.263463 -0.660095 0.478890
  0.392031 0.095930 -0.392463 1.034461
  0.321963 0.804551 1.466232 1.609341
  0.518582 0.231651 0.148438 3.068615
  0.956215 0.017288 0.840107 -0.153139
  0.689106 0.124114 -0.368305 -1.038511
  0.813447 0.995173 0.726403 1.297885
  0.824879 0.202826 0.173288 -0.455961
  0.521705 0.283760 1.069745 -0.065991
  0.808779 0.649291 1.820031 0.509869
  0.165817 0.879946 0.576168 1.630618
  0.190450 0.641932 -0.984812 -0.282779
  0.006703 0.127394 1.455350 -2.530490
  0.154881 0.460526 1.638310 1.082944
  0.233556 0.014804 1.436418 0.265925
  0.733786 0.078774 0.696275 0.392760
  0.556127 0.440435 0.607736 0.772743
  0.587386 0.828121 0.087790 -0.080383
  0.839969 0.064967 0.101850 0.644802
  0.045714 0.583224 -1.855676 2.143692
  0.056275 0.058144 -0.302630 -0.010375
  0.240066 0.652652 -1.137321 1.634067
  0.402346 0.460111 0.811992 0.740305
  0.602425 0.357359 -0.377530 -0.911802
  0.575164 0.576607 -1.683482 0.429666
  0.508956 0.471298 -0.747286 -2.659268
  0.129934 0.705269 0.800569 -0.531046
  0.991761 0.946939 -0.629340 -0.236241
  0.099760 0.107597 0.106869 0.581966
  0.645840 0.745274 0.068902 0.628183
  0.525305 0.811132 0.534969 -0.725892
  0.321129 0.231378 -0.370796 -0.181318
  0.131977 0.227855 -0.539162 -0.419776
  0.991387 0.228534 -0.358617 1.046470
  0.961752 0.932715 0.540115 -0.392603
  0.830723 0.723817 -2.918923 0.320039
  0.881711 0.642163 0.527091 -0.207435
  0.244104 0.483778 -0.317201 -1.157994
  0.976339 0.851260 0.589694 -0.738272
  0.606004 0.524796 -0.443117 1.750285
  0.321130 0.736027 -0.477844 0.048440
  0.118168 0.930384 0.370746 -0.556087
  0.322533 0.559943 -0.934126 -0.045249
  0.936142 0.797527 -0.036320 1.974373
  0.353266 0.337581 0.578190 -1.262871
  0.677486 0.175237 -1.201493 -0.275195
  0.114094 0.966049 -0.937325 -0.326504
  0.267632 0.479455 1.455946 -0.246295
  0.438654 0.015574 0.395242 1.929135
  0.166815 0.435492 -1.490160 0.485360
  0.249777 0.573705 -0.291906 0.317268
  0.691893 0.763685 0.392685 1.091434
  0.497349 0.452148 0.537004 -1.558592
  0.195071 0.580060 2.210027 0.337085
  0.822334 0.972487 -0.417928 -1.012667
  0.085146 0.324394 -3.249727 0.278527
  0.106906 0.523454 -0.462627 1.802933
  0.716978 0.837129 -1.167371 0.072921
  0.927520 0.088507 -0.685714 0.986474
  0.435458 0.011664 -0.500854 0.060675
  0.557040 0.114272 -0.235682 -1.352741
  0.883216 0.259785 1.455106 0.752839
  0.762319 0.569339 0.363384 -0.507250
  0.454309 0.870264 0.491272 0.106934
  0.295553 0.038470 0.308723 -0.653504
  0.463540 0.681910 0.665686 0.018488
  0.883747 0.317690 1.610314 -1.316669
  0.801526 0.611349 2.261620 0.073235
  0.232100 0.710836 -0.752445 -0.032766
  0.148027 0.483583 0.157024 0.358495
  0.226335 0.659014 -0.300670 0.948879
  0.729875 0.986344 0.542137 0.086608
  0.492467 0.816585 -1.091026 -0.266883
  0.025463 0.612449 1.941240 -1.216615
  0.583209 0.965601 -0.031133 0.644415
  0.761992 0.554212 0.979446 -1.827025
  0.768721 0.147611 1.077589 -0.490036
  0.407541 0.609544 -1.590325 1.138502
  0.706400 0.839104 0.092274 0.215139
  0.140924 0.158438 -0.429515 -0.725992
  0.453526 0.406484 1.417243 -1.096825
  0.115238 0.989674 -0.766789 0.189303
  0.870430 0.190236 -1.121912 1.348188
  0.830762 0.586537 1.610920 2.287633
  0.609884 0.957637 -1.496470 -0.618581
  0.966066 0.884358 1.968535 -0.439808
  0.089365 0.385897 -2.542102 2.341758
  0.482374 0.312901 1.062353 -0.351636
  0.624809 0.518828 -0.477708 -1.229926
  0.716387 0.399568 0.773187 -0.302108
  0.817557 0.399038 1.469077 0.609445
  0.124303 0.912016 0.730069 -1.456674
  0.493645 0.152093 -0.918507 1.874496
  0.733449 0.960835 -1.266389 -1.384893
  0.914807 0.319418 1.355241 1.867442
  0.607271 0.691278 -0.936984 0.836288
  0.239783 0.711762 -0.329581 -0.531260
  0.713575 0.504463 -0.592941 -0.913889
  0.531185 0.093520 0.542028 -0.727515
  0.755753 0.226141 -0.085323 0.843807
  0.199762 0.710657 0.813747 0.222933
  0.391785 0.254727 -0.114953 0.423337
  0.754608 0.321226 2.005517 -0.966508
  0.466387 0.031342 -0.392024 -0.958343
  0.975064 0.796899 -0.962645 -3.057691
  0.111988 0.569821 -0.715617 -0.790143
  0.900263 0.499549 -0.021005 0.649989
  0.040746 0.961444 1.964407 0.503576
  0.287610 0.110670 1.176141 0.800981
  0.923611 0.810983 -1.322672 -0.488138
  0.421591 0.619703 0.350400 0.381469
  0.929385 0.438605 -0.174968 0.419569
  0.370731 0.663242 -0.507339 0.542806
  0.472257 0.016655 0.171260 -0.546387
  0.462517 0.742370 -2.274998 -0.136495
  0.368974 0.874813 -1.258127 -2.373240
  0.685682 0.577469 0.924980 -1.236189
  0.480022 0.349034 0.001611 -0.329889
  0.005922 0.375621 -1.336852 -0.752949
  0.676877 0.776652 -1.199171 -0.483636
  0.553775 0.246944 1.038389 0.051606
  0.245163 0.636650 0.322935 0.064986
  0.999492 0.439508 -0.116041 1.326368
  0.068996 0.857814 0.082475 0.629841
  0.831026 0.855445 -0.031840 -0.797006
  0.327909 0.261670 1.503313 1.149879
  0.585051 0.782629 -1.163220 0.193983
  0.999466 0.038368 -0.117225 1.716027
  0.243267 0.733159 -0.130402 -0.666730
  0.053591 0.845773 0.900318 0.497980
  0.025469 0.016312 -1.043411 0.636796
  0.121823 0.139844 1.658406 1.136917
  0.571234 0.206410 -1.871932 -0.080552
  0.474887 0.643503 -1.306701 2.234841
  0.505601 0.082992 0.523898 -0.992224
  0.066340 0.593876 -0.096615 -0.624534
  0.892066 0.148861 -0.257304 -1.646572
  0.874564 0.351053 1.010646 -1.068746
  0.597458 0.881064 -0.920616 0.898945
  0.560593 0.017751 0.187349 0.332509
  0.201240 0.819716 0.898427 -1.242944
  0.507204 0.774905 -2.143324 3.047398
  0.980805 0.683116 -1.928144 -0.996882
  0.961682 0.022452 2.163217 -0.442019
  0.333794 0.010742 -0.228029 -2.585210
  0.731940 0.328882 -1.451635 -1.043350
  0.330528 0.161183 -0.023246 -0.197447
  0.579119 0.132505 -2.483878 1.127643
  0.392016 0.073916 -1.772123 0.933309
  0.482346 0.716359 -2.687080 -0.227547
  0.432725 0.650978 1.623516 0.648319
  0.929673 0.862904 -0.735266 -1.173457
  0.113663 0.548696 -0.844665 1.096716
  0.345641 0.871502 -0.339547 0.699855
  0.645893 0.446737 1.435491 -0.375132
  0.761495 0.798092 0.868390 -0.514709
  0.913009 0.915509 -0.725134 0.863917
  0.639270 0.680181 -1.753775 -0.424506
  0.181536 0.754780 -0.384914 -0.277312
  0.823064 0.358386 0.068349 1.015152
  0.020820 0.728450 0.481847 0.872426
  0.059176 0.888704 0.710465 0.490353
  0.888138 0.450302 0.278715 1.065846
  0.354620 0.608612 -0.056447 -2.110350
  0.995878 0.434138 -0.558322 -1.720899
  0.487068 0.600186 0.442516 1.507347
  0.935058 0.505430 -1.324082 -0.061858
  0.585879 0.412355 -0.219187 1.279698
  0.294563 0.353730 -0.361625 0.157960
  0.782629 0.969659 0.751044 -1.041377
  0.877525 0.422707 -0.136780 -1.782074
  0.385186 0.472236 0.679436 1.329011
  0.344893 0.417240 0.750954 1.425763
  0.889518 0.771799 -0.378480 0.094188
  0.337632 0.770285 -0.952391 0.295843
  0.421723 0.097684 -0.357830 -0.513870
  0.656631 0.088835 -1.127033 0.053488
  0.469691 0.105847 -0.094534 -1.680509
  0.573510 0.383807 1.323662 -0.304018
  0.479692 0.953617 2.168418 0.050280
  0.058645 0.424222 2.242727 0.834668
  0.389446 0.851970 -0.676615 0.994637
  0.036092 0.972407 -0.764396 -0.760639
  0.752760 0.823130 -1.243801 -1.357631
  0.516770 0.382668 -1.016906 0.800987
  0.930238 0.799816 -0.988632 0.705280
  0.960366 0.926384 0.441526 1.196201
  0.004607 0.734064 -0.251441 -1.291763
  0.320638 0.292632 0.746334 -1.148548
  0.704871 0.485959 -0.236495 0.888779
  0.212915 0.117310 0.052060 -0.070223
  0.813799 0.456487 -1.712377 0.466464
  0.330932 0.610431 -2.115618 0.316577
  0.199791 0.632424 -1.646024 -0.310016
  0.766933 0.262488 0.492827 -1.736614
  0.111829 0.923151 2.819823 0.301219
  0.466264 0.530185 0.505606 -0.090188
  0.973595 0.259703 -0.606761 -0.033266
  0.969529 0.950337 0.770953 1.793023
  0.794957 0.052224 1.373208 2.077102
  0.394266 0.555999 -1.010183 0.098849
  0.660623 0.896808 -1.230576 0.288178
  0.452320 0.342574 -0.790754 -0.060738
  0.148256 0.936167 0.604895 -1.939797
  0.044115 0.793051 2.996093 -0.962361
  0.327712 0.941370 -0.584529 0.958200
  0.126082 0.449521 1.082510 0.388701
  0.714374 0.004245 0.128308 -1.872343
  0.972760 0.664957 -0.302316 0.586601
  0.854509 0.825727 -0.047084 1.235066
  0.992389 0.036165 0.785103 0.325177
  0.236203 0.590498 -1.174423 0.945652
  0.390104 0.072218 0.509109 0.666786
  0.421873 0.952021 -0.857411 0.087841
  0.145511 0.999165 0.694236 -0.710676
  0.136049 0.280634 0.538266 -1.792730
  0.802253 0.285899 -0.974821 1.416730
  0.902017 0.184271 -0.511067 1.058263
  0.320402 0.038727 -0.502901 1.390599
  0.530475 0.276673 0.548708 1.388282
  0.018631 0.941327 -1.814996 0.082523
  0.788805 0.232568 0.125148 -0.522917
  0.172826 0.596631 -0.475701 -0.302047
  0.253006 0.409156 0.087197 0.891929
  0.123942 0.569852 1.334440 1.577723
  0.626806 0.568685 0.015331 -0.378325
  0.645619 0.145022 -0.119363 1.762924
  0.884921 0.932879 -1.080137 -0.291141
  0.722874 0.238433 0.456111 -0.524818
  0.715213 0.687542 0.046729 -0.232984
  0.806916 0.220791 0.523838 0.102733
  0.793800 0.304331 0.082724 0.948633
  0.231551 0.152576 -0.090153 -0.605614
  0.988672 0.195434 0.809327 -0.927020
  0.659260 0.642256 -0.944307 0.790487
  0.227346 0.441997 0.001111 0.123831
  0.338575 0.417545 3.060265 1.277081
  0.746797 0.234145 0.706383 0.148972
  0.720974 0.593832 1.875717 -0.042854
  0.444951 0.614483 0.208354 0.366833
  0.292064 0.151309 -2.019825 -0.799348
  0.806396 0.391144 -0.019297 -0.179157
  0.438892 0.614733 -1.103996 -1.037351
  0.381511 0.237751 1.585183 -0.887358
  0.988519 0.908607 -0.111462 0.901188
  0.781228 0.725188 1.777095 0.871826
  0.497920 0.414172 2.046391 0.430776
  0.663301 0.183470 -0.549357 -0.815904
  0.292918 0.289888 -0.653070 0.531008
  0.258685 0.478778 -0.719815 -0.689639
  0.029686 0.438200 -0.234755 0.116634
  0.194308 0.504554 1.189767 -0.590057
  0.890605 0.633702 -0.077873 0.637573
  0.516542 0.065865 0.962398 -0.311286
  0.584153 0.423323 0.160379 0.962747
  0.291925 0.429766 -2.090949 1.589374
  0.145286 0.592413 0.636818 -0.775877
  0.727764 0.914351 -1.487636 -0.226630
  0.819179 0.103938 0.858025 -0.776040
  0.799443 0.044406 -0.099449 0.002793
  0.710113 0.440200 -1.031872 -1.496131
  0.312545 0.976821 -0.872873 -0.581951
  0.709225 0.814053 -0.081727 0.515276
  0.414935 0.557492 0.689410 -1.331020
  0.810719 0.006683 1.048492 -0.837040
  0.860742 0.146409 1.080189 -0.915497
  0.081655 0.312986 0.208172 1.038040
  0.435296 0.023096 -0.423223 0.482602
  0.742670 0.834633 0.466510 1.060524
  0.813750 0.381517 1.172261 0.498879
  0.017261 0.685552 -0.701073 0.105104
  0.421838 0.593731 1.569811 -0.502668
  0.027958 0.255957 0.268971 0.725926
  0.757204 0.334663 -0.541449 -0.239234
  0.229066 0.271438 -0.337233 0.627594
  0.814891 0.189399 -0.460942 -1.630262
  0.700636 0.244870 3.288785 -1.676970
  0.811927 0.378076 -0.383942 0.127871
  0.415893 0.277549 -2.796190 -2.272522
  0.352911 0.663357 -0.092596 0.533325
  0.467221 0.677485 1.876248 -0.603137
  0.138441 0.173997 -0.567162 1.144995
  0.727792 0.647567 -0.011187 0.402497
  0.392147 0.980792 -0.790556 -0.726948
  0.446146 0.712086 1.364695 -2.155992
  0.930178 0.540340 0.144479 0.645348
  0.799782 0.415107 -1.095506 0.070508
  0.375729 0.532851 1.686974 1.280905
  0.997908 0.118806 -0.095653 -1.326039
  0.608806 0.225094 1.688230 2.661675
  0.833979 0.550393 -0.105360 -0.208117
  0.927042 0.291130 0.272761 -1.551504
  0.735117 0.809988 -0.059130 0.516513
  0.602930 0.943561 -0.519515 -0.457584
  0.226287 0.361366 -0.696578 -0.029623
  0.632939 0.634437 0.910823 0.232323
  0.264943 0.344528 1.444903 0.468691
  0.402532 0.857277 1.044389 -0.155906
  0.129651 0.152886 -1.397093 0.006711
  0.376125 0.110388 -1.407147 -0.416320
  0.424135 0.990100 -0.793815 -0.372665
  0.891264 0.549095 -0.751698 0.514155
  0.308944 0.650359 1.033684 -0.365601
  0.120476 0.916998 -1.594064 -1.405452
  0.613047 0.636052 0.451872 1.406066
  0.085067 0.067328 -0.660682 -1.928732
  0.368839 0.827968 0.843813 -0.445172
  0.740986 0.186216 -1.048047 -1.608710
  0.444420 0.285288 1.749039 0.385104
  0.704057 0.081282 0.491246 0.258995
  0.626956 0.805942 0.633435 -0.600851
  0.396193 0.160825 -1.089196 0.452444
  0.980788 0.159261 2.132738 1.713833
  0.940248 0.783250 0.217286 0.420471
  0.742722 0.684931 -0.946562 0.759838
  0.348898 0.861674 -1.420255 -0.659870
  0.683309 0.404382 0.291031 -0.801159
  0.614517 0.246374 -1.837501 2.466271
  0.703817 0.974897 -1.862181 -0.069785
  0.241815 0.770086 -1.413865 1.446222
  0.549444 0.305616 0.669077 -0.018000
  0.873515 0.981473 -0.485299 -1.782487
  0.774511 0.915155 0.134763 1.697449
  0.091650 0.653058 -0.066955 -1.469473
  0.869621 0.037054 -1.834374 1.817798
  0.498105 0.718991 1.045178 0.138687
  0.259212 0.529138 -0.018644 0.629135
  0.707557 0.620938 -1.059634 -1.682128
  0.562412 0.336314 0.247459 -0.136625
  0.881822 0.046304 -2.174815 -0.561232
  0.535614 0.121670 -0.841058 0.470272
  0.589142 0.132807 -1.556143 0.855593
  0.270515 0.241690 -1.487416 0.742079
  0.676851 0.108367 -0.803711 1.674918
  0.239912 0.903883 0.182432 -0.774689
  0.201310 0.769669 -1.145635 0.068943
  0.186806 0.918479 0.939110 -0.003527
  0.465247 0.026478 -0.274818 1.146111
  0.477067 0.981845 0.414742 0.511871
  0.579357 0.692872 -0.793816 -1.163270
  0.825126 0.877044 0.782468 -0.697992
  0.155576 0.046879 -0.098790 -1.396725
  0.564164 0.718105 -0.393789 0.202503
  0.764630 0.508710 -0.487637 2.750851
  0.403710 0.564552 -0.142217 -0.325353
  0.233604 0.038833 0.462214 -0.423913
  0.448858 0.021224 -0.030412 -0.274753
  0.428104 0.225332 1.102203 0.251067
  0.436921 0.067325 -2.273077 0.442872
  0.484194 0.045746 0.754981 -0.633462
  0.688128 0.269696 0.332354 -0.680185
  0.781519 0.203796 0.124097 0.455406
  0.954800 0.604748 -0.259767 -0.000283
  0.240193 0.504592 -1.313140 1.398839
  0.243143 0.632548 -1.570967 0.276706
  0.762997 0.101806 -1.609782 0.429176
  0.431311 0.644807 -0.998181 0.363821
  0.380090 0.764084 0.981996 -0.232975
  0.740455 0.509358 0.188955 -1.176741
  0.899296 0.046168 0.231415 0.100674
  0.886453 0.980153 -0.274617 -1.095811
  0.899645 0.221738 -1.980996 2.511200
  0.641962 0.030866 -0.176114 0.332502
  0.335781 0.197308 -0.025858 -2.277416
  0.702542 0.742356 1.214902 0.941545
  0.667174 0.139923 0.796992 1.802998
  0.468154 0.757821 0.524587 -1.267851
  0.268421 0.312736 0.738699 0.185689
  0.437376 0.568106 0.357640 1.290451
  0.007591 0.543012 -0.366345 -0.540126
  0.484855 0.873235 0.591067 0.833295
  0.094086 0.771729 -1.767851 -1.810672
  0.124609 0.962758 0.649970 -0.358737
  0.978494 0.011824 -0.003292 1.157648
  0.611326 0.276716 0.136872 0.321471
  0.701452 0.276035 -0.521884 0.473255
  0.400051 0.176373 -1.244940 -1.834449
  0.082291 0.403122 -0.841568 1.640671
  0.223997 0.097736 -0.769558 1.771042
  0.552558 0.773050 -0.026040 -1.789929
  0.089403 0.638163 -1.633368 0.641629
  0.178482 0.481000 -1.349461 -0.236115
  0.162389 0.300818 0.531164 0.201838
  0.649309 0.052529 1.466901 -0.552347
  0.411391 0.121238 0.064866 -1.137499
  0.640730 0.082054 1.552527 0.420595
  0.590052 0.013183 0.667300 1.971117
  0.018328 0.167572 0.442359 -0.921933
  0.014743 0.857920 0.242075 0.809509
  0.726959 0.459830 0.193556 -0.519616
  0.216927 0.338085 0.322118 -0.662052
  0.031573 0.277534 0.675224 -0.084616
  0.823466 0.434238 -0.561441 1.982261
  0.063427 0.241835 2.026579 -0.977647
  0.520934 0.913657 1.288410 0.462945
  0.425661 0.366236 -1.403578 -0.966192
  0.460646 0.984244 1.231314 0.056752
  0.708324 0.001258 0.753863 -1.076924
  0.178620 0.584513 0.058736 -1.986134
  0.716271 0.494997 -1.982804 -0.519377
  0.130775 0.559812 0.088192 -1.275830
  0.163380 0.460941 -0.624194 0.486716
  0.532830 0.868927 1.131200 1.263848
  0.049429 0.395922 -0.545736 -0.851207
  0.980809 0.212629 -0.718012 -0.374938
  0.907137 0.174626 -1.388488 -0.385915
  0.181256 0.151866 0.355092 0.541592
  0.130667 0.794881 -0.497211 -0.489403
  0.820759 0.983581 -2.300614 -0.228121
  0.306284 0.674786 0.909245 -1.614649
  0.268952 0.635807 -0.941792 1.174645
  0.202595 0.850345 1.159060 0.179130
  0.212082 0.778969 -0.968415 0.291327
  0.692345 0.499425 -0.935522 1.277777
  0.785620 0.593933 -0.257959 -1.735064
  0.395532 0.525003 0.195941 0.640057
  0.425541 0.697287 -0.776112 -1.069768
  0.250654 0.827840 -0.255699 -0.574209
  0.402537 0.981614 1.118431 1.273102
  0.165426 0.183060 -0.702378 1.606737
  0.012919 0.845456 -0.608329 -0.678621
  0.175791 0.396411 2.121499 0.746762
  0.512675 0.155350 -0.297436 1.405547
  0.071098 0.767672 0.301487 -1.155395
  0.912754 0.286433 -1.432360 -0.954521
  0.112209 0.668220 -0.982537 0.591269
  0.770317 0.097743 1.263968 -0.000042
  0.743939 0.058980 0.535030 1.739852
  0.756975 0.533740 0.654676 0.482806
  0.473835 0.608423 0.788417 -0.802452
  0.717189 0.046835 0.661298 1.301114
  0.573234 0.905650 -1.395693 0.098103
  0.614040 0.883917 0.975025 1.505455
  0.480411 0.125078 1.926128 -0.215631
  0.543155 0.286833 -0.836623 0.502891
  0.253350 0.826436 -0.747062 2.505261
  0.859845 0.475700 1.068236 -0.436314
  0.396850 0.799156 1.313827 0.004953
  0.150239 0.205159 -0.222040 -1.014671
  0.283934 0.112785 -3.381982 1.545785
  0.887674 0.350367 0.347457 0.711842
  0.227451 0.414081 2.192622 0.007280
  0.008395 0.498654 -0.466571 2.094756
  0.985354 0.018730 -1.238276 0.225513
  0.637584 0.144689 -1.053967 -1.525335
  0.282547 0.151240 -0.424131 -1.108994
  0.635803 0.320468 0.199295 -0.840735
  0.169969 0.095619 1.041907 1.956113
  0.861828 0.261608 -0.407614 -1.085125
  0.450705 0.799085 0.143967 0.962496
  0.517193 0.516366 -0.506464 0.838908
  0.662772 0.506890 0.223972 -2.416239
  0.572879 0.075878 0.992241 -0.415921
  0.567244 0.342017 -0.294088 0.237842
  0.563782 0.510259 0.109894 -1.137691
  0.853783 0.012392 0.091635 -1.510985
  0.484764 0.352971 -0.092404 -1.876072
  0.251846 0.293444 0.321639 1.186450
  0.164591 0.467004 0.367073 0.726332
  0.180507 0.977130 -0.101249 0.638990
  0.957212 0.744681 1.234092 0.764021
  0.364801 0.593595 0.765209 -1.274277
  0.152248 0.262223 1.687689 0.145211
  0.626949 0.385556 1.639689 -0.047761
  0.398695 0.080964 -0.722394 -0.317445
  0.406368 0.210019 -0.840364 -1.105537
  0.176579 0.206504 -0.108743 -2.845254
  0.913745 0.715540 1.621972 -0.684312
  0.110212 0.336093 -0.417034 0.684204
  0.893738 0.593742 -0.190096 -1.813588
  0.418810 0.680698 0.375215 -1.158689
  0.014771 0.013550 1.330422 0.576579
  0.593688 0.626628 -0.335271 0.311798
  0.749438 0.021334 -1.044540 1.494809
  0.378633 0.848906 0.051294 -0.073922
  0.322156 0.831972 0.088306 0.271058
  0.683585 0.639502 -0.431649 0.161586
  0.493814 0.341824 0.560927 -0.878100
  0.011900 0.090069 0.912557 1.666390
  0.203496 0.714189 1.215173 -1.832914
  0.338486 0.885520 -0.566677 -0.433204
  0.343981 0.620904 0.545896 0.784445
  0.946340 0.764948 -0.036742 1.285901
  0.673093 0.816473 1.799640 -1.398875
  0.060806 0.850608 0.052671 -0.913554
  0.978738 0.458297 0.942074 -1.016257
  0.908978 0.133113 -0.894730 -1.918526
  0.021966 0.263120 0.238484 1.330222
  0.201945 0.060917 -0.201528 -0.919068
  0.954396 0.965816 0.181131 -1.917134
  0.441590 0.813832 -0.025973 -1.903791
  0.801994 0.318828 -0.565701 0.770171
  0.625143 0.903799 1.360866 1.195893
  0.335363 0.322425 -1.250708 2.252486
  0.637176 0.101767 -0.221144 0.719305
  0.098218 0.567629 0.829947 -1.430179
  0.439389 0.445773 -0.449604 0.394814
  0.769313 0.819404 1.573662 0.640084
  0.117931 0.106439 0.424925 -0.080316
  0.882313 0.571399 -0.443779 0.199659
  0.530296 0.538174 1.078350 0.414922
  0.957531 0.259973 -0.757616 -1.775742
  0.171271 0.739888 -0.623472 0.568123
  0.084433 0.804903 -0.747276 1.154256
  0.091672 0.748751 1.995615 0.890666
  0.067728 0.554894 0.456999 0.425278
  0.775772 0.329732 0.257715 -1.306709
  0.098520 0.364142 -0.767124 -0.539816
  0.271304 0.059770 0.843822 -0.831128
  0.706352 0.388520 0.918433 0.021974
  0.642823 0.971608 -1.277746 0.222468
  0.354747 0.363549 0.107104 -0.523876
  0.525804 0.805516 1.493276 0.423936
  0.830698 0.998954 -1.690013 0.148475
  0.829013 0.952492 0.068802 0.300654
  0.054603 0.223738 -0.272327 0.341637
  0.690498 0.953774 0.679815 0.217651
  0.928039 0.898355 -0.111056 0.386408
  0.231873 0.987451 -0.946427 0.073709
  0.199846 0.815600 -0.741927 -1.311892
  0.264315 0.529048 -0.477981 0.273908
  0.846997 0.691520 -0.955310 0.687460
  0.815341 0.733490 1.271367 1.293600
  0.939934 0.313402 -0.549621 -0.343285
  0.445237 0.380066 2.198996 -0.515920
  0.431697 0.014416 -0.635490 0.542542
  0.154487 0.723133 -1.432199 0.430164
  0.740551 0.294278 1.775131 0.340990
  0.732808 0.163120 0.414848 -0.329708
  0.664944 0.474820 0.667498 -0.767703
  0.174264 0.176674 1.465398 -0.907870
  0.486966 0.015856 -1.807789 -0.477213
  0.980624 0.109088 -0.572682 0.042510
  0.881809 0.041637 0.003175 0.865854
  0.610048 0.183682 0.681053 0.282174
  0.821579 0.364150 -0.528651 1.755071
  0.649224 0.858597 0.205942 -0.871111
  0.147239 0.678565 2.385856 -0.586518
  0.701423 0.357002 0.226177 -0.238157
  0.249948 0.226329 1.754171 -2.189015
  0.538046 0.704605 0.070187 0.541162
  0.667640 0.009968 0.328387 0.498000
  0.786375 0.903868 0.387600 0.040772
  0.079981 0.860267 0.192717 0.918968
  0.395129 0.245989 0.297743 0.815185
  0.750904 0.675006 2.185219 -0.169071
  0.285586 0.312529 0.153778 1.217611
  0.984202 0.442929 -0.836278 0.718137
  0.162786 0.004500 -1.441060 -0.062178
  0.068132 0.520221 0.765300 0.002443
  0.019750 0.691297 -0.031264 -0.466300
  0.358556 0.397310 1.294101 0.062110
  0.328022 0.663205 -1.428534 -2.121939
  0.996576 0.127110 2.453657 -1.107544
  0.472150 0.255247 -0.793911 -0.406368
  0.785303 0.567154 2.431833 1.230117
  0.146575 0.447052 1.502126 0.849732
  0.046569 0.951854 0.539023 -0.098676
  0.486471 0.519139 0.487674 0.711936
  0.371529 0.104899 1.828896 0.517890
  0.561172 0.851189 1.265247 1.022128
  0.207592 0.928524 -0.936238 -0.613830
  0.805880 0.379454 1.001355 -0.574249
  0.387626 0.982085 -0.082699 -0.244643
  0.624831 0.787828 -0.216361 0.161785
  0.666643 0.674160 -2.454322 -0.679085
  0.791247 0.080651 0.091718 -0.253908
  0.696364 0.978373 -0.450737 -0.050794
  0.915375 0.727955 0.638249 0.103868
  0.849713 0.700267 -0.986589 -0.202250
  0.458847 0.501775 -0.431075 -0.607163
  0.021701 0.508542 1.046294 0.424236
  0.035858 0.582464 -0.160283 0.155321
  0.175062 0.767935 -1.010989 1.571911
  0.106402 0.608776 -0.375521 -1.680583
  0.626349 0.315557 -0.568519 0.056339
  0.268205 0.498419 -1.190182 -0.012162
  0.107365 0.641365 0.133343 0.978206
  0.445421 0.203235 0.160426 0.234493
  0.603098 0.266302 -1.223924 -1.720625
  0.796056 0.993552 -1.065347 -1.392356
  0.768333 0.599128 1.268369 -0.335799
  0.923921 0.981027 -0.954599 1.786440
  0.639093 0.156984 1.334030 0.613762
  0.165411 0.895592 -1.399675 0.126576
  0.232813 0.134493 0.291264 0.825441
  0.601966 0.403838 0.504287 -1.700166
  0.390686 0.788883 -0.261793 -0.951960
  0.847891 0.238173 -1.780044 0.179849
  0.157441 0.252895 -0.663689 0.914053
  0.002893 0.521026 -0.965331 0.738624
  0.611213 0.397759 0.916327 -0.158035
  0.469322 0.755232 -0.970833 -1.346031
  0.515767 0.199833 -0.056287 -1.853616
  0.830611 0.282777 0.361728 0.173262
  0.463235 0.073556 0.532876 1.381888
  0.338031 0.346370 0.838729 -0.561228
  0.786478 0.706387 -0.742512 -1.729507
  0.784968 0.483080 -2.115302 -0.284683
  0.325642 0.061973 0.194504 -0.534227
  0.985573 0.263246 0.319773 1.024938
  0.515651 0.719954 0.012157 1.187990
  0.396296 0.390269 0.821940 0.056698
  0.379402 0.994932 2.097933 -1.412120
  0.445842 0.791062 0.212797 -0.597718
  0.486111 0.649840 -0.328354 -0.301036
  0.887942 0.897837 0.440062 -1.071075
  0.694068 0.467976 0.405319 0.751532
  0.528134 0.486724 -0.067055 -0.025595
  0.692783 0.194130 -1.114775 2.341634
  0.113864 0.721930 -0.179944 -0.896772
  0.332394 0.103782 0.457701 -0.560360
  0.321999 0.227672 0.384915 -0.228175
  0.122502 0.884892 -0.507272 -0.036344
  0.511361 0.212043 -1.289655 -0.729777
  0.642297 0.667686 1.065998 2.095841
  0.144508 0.636270 -1.688875 1.262450
  0.318316 0.015392 -0.528836 -1.000270
  0.168626 0.775976 -1.424524 1.789086
  0.986845 0.956943 0.015274 1.093305
  0.608519 0.273931 -1.093214 1.009292
  0.523433 0.325039 1.851570 -0.123001
  0.162433 0.179220 -1.630891 -0.534586
  0.548176 0.772981 0.541181 -0.446520
  0.028097 0.871825 -0.011758 1.897670
  0.902959 0.130276 0.513860 1.028456
  0.065400 0.502817 -0.868042 0.746176
  0.800938 0.063269 -0.221448 2.161206
  0.609695 0.434531 -1.088143 0.534036
  0.890713 0.293999 -0.862966 0.096968
  0.052251 0.672117 -0.421355 -0.238016
  0.223269 0.722807 1.339921 -1.223418
  0.737109 0.406076 -0.273327 -0.072839
  0.843739 0.823965 -0.159226 -0.866059
  0.930935 0.940053 1.256489 0.688448
  0.037675 0.365260 -0.527355 -0.000914
  0.195890 0.999391 -3.337560 -1.060587
  0.056721 0.086299 -0.538256 -0.405284
  0.846110 0.934922 0.783583 -0.870453
  0.402181 0.968455 1.142486 0.998735
  0.953289 0.481820 -2.248943 0.245870
  0.418106 0.481027 0.016840 -1.034171
  0.924477 0.667404 1.728931 0.365149
  0.966805 0.315753 -0.434928 -0.685948
  0.850214 0.206792 0.318497 1.813575
  0.542330 0.232552 -0.138294 -0.207734
  0.217221 0.654529 -0.867912 -0.857918
  0.027468 0.231256 -1.914307 -0.079822
  0.357668 0.965279 0.704594 0.370365
  0.564199 0.208696 2.253214 1.624739
  0.660940 0.892239 -0.777805 0.969853
  0.302427 0.157547 -0.760996 1.078293
  0.680130 0.701694 -0.916830 2.670310
  0.443547 0.931959 0.112720 0.723912
  0.417274 0.102895 -0.020304 0.862584
  0.947349 0.720856 0.206601 0.818965
  0.198255 0.491628 0.067636 -1.428428
  0.057646 0.627946 -0.584454 -1.769618
  0.234731 0.891429 1.890715 1.041379
  0.338873 0.325411 0.649221 0.898711
  0.848191 0.994268 2.245133 2.092514
  0.496601 0.547198 1.087258 -0.101100
  0.099003 0.953355 0.755052 0.538854
  0.372113 0.275248 -0.057307 -0.535061
  0.700562 0.956535 0.288959 1.513657
  0.890804 0.730640 1.228047 -1.317576
  0.373033 0.610707 -1.300738 -1.661355
  0.753136 0.463705 0.498367 -1.271839
  0.885038 0.030216 -0.003505 0.760747
  0.620533 0.352269 -0.240003 0.162995
  0.191453 0.787828 0.021825 -0.683714
  0.374918 0.294287 1.596354 0.090753
  0.178513 0.026591 -0.639517 0.508192
  0.223387 0.937244 0.027853 -1.539235
  0.083281 0.374014 -0.282092 1.350058
  0.126658 0.289863 -1.119938 0.694323
  0.108580 0.823459 -0.105904 -0.768242
  0.137781 0.882422 -0.611838 1.185203
  0.116003 0.698236 0.399657 1.051092
  0.109132 0.080659 -1.854097 -0.499683
  0.060931 0.229372 0.667559 -0.325927
  0.772712 0.695948 -0.252887 -0.473820
  0.853319 0.918707 -1.559914 0.926361
  0.996861 0.324558 0.092775 -0.114855
  0.356748 0.656430 -0.171280 -0.072327
  0.078470 0.221868 -0.626057 -0.390916
  0.960960 0.788368 -0.387028 3.216495
  0.473134 0.010217 -0.526704 -0.398620
  0.921000 0.099703 0.224822 0.086974
  0.001017 0.516734 -0.529670 -0.348273
  0.975834 0.981695 0.522610 0.190936
  0.300687 0.802843 1.038491 -1.961596
  0.010975 0.616645 -0.554620 0.846824
  0.002465 0.178384 -0.818452 -2.028037
  0.913902 0.868442 0.133122 -0.474885
  0.756015 0.572272 -1.751122 0.011185
  0.878320 0.158960 -0.243398 -1.929194
  0.808098 0.184976 1.553378 1.307163
  0.193030 0.911600 0.205247 0.493407
  0.488719 0.518625 -0.181061 1.735750
  0.191789 0.994061 0.433215 -1.408525
  0.003078 0.187398 -0.778460 0.948750
  0.929285 0.002095 1.472278 -0.366068
  0.363427 0.214654 0.016094 1.160964
  0.399740 0.432300 -0.095880 0.554409
  0.585987 0.343320 0.284884 -0.495346
  0.439565 0.279424 -0.688191 -1.085093
  0.006152 0.963316 -1.393195 -0.230421
  0.222971 0.047791 -1.850248 0.450595
  0.564331 0.282781 0.411549 1.102045
  0.352847 0.408560 -0.493270 -0.070091
  0.313251 0.736252 -1.789693 0.732137
  0.709244 0.153525 0.358579 -0.443191
  0.468056 0.254259 -0.696490 1.664379
  0.941091 0.349900 0.085046 -0.733202
  0.436725 0.083582 -1.948480 0.733803
  0.787929 0.480508 -1.113595 0.526693
  0.923338 0.700294 -1.021500 1.853041
  0.999964 0.276274 0.207552 -0.100789
  0.472946 0.494661 -0.875486 2.462730
  0.458944 0.543665 0.970992 0.899463
  0.556775 0.366036 0.547059 1.132086
  0.729202 0.264467 -0.204858 -0.587850
  0.730467 0.387032 -1.034250 0.697596
  0.373874 0.441193 0.907838 -0.064212
  0.532578 0.711355 -0.020269 -1.519220
  0.935256 0.341661 -1.019580 0.918400
  0.555113 0.318518 -0.394047 -0.659191
  0.869674 0.873892 -0.217255 -1.214653
  0.773638 0.875207 0.846117 -0.621903
  0.031580 0.178016 0.091491 0.435861
  0.215534 0.904071 -1.158002 0.511636
  0.228287 0.908404 -0.901110 -0.522772
  0.143462 0.627112 -1.244116 0.927939
  0.295097 0.738949 -1.056916 0.112806
  0.919636 0.013023 0.741325 0.886482
  0.085204 0.094268 0.700322 1.418026
  0.190470 0.673184 -0.672922 -0.967465
  0.279967 0.507354 -0.890362 0.068079
  0.363348 0.493387 -0.743070 0.092268
  0.621278 0.844292 -1.612380 -1.184875
  0.001440 0.574237 1.323863 1.638598
  0.521522 0.833835 -2.451971 0.101465
  0.927884 0.350930 -0.728035 0.946733
  0.713675 0.474957 0.637057 1.008684
  0.006147 0.699802 0.456441 -0.900069
  0.490609 0.183815 -0.312795 0.373926
  0.519962 0.122382 0.494392 1.042504
  0.070580 0.921740 -0.308386 -1.755476
  0.122945 0.356419 -0.313131 -1.490960
  0.466411 0.787497 1.060273 -2.359063
  0.488987 0.109473 1.032350 2.346576
  0.062035 0.765706 -0.931781 0.927490
  0.460039 0.780095 -0.213207 0.003673
  0.273269 0.748042 -0.768021 0.505214
  0.610803 0.680978 0.485984 -0.929892
  0.920967 0.746950 -0.427481 0.550468
  0.741732 0.326261 1.526096 0.315461
  0.879007 0.781035 0.312136 0.253119
  0.767861 0.834864 -0.796685 -0.184975
  0.649820 0.305717 -1.026738 -0.527307
  0.033357 0.175285 0.201152 -0.778393
  0.952122 0.325218 1.039176 -0.476843
  0.957618 0.292793 -2.166322 -0.585259
  0.995425 0.506748 0.706401 0.814854
  0.046642 0.150416 -0.695520 -0.950892
  0.974256 0.849515 -1.095453 -0.359442
  0.270697 0.898892 -0.338955 0.553186
  0.895629 0.457828 0.569606 0.269766
  0.815673 0.254864 -0.676905 -1.914088
  0.338452 0.174186 0.490703 0.074036
  0.900636 0.725814 -0.004891 -2.183760
  0.216939 0.302620 -0.960720 1.663348
  0.283229 0.642546 1.167940 0.120373
  0.680445 0.671726 0.237821 -0.619986
  0.250011 0.706063 -0.841295 -0.247190
  0.551617 0.046528 -0.102888 -0.898739
  0.350239 0.061523 -1.704199 -0.025162
  0.626512 0.062858 0.650541 -0.986979
  0.135909 0.875466 -0.971730 1.499910
  0.999613 0.096891 -0.698361 0.524437
  0.224521 0.107501 0.054011 -0.158296
  0.594402 0.152549 0.129890 0.795431
  0.934884 0.521926 0.621158 0.920772
  0.596031 0.132418 -0.021057 1.351518
  0.588327 0.761432 -1.238280 0.982850
  0.519624 0.450483 0.167319 0.343908
  0.972045 0.779947 -0.476960 0.173181
  0.072323 0.581309 0.728764 -0.465796
  0.460553 0.167678 -0.696133 2.005420
  0.839783 0.959482 -0.211263 -0.011668
  0.612902 0.449724 -0.676002 -0.655513
  0.836996 0.075663 -0.248237 -0.795476
  0.351750 0.655736 -1.002703 -0.686381
  0.413690 0.197787 0.136991 -1.102334
  0.371403 0.498509 -0.440266 -1.018929
  0.969640 0.115211 0.992482 0.497833
  0.593513 0.578296 -0.346233 0.601349
  0.371390 0.690243 -0.551108 -0.221252
  0.418436 0.724372 1.169298 -0.238739
  0.940541 0.319738 -0.425287 0.865185
  0.342391 0.601125 0.017245 0.601498
  0.816994 0.130716 -0.247665 -0.606552
  0.380665 0.665182 -1.143986 1.566334
  0.892947 0.731514 -1.887339 -0.615304
  0.973764 0.934488 -1.454395 -1.133401
  0.615651 0.735576 -0.854943 1.278807
  0.334118 0.866463 -1.615263 -1.397349
  0.948613 0.708351 0.550050 2.229751
  0.447944 0.534806 -1.376300 -2.458288
  0.885259 0.768442 -1.495422 -0.299327
  0.393145 0.314884 0.121825 0.021826
  0.231043 0.168370 -1.025076 -0.152655
  0.665898 0.102353 0.985535 0.229302
  0.487148 0.769922 -0.447613 -0.989616
  0.283855 0.957885 -1.025748 -1.850909
  0.332063 0.007033 -0.205751 -0.708357
  0.391079 0.390355 -0.247435 -2.597481
  0.627258 0.098422 0.581235 -1.694845
  0.806258 0.882560 -0.857127 1.298610
  0.754629 0.949929 0.119166 0.409125
  0.385556 0.815216 -0.425628 -0.458026
  0.677234 0.410081 -0.939534 0.826227
  0.327332 0.547183 0.055120 -2.014532
  0.221629 0.357140 1.788066 -1.432449
  0.729221 0.736219 0.639959 0.196280
  0.145886 0.032194 0.401863 0.715069
  0.606952 0.403200 0.779326 -0.193200
  0.536809 0.648461 0.775629 0.602872
  0.373940 0.531720 0.469239 1.240970
  0.214857 0.624940 -1.272409 -0.607510
  0.254592 0.257298 -0.969023 0.511208
  0.915374 0.393332 -0.103117 -0.437638
  0.455782 0.384758 -0.858148 -0.289692
  0.750796 0.104914 0.239056 1.050796
  0.522796 0.208913 -0.066824 -0.455118
  0.098024 0.558019 0.743537 1.663638
  0.519514 0.559851 0.894544 -0.025066
  0.467060 0.474651 -0.473632 0.149788
  0.649604 0.236466 0.625508 1.727283
  0.885239 0.841033 -0.305567 -0.103700
  0.905689 0.742882 -0.332218 -1.298155
  0.832390 0.404376 1.627002 -0.037979
  0.794165 0.555146 -0.225500 -0.913608
  0.549174 0.479412 -0.448979 1.539692
  0.627641 0.264461 -0.881377 -1.412459
  0.159057 0.318358 -1.325118 0.399810
  0.042339 0.394774 1.059655 -1.459633
  0.397171 0.800573 0.638568 0.439836
  0.951724 0.779634 -0.824251 -0.568111
  0.366448 0.324125 -1.660672 0.571525
  0.582854 0.770527 -0.270368 -1.542053
  0.481980 0.418513 1.352979 0.619325
  0.470379 0.755136 0.222347 0.306437
  0.340346 0.169668 -0.515190 1.213853
  0.368267 0.029454 -0.148925 -1.153437
  0.777861 0.734123 1.555817 1.872445
  0.725173 0.068927 -1.197855 -1.028325
  0.684492 0.699336 -0.416502 1.031794
  0.302255 0.382268 1.233673 1.056999
  0.676820 0.020721 -1.716888 -0.021261
  0.173448 0.513902 2.367399 0.680598
  0.882079 0.583777 -0.685036 -0.438048
  0.478607 0.163250 0.628451 -0.017676
  0.134338 0.983043 0.189036 2.276253
  0.408873 0.430781 0.050514 0.884898
  0.298065 0.210207 0.618328 1.186184
  0.680075 0.713465 0.209934 -0.255455
  0.327274 0.277810 -0.909913 0.166970
  0.709486 0.486610 1.307580 2.077629
  0.096572 0.344009 -0.356371 -0.215279
  0.037139 0.634547 1.798341 -0.807743
  0.473415 0.629818 0.713296 -0.467993
  0.441010 0.821210 0.205401 -1.054147
  0.910830 0.980584 -1.051382 0.752243
  0.780452 0.488054 -0.853579 -1.476769
  0.547154 0.114696 -1.745935 0.472943
  0.872968 0.548018 0.720315 -1.080996
  0.444016 0.587854 -0.237410 0.036305
  0.522184 0.307167 -2.119928 1.538777
  0.970890 0.977037 -1.124952 -0.602893
  0.490049 0.046578 0.162234 0.061942
  0.939139 0.414941 0.064592 0.292794
  0.471936 0.272480 0.488960 1.924505
  0.987252 0.948712 -2.445910 -1.293802
  0.164634 0.205514 0.771527 -0.898829
  0.142282 0.506610 -1.239705 -0.798187
  0.992352 0.084961 -0.299953 0.741634
  0.560042 0.844708 -0.073656 0.404179
  0.192000 0.642346 -1.035999 0.984400
  0.931078 0.943158 -0.997503 1.211563
  0.266667 0.472300 0.312846 -0.969603
  0.377038 0.363570 0.291970 0.742269
  0.178323 0.443618 1.534104 -1.195413
  0.718975 0.992365 -0.474886 0.213944
  0.727025 0.541014 -0.795642 -2.017496
  0.393599 0.342420 -2.214800 -0.025396
  0.860655 0.165147 0.210673 0.643243
  0.948313 0.560493 -1.081422 -0.607013
  0.356125 0.974221 -1.362885 -0.516142
  0.265116 0.375972 0.175291 0.232065
  0.909886 0.765853 1.174370 -0.819850
  0.684165 0.445378 -0.573917 0.395142
  0.484800 0.272561 -1.491795 0.303900
  0.993138 0.054279 0.260472 0.527519
  0.574020 0.798127 1.714297 -0.843647
  0.663127 0.673907 1.334654 0.849046
  0.365778 0.338657 -1.783589 0.487157
  0.684164 0.640367 0.257543 -0.522658
  0.382341 0.465422 -0.836362 0.698995
  0.630948 0.232705 0.486871 -0.025356
  0.420738 0.017393 0.635994 0.385528
  0.049837 0.710111 -0.471290 0.031206
  0.147581 0.441550 1.372582 -1.957426
  0.446537 0.180698 0.182836 -1.271769
  0.705236 0.553016 1.027684 -0.444482
  0.305036 0.217773 -1.003213 -0.324055
  0.389441 0.222706 -1.485083 0.177257
  0.358525 0.874233 -0.411795 0.346352
  0.617635 0.167682 0.700684 -0.310149
  0.560326 0.148300 -2.230385 0.702071
  0.116174 0.952123 -0.937155 0.388160
  0.424891 0.302849 -0.001428 1.124746
  0.236567 0.350962 0.758462 -0.918402
  0.883962 0.970631 1.439289 2.299839
  0.970512 0.607819 0.983092 0.510145
  0.177736 0.611469 0.164394 0.481338
  0.930980 0.566728 -1.395467 1.781253
  0.382492 0.958284 -0.211617 -0.946467
  0.278413 0.081913 0.928372 0.195832
  0.760985 0.153744 -0.817578 -1.040861
  0.324197 0.934531 -1.832089 -0.391231
  0.217493 0.461876 0.312387 -0.769447
  0.074926 0.016032 1.017457 -0.081581
  0.460690 0.053792 -0.059105 1.398289
  0.509039 0.020410 -0.606505 -0.872402
  0.310097 0.624169 1.954305 -1.841112
  0.530369 0.221781 0.948750 3.341285
  0.651693 0.037749 -0.380130 0.396504
  0.873916 0.601687 -0.998831 -0.628696
  0.938999 0.971031 0.711939 -0.145303
  0.255242 0.647177 -0.671384 0.486538
  0.209416 0.772999 2.698962 -1.217969
  0.886732 0.382952 -0.195497 -0.499822
  0.178584 0.430952 -1.799646 -0.512972
  0.321150 0.766053 1.247871 0.266359
  0.200210 0.993458 -0.272881 0.834878
  0.892367 0.166706 -0.524235 -0.460731
  0.810246 0.363534 -0.448461 1.422598
  0.278708 0.112110 -0.158161 0.579465
  0.209997 0.575041 1.175080 0.635237
  0.751100 0.259302 0.792322 1.943046
  0.147086 0.752900 -0.285185 0.282312
  0.508209 0.776944 1.162344 0.982509
  0.400647 0.153652 -0.758979 2.223475
  0.627669 0.622284 -1.423298 -2.228866
  0.491500 0.948132 -0.559296 -0.206059
  0.343776 0.484771 -0.795178 0.817272
  0.246467 0.127367 0.201731 0.034284
  0.658265 0.840683 -0.906095 0.283187
  0.738989 0.093117 -0.131082 0.212583
  0.106432 0.218168 1.357378 0.250301
  0.683022 0.203033 -0.296452 0.682992
  0.726805 0.892757 -0.517878 1.360979
  0.265462 0.294496 -1.591865 -1.432565
  0.663968 0.452514 0.568229 -0.719870
  0.933397 0.156853 1.420357 0.839444
  0.979291 0.460713 0.450955 -1.172704
  0.635773 0.893316 0.458466 1.367696
  0.145314 0.441385 -0.952798 0.671540
  0.624714 0.730072 -0.949008 0.173408
  0.719784 0.845278 0.003421 0.013204
  0.122831 0.394487 -1.293639 -0.115234
  0.708493 0.068213 -1.177833 0.458288
  0.588247 0.696348 -1.057084 -0.076414
  0.015765 0.872071 -2.020321 0.889427
  0.657089 0.206112 -0.978889 -2.066904
  0.948282 0.054679 0.303683 -0.305713
  0.219490 0.039533 -1.011629 -1.076445
  0.681254 0.551301 0.412790 -0.123199
  0.003608 0.933652 -2.013159 0.437576
  0.325486 0.024404 -0.816161 0.730506
  0.537459 0.217845 1.681540 -0.622551
  0.548624 0.228615 -0.982844 -1.247953
  0.398925 0.067849 -0.072537 -0.505479
  0.951337 0.920858 -0.427178 0.923229
  0.844655 0.526800 0.723821 0.339013
  0.027460 0.612829 -2.470372 -0.876836
  0.658307 0.063529 -0.286499 0.145221
  0.364159 0.074927 0.154177 -0.694316
  0.251516 0.883576 0.049864 0.564652
  0.067907 0.445229 -0.435197 1.238021
  0.909653 0.303787 1.188213 -0.485345
  0.118328 0.929947 -0.924701 0.389617
  0.285116 0.483451 0.045322 0.013389
  0.963503 0.575068 -0.472869 -2.026729
  0.222706 0.859388 0.564555 0.299412
  0.185821 0.588645 1.671302 1.255669
  0.212288 0.761919 1.610122 0.663121
  0.809338 0.528225 1.135187 -0.039837
  0.493029 0.971643 -0.023934 0.638209
  0.116087 0.551183 0.378385 0.559293
  0.919809 0.169705 0.159045 -0.832046
  0.751443 0.385044 0.386655 1.305724
  0.405980 0.336206 -0.513884 1.627479
  0.833983 0.290375 -0.498714 0.480279
  0.454466 0.564827 0.347141 0.897921
  0.589750 0.532786 1.100757 -0.674293
  0.388360 0.153704 0.727281 -0.553798
  0.988933 0.816643 0.087828 -0.365708
  0.494275 0.340936 -2.169065 0.042537
  0.731941 0.388237 -0.491735 0.900313
  0.648301 0.933274 -0.782554 1.483730
  0.380959 0.092255 -0.890039 -1.195483
  0.373003 0.853057 -1.535579 -0.549660
  0.867983 0.404840 -0.282628 0.893632
  0.607089 0.795928 0.277694 0.642561
  0.707418 0.633970 0.516327 0.055392
  0.224924 0.448846 1.842934 -0.412814
  0.015119 0.786462 -0.537097 1.381861
  0.104908 0.017890 0.021426 -0.923787
  0.122745 0.566496 -1.195895 -1.454586
  0.142984 0.041559 -1.233190 -1.699093
  0.574742 0.428078 -1.165582 0.018341
  0.703785 0.953587 -0.346113 -0.743945
  0.514727 0.923163 -0.277654 0.075898
  0.423983 0.867539 0.492792 -0.535015
  0.432871 0.139244 1.350209 -0.153161
  0.401417 0.592748 -0.325963 1.235491
  0.024464 0.898255 0.628214 -0.743080
  0.351980 0.183917 0.754649 -0.654833
  0.254359 0.950783 -0.623696 1.408030
  0.143208 0.920545 -0.211781 -2.110894
  0.708534 0.282847 0.402699 1.413867
  0.728669 0.685891 0.173583 0.076180
  0.816011 0.895998 0.668036 1.120861
  0.653790 0.729692 0.082522 0.393036
  0.968149 0.783422 1.331408 0.811375
  0.512456 0.294154 1.460782 -0.868130
  0.397197 0.045469 1.715867 -0.880894
  0.152455 0.538529 -1.081144 0.531685
  0.382018 0.760423 0.047270 2.064336
  0.028390 0.715734 -0.390175 -0.483084
  0.901789 0.485591 -0.290426 -0.348395
  0.280337 0.436672 0.257036 -1.144744
  0.730574 0.443322 -1.316022 0.442063
  0.837669 0.066244 -1.653371 0.318685
  0.023344 0.131175 -0.449251 -1.073348
  0.409484 0.754521 0.264962 0.599989
  0.012950 0.290434 -0.193960 -0.174353
  0.777013 0.892002 -0.220775 0.226301
  0.250406 0.247884 -0.070514 0.063974
  0.612266 0.553514 -0.507796 -0.226990
  0.063682 0.408042 1.988982 0.256726
  0.654860 0.305262 -0.662379 0.182228
  0.690530 0.854250 -0.109619 -0.642919
  0.064743 0.851186 0.048494 0.266270
  0.353751 0.523868 -0.060359 -0.065448
  0.890304 0.566910 1.584782 0.359672
  0.806087 0.883114 -1.515937 -0.593195
  0.497084 0.754028 -0.072346 0.203285
  0.995500 0.646796 -2.753932 -0.473474
  0.607071 0.369287 -0.046647 1.397621
  0.841666 0.561505 1.147037 1.517019
  0.063712 0.959734 1.388428 -1.031915
  0.619055 0.337761 1.026161 -0.239882
  0.608974 0.869142 1.561498 -0.525081
  0.653776 0.563809 0.174753 -0.845463
  0.498827 0.876038 0.919724 -0.038082
  0.077892 0.615269 0.420629 0.599588
  0.266527 0.848362 1.341559 -0.970505
  0.690144 0.415445 -0.556451 -0.812327
  0.283357 0.831038 0.166631 0.222119
  0.399950 0.118779 1.152243 0.311641
  0.238279 0.499661 0.247608 0.122681
  0.942638 0.241161 0.335625 -1.328508
  0.846678 0.788086 1.285901 -0.713430
  0.174148 0.143430 0.828694 1.402777
  0.972810 0.435321 -0.095747 0.250943
  0.617089 0.173148 0.568525 0.067385
  0.087556 0.814332 0.635359 0.917886
  0.812482 0.351947 0.793103 -0.298740
  0.768583 0.700745 -0.652394 -0.317272
  0.470398 0.906704 0.816072 -1.375629
  0.229782 0.437317 -1.109089 1.943955
  0.846716 0.009642 -0.100622 0.130018
  0.904861 0.836924 1.322512 -0.959383
  0.412619 0.902010 -3.182214 0.425313
  0.194229 0.852936 0.283358 -0.430439
  0.932528 0.790323 0.524636 -0.317706
  0.217344 0.005892 0.863011 1.993204
  0.377732 0.654839 -0.681462 2.067853
  0.655762 0.705945 -0.701384 -0.494078
  0.271874 0.109090 -0.696965 1.099472
  0.108246 0.897125 -0.125355 -0.030248
  0.143549 0.370532 0.697522 0.820980
  0.479426 0.995621 -0.034963 0.442211
  0.572704 0.285236 0.047836 0.987819
  0.312110 0.079633 -0.364903 0.217949
  0.192836 0.437021 -0.484153 0.845704
  0.034850 0.002262 0.795976 0.065051
  0.892572 0.317748 -0.325042 0.128957
  0.451246 0.948148 1.214800 0.157432
  0.114515 0.285968 1.132686 0.579877
  0.867189 0.399157 0.135851 0.443469
  0.001991 0.687673 -0.084208 0.829502
  0.904189 0.186487 0.945314 0.039776
  0.343934 0.495652 0.203059 0.060801
  0.732124 0.219949 -1.085408 -0.489165
  0.718781 0.407503 -0.279780 -0.363635
  0.497730 0.222737 -1.033820 -0.016211
  0.396399 0.297140 2.561235 0.936871
  0.688157 0.324694 0.042213 1.022412
  0.430247 0.494611 -0.679712 -0.838247
  0.446937 0.063818 0.269782 -0.716648
  0.508335 0.164212 0.667653 0.851612
  0.403863 0.240351 0.631905 -0.082375
  0.599558 0.697091 -1.018748 0.262377
  0.447697 0.304529 1.059085 0.687201
  0.464194 0.514986 -1.944675 -0.445106
  0.855200 0.545653 -1.003772 -0.299220
  0.164084 0.556498 1.857452 -0.151463
  0.719597 0.338773 -0.972692 -0.710757
  0.306246 0.441195 -0.597844 0.907539
  0.652684 0.970729 -0.294871 0.036892
  0.966001 0.143214 0.411659 0.645619
  0.815438 0.157180 -1.938572 1.243175
  0.770049 0.153591 1.759552 -0.575173
  0.509399 0.553437 0.809131 -0.008299
  0.024560 0.125042 -0.726064 -0.649915
  0.015497 0.692369 0.605446 -0.755095
  0.273650 0.165270 0.765880 -0.358240
  0.638502 0.266551 0.418855 -0.905870
  0.097991 0.267469 -1.689599 -0.209423
  0.218973 0.543638 -2.258964 0.406737
  0.692107 0.053751 0.217429 -0.337279
  0.267417 0.464088 -1.782697 -0.140106
  0.131739 0.191516 0.578667 -0.661457
  0.610976 0.873640 -1.173312 0.241437
  0.809259 0.770832 0.634947 0.675984
  0.114328 0.791203 1.339100 -0.553017
  0.286746 0.010021 0.815220 0.899320
  0.947959 0.579454 -0.546942 0.380638
  0.405887 0.281172 2.335467 0.541196
  0.789323 0.110842 -1.358149 -1.529796
  0.908420 0.974223 0.125165 -0.034238
  0.547210 0.219933 -0.857721 1.633785
  0.900931 0.635435 0.106922 -0.124295
  0.808725 0.836309 -1.576624 -1.089176
  0.490996 0.290575 -0.030919 0.436093
  0.149499 0.408332 -0.010350 -1.130275
  0.108057 0.032195 -0.410591 -0.536322
  0.105683 0.187168 1.176737 0.655020
  0.867390 0.956452 0.298258 2.675263
  0.395456 0.023145 0.827542 -0.553526
  0.074534 0.940735 0.402818 -0.361749
  0.839034 0.595570 1.152605 -0.429405
  0.099947 0.766193 0.089956 -2.482816
  0.074361 0.114534 -0.139943 0.897607
  0.849077 0.774147 1.884848 -0.831964
  0.092306 0.137668 0.517927 -1.259202
  0.877637 0.403419 -0.584896 -0.933335
  0.641122 0.184716 -0.766118 2.058597
  0.432122 0.184149 0.326291 0.103202
  0.140993 0.022618 -2.581957 -0.210980
  0.412197 0.729920 2.797077 -1.105827
  0.572776 0.563636 -0.670981 1.053398
  0.711119 0.395801 -0.008793 -0.251265
  0.945789 0.751465 0.162990 0.214733
  0.622213 0.521557 -0.659942 0.525815
  0.102114 0.855651 2.289103 -0.572771
  0.093977 0.286545 -1.539563 -0.491924
  0.831443 0.455763 1.171629 1.097976
  0.007241 0.957082 -0.859981 -1.813480
  0.821969 0.350069 -2.638464 -0.432329
  0.573254 0.363769 0.656883 -0.798586
  0.604116 0.975859 0.718817 0.262395
  0.709947 0.772759 -0.531637 -0.421373
  0.947779 0.926188 0.945286 -0.546907
  0.643798 0.146182 0.892711 0.431754
  0.474917 0.285683 0.847675 0.788632
  0.640074 0.560457 0.962414 0.711524
  0.838371 0.760529 -1.509593 0.174760
  0.070229 0.351954 -0.179125 1.242427
  0.088689 0.719868 0.108002 1.204595
  0.001230 0.828990 1.929133 1.140760
  0.884606 0.273865 1.157869 -1.067189
  0.953395 0.151388 -0.801964 -3.116757
  0.558334 0.596602 -0.992753 -0.001254
  0.601618 0.112555 -0.981007 0.881372
  0.961609 0.316373 0.019172 -1.279216
  0.600289 0.912180 1.054312 -1.349545
  0.954638 0.757640 0.584818 -0.942114
  0.627467 0.878466 0.516233 0.819589
  0.720462 0.484872 0.408795 -1.222356
  0.822373 0.666163 -0.326810 -0.748088
  0.202580 0.738699 0.402662 0.245342
  0.136004 0.800984 -0.069970 1.363671
  0.610794 0.558027 -0.902523 0.242844
  0.558761 0.047069 -1.026194 0.353455
  0.302543 0.390733 -1.318577 0.663149
  0.536467 0.190345 0.659043 0.855432
  0.178933 0.484108 0.105837 0.434188
  0.892855 0.430644 0.471730 1.519642
  0.963847 0.739619 0.878155 0.451696
  0.459440 0.025863 -0.870537 -0.139224
  0.256453 0.276746 1.280525 -0.021355
  0.976362 0.172470 -1.006162 0.676220
  0.868329 0.819037 -0.744407 0.563674
  0.755619 0.557291 -1.256096 -0.576338
  0.433996 0.333836 0.993005 1.077157
  0.026937 0.343744 -1.089653 -0.051549
  0.800257 0.880309 0.739934 -0.896633
  0.603032 0.751144 1.345927 0.061135
  0.972935 0.910054 0.409298 0.083393
  0.020688 0.205181 -0.261368 0.442733
  0.777265 0.915320 -0.390787 1.172452
  0.825137 0.382960 0.013164 0.292037
  0.638818 0.782328 -1.690437 0.544740
  0.349879 0.001610 -0.648112 0.762824
  0.442221 0.350752 1.005538 -0.639182
  0.392857 0.184841 -1.905744 -0.945503
  0.375881 0.803657 1.184028 0.903271
  0.094375 0.296437 0.054354 0.680868
  0.968772 0.261481 -2.368876 -0.075828
  0.405728 0.270088 0.174149 0.454470
  0.257718 0.512077 0.979532 0.067208
  0.920506 0.603591 0.687008 -0.262062
  0.116424 0.809535 -0.723869 -0.273017
  0.351142 0.979305 -1.423150 0.418375
  0.663050 0.776803 -0.890128 -0.606197
  0.915419 0.428902 0.423178 0.018284
  0.488610 0.744958 1.307441 0.489240
  0.630785 0.400743 0.142577 -1.078983
  0.931988 0.393044 -0.689718 0.150666
  0.828370 0.803951 -0.333210 -0.420082
  0.938592 0.527625 0.011252 -1.679799
  0.682914 0.306865 -1.552445 -1.626074
  0.593301 0.938574 -1.330128 -0.491120
  0.229395 0.118206 1.127464 -0.283097
  0.662515 0.393481 -1.148437 -1.070440
  0.861017 0.825210 0.581907 -0.543282
  0.826665 0.245965 -0.524867 -0.561586
  0.697136 0.082868 0.087385 -0.762451
  0.293063 0.332554 -0.236631 -0.699945
  0.057212 0.057023 0.412552 0.821898
  0.084464 0.693247 2.384810 0.003559
  0.984812 0.565981 1.675115 1.080528
  0.696551 0.816298 1.786724 0.035273
  0.889921 0.247674 -0.433641 -2.358181
  0.959232 0.467976 -1.435779 -1.265298
  0.444583 0.407977 -1.404615 0.841981
  0.132185 0.938624 -0.882841 0.045875
  0.734157 0.525965 -1.042385 0.508845
  0.775066 0.411581 -1.326488 -1.160406
  0.249643 0.854124 -0.551196 0.675304
  0.600618 0.770129 -0.196851 -1.704021
  0.092798 0.323751 -0.390978 -0.311401
  0.297990 0.707651 0.291109 0.488570
  0.428552 0.712966 -0.892854 -1.238026
  0.068616 0.999941 0.218118 -1.477462
  0.403498 0.885585 0.177212 1.148254
  0.826775 0.530473 -0.955904 1.014490
  0.601156 0.516162 -0.654470 0.707264
  0.735275 0.540743 1.017176 0.996754
  0.427760 0.780535 -0.542426 0.897889
  0.782705 0.852288 0.725929 0.023063
  0.512513 0.930055 2.208837 0.259629
  0.750639 0.621477 1.467163 -1.399842
  0.376607 0.650794 0.900625 1.112616
  0.483696 0.948095 0.277436 1.365711
  0.791598 0.842088 0.434370 0.958529
  0.802258 0.650280 -1.801538 1.565352
  0.779512 0.493979 -0.859172 -0.310309
  0.838749 0.310651 -0.350795 -1.496309
  0.512413 0.963742 -1.379777 -0.328600
  0.913836 0.769042 0.393127 1.534676
  0.608312 0.310109 0.027580 -0.147997
  0.076018 0.240888 -0.215203 -0.354375
  0.398385 0.358065 -1.049736 -0.318966
  0.101400 0.028843 -1.068135 2.070449
  0.270495 0.384039 0.283845 -0.470897
  0.323277 0.489459 0.138056 -1.815729
  0.894531 0.815976 0.577654 1.321250
  0.001742 0.518363 0.399867 -1.035726
  0.375939 0.397948 -0.913955 0.572798
  0.568071 0.352314 -1.467535 -0.528029
  0.690599 0.642592 -0.288394 -0.439332
  0.140112 0.953820 1.641165 -0.020616
  0.913124 0.271602 0.144517 -1.129437
  0.409640 0.750031 -0.657163 -1.408733
  0.593936 0.004084 0.649381 -0.725468
  0.904165 0.192166 0.333927 -0.778477
  0.755281 0.031785 0.483347 0.007482
  0.780564 0.870577 -0.377573 -1.308672
  0.353966 0.513355 0.717973 0.785012
  0.742637 0.572892 -0.911469 1.206986
  0.750176 0.903273 1.051719 0.973487
  0.476912 0.922681 0.534675 0.543286
  0.509792 0.095386 0.074229 -0.693196
  0.453143 0.119618 -0.721500 -0.468830
  0.826757 0.764908 -1.079041 0.845423
  0.975716 0.205375 -0.607532 2.011621
  0.779462 0.624152 0.033202 -0.960583
  0.222586 0.312537 -0.087858 -0.857772
  0.524894 0.643679 -0.922432 2.079804
  0.991620 0.071855 0.578286 -0.287039
  0.680194 0.279188 -0.044568 0.666470
  0.362045 0.502334 1.750066 -0.695171
  0.908709 0.574710 -1.578144 -2.943938
  0.861694 0.530968 0.244286 -0.445265
  0.570607 0.350401 -0.972634 0.188537
  0.290445 0.324923 0.805794 0.897350
  0.775054 0.114212 1.067087 -0.561498
  0.090420 0.036968 -0.330308 -0.613398
  0.714168 0.390989 -0.175517 -0.419231
  0.311076 0.934490 -0.196142 -0.106530
  0.879290 0.703586 0.267140 0.202462
  0.233248 0.186130 -0.613331 0.445323
  0.156022 0.817488 1.249715 -0.649629
  0.218249 0.366082 0.390278 0.702236
  0.705087 0.127893 -1.029982 0.645553
  0.379120 0.475256 -0.174907 -0.419444
  0.725964 0.840760 -0.624088 0.977901
  0.062170 0.860204 0.549098 1.405257
  0.747514 0.634614 -0.673221 -1.172017
  0.800002 0.779790 -1.284837 -0.270462
  0.833404 0.469466 -0.024909 1.114539
  0.077075 0.473330 0.714053 -0.176658
  0.149569 0.011653 -1.281849 -0.134149
  0.126763 0.792811 0.896569 -0.293805
  0.259588 0.030471 -1.814054 0.313556
  0.038997 0.575511 -0.685624 0.714656
  0.678158 0.471085 0.798076 0.866974
  0.725702 0.455043 -0.813575 2.447833
  0.386055 0.463302 0.815468 0.465329
  0.739277 0.569372 1.378368 -0.999080
  0.093042 0.298486 -2.593555 1.326118
  0.839534 0.823738 -0.756530 -0.454327
  0.889311 0.559368 0.478268 -0.425809
  0.313244 0.101981 -0.020164 0.465411
  0.577424 0.008288 0.318551 -0.037821
  0.127515 0.086715 1.234218 -1.311522
  0.136119 0.056564 0.076289 -0.900406
  0.934190 0.440016 -2.052142 -1.207341
  0.275119 0.014912 -0.016964 -0.101061
  0.288660 0.438804 2.366125 -0.502007
  0.035992 0.100611 1.114696 -0.800622
  0.711873 0.968548 -1.525840 -0.151939
  0.851277 0.248078 0.925054 -0.042769
  0.853592 0.009621 -0.600609 1.151377
  0.309028 0.557350 0.596884 -0.124727
  0.219552 0.764450 0.090032 0.909198
  0.033646 0.299619 0.614587 1.133121
  0.588705 0.265318 1.411747 1.070077
  0.404256 0.334845 1.461101 2.086424
  0.496448 0.849241 0.030105 0.969476
  0.377387 0.229969 -1.507690 -0.738364
  0.177280 0.018538 0.070739 0.438612
  0.216791 0.006331 -2.167081 0.565335
  0.283299 0.458554 -0.099768 -0.150908
  0.364447 0.794803 0.929546 -0.498754
  0.731944 0.889654 -0.485414 1.107604
  0.035749 0.777400 -0.661303 0.572313
  0.307840 0.431679 0.622602 1.559935
  0.915167 0.136341 -1.144427 1.002077
  0.037377 0.541423 0.440504 -0.174559
  0.143934 0.327320 -0.434294 -0.820445
  0.097226 0.569079 -0.333786 -2.543088
  0.363047 0.529082 0.247143 0.751588
  0.094790 0.219804 -0.440016 0.847177
  0.550045 0.767756 0.750349 -0.110004
  0.588953 0.607901 -0.603441 -0.216517
  0.787115 0.141062 0.114837 1.140270
  0.739863 0.549269 -0.515094 2.243608
  0.722263 0.211830 0.822677 -0.421533
  0.468444 0.918822 -0.468233 -0.965164
  0.978116 0.207007 0.200396 1.384733
  0.044250 0.826247 0.293772 0.516998
  0.751003 0.755291 1.724568 0.611782
  0.761699 0.327441 -0.847423 -1.185164
  0.650644 0.312692 0.286789 -1.058755
  0.081623 0.532642 -0.674522 0.388911
  0.347404 0.250956 0.952998 0.848249
  0.960050 0.891797 -1.968604 -0.550984
  0.370577 0.661573 0.763375 1.069690
  0.553716 0.309358 -0.539687 -0.079325
  0.364900 0.997963 -1.777217 -0.838905
  0.592022 0.577483 0.303145 -0.024702
  0.704949 0.448720 0.515742 -1.013804
  0.896986 0.599702 -0.794791 -0.122799
  0.542036 0.311732 -0.259802 1.519434
  0.166535 0.168009 -0.601933 -1.746184
  0.717260 0.107463 0.944847 -1.000549
  0.033770 0.743563 0.754525 -0.136238
  0.833017 0.773985 -0.211701 1.133741
  0.594382 0.885017 -0.213702 -0.583019
  0.698194 0.785315 -1.856681 0.664198
  0.561710 0.616768 -1.200554 -0.636364
  0.108240 0.883180 -0.545165 -0.418542
  0.548172 0.290107 -1.387230 -0.150514
  0.758496 0.035409 -0.083479 0.304610
  0.155749 0.490168 -1.119370 0.049148
  0.510304 0.807837 1.194383 -0.961411
  0.411068 0.005121 0.301565 0.414089
  0.495802 0.125908 0.918706 -0.410441
  0.431058 0.759099 0.076619 1.467110
  0.912753 0.789400 -0.296499 0.423609
  0.013029 0.989935 -0.110637 0.987669
  0.605775 0.907887 -1.389883 1.540350
  0.742922 0.012828 0.545294 -1.021560
  0.981653 0.946711 -1.195743 0.222360
  0.923740 0.221769 0.791142 -0.729641
  0.401334 0.422828 0.544249 1.691461
  0.973542 0.365538 1.480737 -0.930931
  0.510856 0.995848 -0.493643 -0.599591
  0.181706 0.078151 -0.519015 0.891049
  0.195122 0.862342 -0.012917 0.622276
  0.486571 0.307722 1.493223 -0.702027
  0.381475 0.583931 1.742056 0.308374
  0.232336 0.819872 -1.881202 -1.270488
  0.444630 0.383826 0.643990 0.217590
  0.006057 0.583182 -0.116177 0.586047
  0.089422 0.247242 0.453078 -0.945968
  0.309801 0.934429 0.921199 0.111990
  0.152933 0.440332 -1.868058 -0.319340
  0.148385 0.947422 -0.582455 0.891505
  0.833272 0.171686 0.543345 -0.354634
  0.224221 0.584034 0.084475 -0.953341
  0.905013 0.777005 -0.271383 0.188791
  0.063103 0.987618 -1.922426 1.919917
  0.170787 0.772908 0.115308 -0.674597
  0.422849 0.746356 1.091775 -0.135674
  0.594401 0.551992 0.006596 -0.886936
  0.003502 0.938269 0.202740 0.584836
  0.780959 0.863714 -0.360190 0.713369
  0.444633 0.544942 -0.243246 -1.654841
  0.493423 0.146548 -0.611835 0.220887
  0.074789 0.397813 -0.404842 -0.903771
  0.348186 0.485825 -0.239718 -0.088454
  0.368614 0.215390 -0.998083 0.148086
  0.140512 0.373103 1.160749 -0.841292
  0.683046 0.783579 2.172881 -0.526421
  0.853057 0.179348 -2.303124 0.195351
  0.497620 0.537801 0.366404 0.853401
  0.051910 0.695462 -1.720824 2.124941
  0.219789 0.277155 0.148183 -1.035419
  0.499296 0.224363 -0.201725 0.631130
  0.684322 0.382732 -0.782818 0.655956
  0.777536 0.393989 -1.767837 -0.298442
  0.396188 0.844925 -0.634173 1.295343
  0.966965 0.786163 -0.339341 0.347742
  0.972163 0.691927 1.086007 -0.972814
  0.417329 0.949859 2.243767 0.533400
  0.217757 0.928863 -0.413908 0.242064
  0.790591 0.691137 -2.125163 0.063823
  0.833247 0.433292 -0.816809 0.929080
  0.129432 0.587738 0.505748 -0.459148
  0.868686 0.518816 -1.306814 1.527150
  0.257509 0.581173 0.351000 -0.567483
  0.167468 0.210400 0.545272 0.604781
  0.200173 0.244664 1.202680 -0.269314
  0.457907 0.103101 0.125795 0.761762
  0.446971 0.006775 0.243460 1.700186
  0.571431 0.418950 -1.597026 0.537906
  0.408782 0.997792 1.105959 -0.198889
  0.429123 0.185376 0.193979 -0.175490
  0.285949 0.801128 1.184828 -1.250059
  0.743203 0.553641 1.304245 -0.007866
  0.824348 0.396743 0.274319 -0.551316
  0.611105 0.465824 0.348662 -1.563552
  0.095658 0.657279 -0.208099 -0.088115
  0.967248 0.201978 -2.248421 0.502513
  0.854650 0.030029 -0.283593 1.331174
  0.430315 0.921238 1.095656 0.068920
  0.817019 0.869508 0.384210 0.984699
  0.932874 0.520695 1.324492 -0.484825
  0.835609 0.851852 -0.284714 0.167092
  0.672301 0.352337 0.351263 0.159797
  0.464532 0.472625 -1.956946 -1.310328
  0.158804 0.453397 1.003420 -0.603030
  0.464488 0.191547 0.077671 -0.521747
  0.187595 0.963579 -0.574351 0.434974
  0.082083 0.815807 -0.815430 -0.546758
  0.063524 0.162752 -0.776927 0.904513
  0.012828 0.379563 -1.020371 -0.040563
  0.994697 0.061230 -0.059303 0.295388
  0.863463 0.177812 -2.241732 -1.405380
  0.370541 0.327386 0.632277 1.752913
  0.603196 0.173065 0.398650 0.675108
  0.034882 0.142397 0.355878 0.041696
  0.447697 0.977909 -0.208161 -0.568532
  0.821843 0.139445 -0.668288 1.360458
  0.475721 0.105812 2.600465 1.992140
  0.691508 0.120026 -1.296689 -0.256637
  0.965284 0.094639 -0.353449 -1.907939
  0.773880 0.428640 -1.011330 -0.455121
  0.248410 0.933307 -0.644994 0.201605
  0.635818 0.630538 0.742845 -0.774333
  0.874320 0.143028 0.015878 -2.017440
  0.378101 0.500931 -1.452773 -0.262525
  0.227181 0.564004 1.887386 0.737702
  0.973991 0.486091 0.974563 -0.539898
  0.693642 0.861432 1.023800 1.465788
  0.206187 0.456047 -1.245570 1.370227
  0.425556 0.618178 -0.198998 -0.276094
  0.768090 0.449373 -0.479415 -0.957203
  0.676666 0.749431 0.883479 0.860435
  0.171790 0.140830 1.217047 0.478864
  0.833967 0.878893 0.412606 -0.892512
  0.585082 0.380498 -0.946622 0.520747
  0.426536 0.634187 -0.242667 2.517015
  0.241887 0.978892 0.165435 0.298932
  0.154484 0.971588 0.224398 -0.628434
  0.515038 0.010102 0.796115 0.874694
  0.787227 0.678506 1.872592 0.353881
  0.831673 0.995770 0.885975 -0.303971
  0.257270 0.121065 1.104919 -0.693459
  0.730397 0.420586 0.060940 -0.378793
  0.908228 0.109982 0.568271 2.385741
  0.303917 0.856868 -1.577897 -0.682773
  0.752703 0.844926 -0.997108 0.399250
  0.874269 0.872877 0.627563 -1.749120
  0.502034 0.996255 -0.484465 -0.886386
  0.186532 0.332182 0.218511 -1.476258
  0.896016 0.615072 -1.977974 1.101022
  0.160272 0.782523 1.658149 1.109228
  0.961463 0.664989 -0.214109 -1.524952
  0.161565 0.814146 0.499904 -0.787304
  0.767253 0.519636 -0.007252 -1.259169
  0.876660 0.281346 -1.762208 0.188414
  0.524383 0.042981 0.805492 -0.945202
  0.144895 0.239752 -0.314199 -1.155883
  0.312937 0.725760 0.204150 0.973964
  0.739890 0.398783 -0.345676 1.115943
  0.603812 0.256293 -0.939725 -0.233340
  0.131882 0.640370 1.197719 0.652338
  0.386439 0.520980 -1.371797 -1.668647
  0.245545 0.100269 -1.064323 1.223575
  0.671828 0.939107 0.038553 -0.848525
  0.592245 0.345231 -1.778943 -1.665777
  0.421293 0.611377 0.568665 0.756270
  0.160291 0.949026 0.218329 -1.144578
  0.785468 0.029943 -0.769468 -1.290769
  0.475288 0.568942 -0.486104 -0.162254
  0.641107 0.224866 0.660025 1.760337
  0.100719 0.011611 -0.792868 -1.314727
  0.471147 0.581320 0.248056 -1.078206
  0.511077 0.088506 0.638583 0.367948
  0.933290 0.566987 -1.078402 -0.355864
  0.643020 0.117643 -0.478735 -0.515452
  0.299414 0.835803 -1.225766 -0.381096
  0.973662 0.366768 -0.768944 -0.221270
  0.274858 0.119328 0.709861 0.091991
  0.958032 0.399788 0.576551 -0.303061
  0.572130 0.785536 -0.160249 0.093322
  0.161488 0.515095 1.301805 0.373066
  0.556670 0.325716 0.537769 -0.723053
  0.792995 0.354697 -0.521115 -1.681304
  0.195170 0.498970 -0.004671 -1.504308
  0.858340 0.137271 -1.399090 -1.525247
  0.293096 0.086242 -1.595873 0.002017
  0.433217 0.645497 -0.553017 1.992823
  0.716055 0.321583 1.265863 0.791655
  0.080694 0.545178 -0.000206 -1.481913
  0.639964 0.980724 -0.696373 1.328951
  0.226040 0.488718 0.148598 1.310266
  0.902180 0.393611 -0.438563 -0.556845
  0.890977 0.940526 -0.242361 -0.362229
  0.483082 0.108344 0.368965 0.974283
  0.044876 0.064888 0.275376 -1.083363
  0.844086 0.862272 1.369396 -0.883060
  0.443776 0.260243 -0.599721 -1.945294
  0.662992 0.983943 1.895616 0.951624
  0.617985 0.058018 1.573839 1.899282
  0.438228 0.911351 1.148974 0.100623
  0.295333 0.630612 1.336673 0.200204
  0.985986 0.823424 -0.449104 0.328643
  0.499601 0.334233 0.450366 -0.320718
  0.559844 0.162930 0.916130 -0.101102
  0.472070 0.988336 -1.302797 0.128601
  0.205584 0.133361 -0.559320 0.002470
  0.790651 0.301317 -0.680464 0.707183
  0.658403 0.466853 1.806331 1.228266
  0.854585 0.658314 -0.886771 1.687026
  0.924877 0.777062 -0.387644 0.544836
  0.497277 0.892333 0.535841 -0.288367
  0.333307 0.300883 1.453984 -0.487419
  0.756739 0.143873 0.819820 -0.433383
  0.264827 0.057498 -0.741784 0.005424
  0.757155 0.089763 0.077431 2.010539
  0.273309 0.811187 0.491435 -2.013829
  0.924279 0.561432 -1.607232 -1.490724
  0.594724 0.203439 1.538392 -0.149128
  0.906408 0.812697 -0.620334 -1.443261
  0.457524 0.246346 -0.348908 -1.038272
  0.930608 0.446014 -0.269278 -0.439594
  0.602425 0.489677 0.021922 -0.215903
  0.858029 0.415117 -0.525812 1.199448
  0.658157 0.728736 0.528910 1.928479
  0.088092 0.540176 -0.343023 1.493861
  0.899139 0.757048 1.234750 -0.582140
  0.520568 0.416145 0.944115 1.068669
  0.636797 0.274281 -1.027416 -1.022518
  0.477671 0.114509 -1.556445 -1.726162
  0.969562 0.044076 -0.101717 -1.156717
  0.408234 0.028364 0.904569 0.378371
  0.453954 0.179870 -1.554544 0.676382
  0.746273 0.970980 1.745967 0.916654
  0.017579 0.421710 -0.083345 -1.085932
  0.600392 0.220243 -0.678875 -0.785193
  0.561483 0.103474 -0.633079 0.804273
  0.269405 0.999893 -1.090567 1.351300
  0.908559 0.060715 -0.141804 0.216130
  0.026975 0.552436 0.956574 0.218270
  0.209416 0.041067 -0.984002 -0.424119
  0.692606 0.355575 0.019713 -0.033576
  0.377485 0.522271 -0.727569 -0.557758
  0.851891 0.159121 0.309251 0.911712
  0.579980 0.796351 -0.271053 0.778451
  0.882201 0.938476 0.713427 -0.526495
  0.204655 0.686333 0.704633 0.666332
  0.414569 0.040395 -0.795879 -0.591520
  0.603785 0.604995 -1.126523 -0.600453
  0.769917 0.303428 -1.328802 -1.457325
  0.943037 0.210773 -0.865758 0.580727
  0.299195 0.523032 0.339258 -0.055979
  0.554628 0.381955 0.374045 0.038287
  0.298976 0.130477 -0.202645 -0.398614
  0.359479 0.177646 -1.163211 1.105978
  0.991272 0.066900 -0.972466 -2.065468
  0.374258 0.159257 0.874503 -0.398905
  0.767919 0.147925 1.614700 0.754311
  0.505257 0.419841 0.689771 0.697292
  0.547408 0.768862 1.370037 -0.732592
  0.243155 0.635637 -0.392977 1.351706
  0.348303 0.553450 -0.692729 1.775377
  0.243512 0.805386 0.281711 1.021821
  0.889007 0.758865 -0.380157 0.615247
  0.529450 0.080882 -0.635432 1.476625
  0.059641 0.741394 0.288286 -2.307398
  0.288725 0.970987 -0.596459 -0.155055
  0.546195 0.966986 0.193335 -0.517842
  0.971107 0.066060 0.609313 -0.193470
  0.137421 0.520950 -0.919205 0.700675
  0.539695 0.891448 1.138412 0.992868
  0.630259 0.137408 0.314985 -1.241696
  0.857067 0.993724 -0.933695 1.337215
  0.970275 0.168866 -0.370988 -0.092202
  0.443289 0.437099 0.804434 -1.083860
  0.437579 0.866052 -0.360585 -0.198055
  0.322037 0.550879 -0.727291 -0.333283
  0.596416 0.230270 -0.125282 0.330705
  0.665309 0.999276 1.014892 -0.245108
  0.857885 0.941812 1.934306 -0.720296
  0.405952 0.232746 1.277295 0.477906
  0.587719 0.309492 -0.485604 -0.326821
  0.131438 0.459695 1.011706 -0.374982
  0.251238 0.063482 -0.301800 -0.181039
  0.601238 0.986427 -0.895746 0.073518
  0.200341 0.620409 -0.493740 -0.878026
  0.561698 0.347529 -0.187112 0.930920
  0.449794 0.937492 -0.386970 1.005760
  0.157657 0.919120 -0.223170 -0.582993
  0.475525 0.642460 0.859024 -1.380264
  0.010726 0.759572 1.768880 -0.207305
  0.343307 0.341679 1.224324 0.380031
  0.641160 0.818707 0.810777 0.667908
  0.260235 0.808719 0.407826 -0.684206
  0.944228 0.346775 -1.632744 -0.972859
  0.321827 0.228495 -0.904398 -1.025788
  0.809305 0.835559 0.007049 2.070637
  0.671259 0.260437 0.953047 -0.791034
  0.149988 0.954803 -0.968340 0.024719
  0.595856 0.274888 -1.224056 0.922399
  0.682616 0.866457 0.315196 0.729724
  0.722150 0.342423 -0.981284 -1.341831
  0.857524 0.009633 1.574193 0.517381
  0.166881 0.831068 -0.262486 0.470333
  0.322068 0.257353 -1.671646 0.463566
  0.269677 0.387522 1.203875 -0.705907
  0.137528 0.119918 0.301338 0.211325
  0.494645 0.056643 -0.607636 0.554154
  0.591529 0.209842 -0.136232 -0.702349
  0.938515 0.585257 2.052329 -0.417784
  0.655316 0.360611 2.381536 1.177454
  0.812279 0.328476 0.161625 -0.752359
  0.919409 0.452628 0.524936 -0.379701
  0.491408 0.417496 0.570911 -0.852029
  0.220640 0.750532 -0.419464 0.611857
  0.690341 0.972827 0.422915 1.130447
  0.115586 0.219879 1.722163 0.491036
  0.395721 0.145251 -0.719483 -1.552678
  0.787523 0.612815 0.603358 0.988515
  0.903334 0.504765 -0.727892 1.312448
  0.772898 0.605614 -1.710990 -0.680110
  0.794940 0.724958 -0.486353 0.543501
  0.569874 0.071579 -1.498367 0.463737
  0.643964 0.777603 1.348794 0.262401
  0.368179 0.838848 0.241513 0.347070
  0.831688 0.137944 -0.804188 0.204254
  0.013751 0.122159 1.380432 1.894398
  0.857034 0.968200 1.061521 0.641348
  0.247631 0.152765 -0.130543 0.231271
  0.258674 0.600583 0.474948 0.156085
  0.985297 0.533581 -0.421512 -1.382125
  0.969799 0.658683 -0.686726 -0.401600
  0.021173 0.993992 -0.443991 -0.684371
  0.411996 0.028810 -0.620352 0.261610
  0.976010 0.791568 0.695393 0.697324
  0.325745 0.406358 -0.681992 0.004692
  0.681347 0.473182 -0.250660 1.040550
  0.884410 0.659200 1.442624 1.259261
  0.897167 0.062444 -0.444157 -1.533162
  0.714475 0.424436 -0.080516 -0.946165
  0.787771 0.149438 0.087121 0.493170
  0.166532 0.991223 -0.793415 1.452858
  0.143706 0.011219 0.764622 -0.475159
  0.514076 0.878685 0.076208 1.674868
  0.441565 0.116836 -0.032405 -0.310628
  0.312113 0.222824 -2.035563 0.129050
  0.740123 0.606981 -0.018637 -0.485359
  0.630107 0.743564 -0.763664 0.378330
  0.718908 0.799037 0.807632 0.601184
  0.576158 0.433104 0.424686 -0.613324
  0.691728 0.456614 -1.269513 -1.344001
  0.080152 0.024664 0.947947 0.105397
  0.289280 0.397281 0.554321 1.604324
  0.088716 0.794782 -1.142562 -0.877165
  0.439778 0.359918 -2.357382 0.284223
  0.266442 0.678090 0.826234 -1.347774
  0.857146 0.023992 -1.715718 -1.030095
  0.962815 0.368725 0.234090 1.254215
  0.316955 0.002339 -0.895492 0.137691
  0.356029 0.722245 -1.976256 1.042970
  0.510626 0.009781 -0.558817 -0.248655
  0.868626 0.602553 0.646893 0.485858
  0.788211 0.229995 1.258600 1.129816
  0.068542 0.066646 -1.797302 -1.111033
  0.684046 0.638609 0.472062 0.963639
  0.656059 0.956726 2.161194 0.857379
  0.177984 0.835665 0.409816 1.088790
  0.644590 0.309233 0.609224 -0.892022
  0.257114 0.019293 -0.489763 -0.956015
  0.039001 0.385359 0.198576 -0.487512
  0.482333 0.596431 -0.662236 1.488469
  0.992708 0.080986 0.404973 -0.859114
  0.456162 0.133451 0.162812 0.102507
  0.622530 0.968825 -0.205625 0.127961
  0.682430 0.482438 -1.421416 -1.558488
  0.113368 0.195444 -0.926872 0.077084
  0.745827 0.629627 -0.598409 -1.611133
  0.002633 0.387357 1.077100 -1.211787
  0.515504 0.361711 0.505131 0.165813
  0.787331 0.445645 0.326847 1.333927
  0.771879 0.676860 -0.089431 0.063835
  0.887676 0.289113 0.000490 0.367638
  0.431729 0.304446 0.397409 -0.185108
  0.114922 0.419467 -0.830649 -0.253879
  0.962136 0.043172 -1.342840 0.134718
  0.814055 0.295089 1.313201 -0.705944
  0.942061 0.861507 -0.314698 -0.270239
  0.623199 0.098612 1.819327 -0.957107
  0.496214 0.162237 2.046429 0.174289
  0.256272 0.631750 0.187999 1.281313
  0.529666 0.568429 1.391978 1.406486
  0.066282 0.763533 -0.868582 -0.886170
  0.061486 0.601900 0.969312 0.141731
  0.169948 0.239265 0.261207 -0.421589
  0.256639 0.613389 1.591097 0.458718
  0.261014 0.939249 0.620100 0.781489
  0.149660 0.877370 0.956234 2.002982
  0.634568 0.156827 -1.568613 1.452639
  0.393560 0.783930 -0.269979 -1.032523
  0.076593 0.601121 1.105610 -0.194798
  0.893691 0.842121 -1.170415 0.318282
  0.069791 0.095233 -0.971740 0.030463
  0.685309 0.979151 1.511226 0.602116
  0.627413 0.569033 -0.724393 -0.375340
  0.513172 0.619127 0.101910 -0.214349
  0.957548 0.031868 0.143441 -0.153586
  0.752829 0.168538 -0.320468 0.374635
  0.457192 0.195628 0.487033 1.015913
  0.416732 0.718685 -1.287524 2.511682
  0.894118 0.433326 0.533955 -2.581049
  0.208973 0.583044 -0.531168 0.437589
  0.226286 0.083990 1.088023 -0.696969
  0.580618 0.611891 -0.549925 0.959888
  0.803157 0.041586 -1.671012 -0.093739
  0.880619 0.509813 -0.827873 1.317832
  0.689143 0.881087 -0.670288 -0.150424
  0.276427 0.154324 -1.286444 -1.464495
  0.935500 0.474673 -2.364371 2.046089
  0.799776 0.147982 1.115250 -2.933296
  0.640831 0.101920 -0.752033 0.760268
  0.637120 0.611883 0.689604 0.014979
  0.139206 0.159907 0.213677 0.175182
  0.745584 0.693140 -1.648729 -1.921273
  0.712935 0.445300 0.005353 -0.712300
  0.252950 0.571279 -1.183586 0.951060
  0.769091 0.190187 1.170071 1.415236
  0.805424 0.384159 1.479766 1.603786
  0.769706 0.523732 1.097115 -0.415429
  0.935243 0.548575 -0.530182 -2.089021
  0.581272 0.529627 -0.027602 -0.494811
  0.851004 0.105692 -0.209446 -1.799671
  0.163427 0.920487 0.117325 1.320338
  0.929731 0.757244 1.820351 0.330579
  0.884891 0.624293 -0.045260 1.348287
  0.425899 0.510756 0.891126 -0.636555
  0.673352 0.134225 0.162631 -1.056798
  0.627714 0.033469 0.338359 -1.417162
  0.531958 0.336220 1.691535 -0.689549
  0.479271 0.790301 -2.415859 1.261118
  0.457096 0.390907 -0.378975 2.488255
  0.034564 0.105137 -0.145841 -0.426525
  0.547238 0.084368 -0.952579 1.356152
  0.676181 0.368350 0.228300 -1.589021
  0.816938 0.930302 1.058218 0.747008
  0.168924 0.896888 0.128585 0.709241
  0.201807 0.566507 0.437542 -0.986593
  0.531958 0.858909 1.185721 -0.183951
  0.331253 0.625859 1.148670 -0.682668
  0.462434 0.690684 1.400852 0.747721
  0.012812 0.398864 2.484662 -0.671756
  0.488539 0.631970 -0.206084 -2.161176
  0.013304 0.867547 0.151278 -1.002546
  0.502852 0.144663 -1.005810 -1.638092
  0.636406 0.485887 1.215755 -0.201447
  0.406848 0.775221 -0.235134 -0.104460
  0.808348 0.025787 0.478785 -0.812007
  0.345578 0.245984 -0.791313 1.463337
  0.099708 0.635745 -0.955090 1.370278
  0.846660 0.722867 -0.994789 1.598178
  0.353248 0.886338 -0.055572 -0.980726
  0.756901 0.349831 -0.876492 -0.923762
  0.166618 0.504201 -0.267788 0.018382
  0.889011 0.375183 -0.019353 -0.123757
  0.499177 0.960644 -0.190910 -0.268186
  0.363062 0.984774 -0.857045 1.406654
  0.137459 0.747413 0.310653 -0.662708
  0.374489 0.537621 -0.849294 0.883819
  0.722065 0.673362 -0.121559 0.116601
  0.346682 0.215613 2.025997 -0.218172
  0.646315 0.605778 0.651108 -0.324206
  0.990918 0.185583 0.882369 -0.706776
  0.526104 0.727123 -1.009595 1.583805
  0.671131 0.253873 -0.241592 -1.485103
  0.116178 0.379875 -0.534943 0.887942
  0.385468 0.129657 -1.127310 -0.061715
  0.306485 0.307199 1.366741 -0.914717
  0.026230 0.576916 -0.577905 -0.257171
  0.101059 0.547795 -1.039140 -0.470273
  0.204934 0.356175 -0.566680 -0.961507
  0.924516 0.208730 0.971440 -0.604256
  0.389002 0.738268 0.370559 -2.538989
  0.272093 0.742264 0.106056 -0.752010
  0.427883 0.668181 -0.413467 -1.704113
  0.954184 0.113349 -1.407005 0.227895
  0.728026 0.432506 0.260708 -1.924611
  0.868029 0.408733 0.184036 -1.820339
  0.028775 0.527913 0.040047 0.129713
  0.564070 0.838895 -0.206566 -1.014914
  0.679025 0.206176 -1.585789 -1.677001
  0.575801 0.892839 0.030382 -0.846910
  0.121497 0.351789 -0.995675 -0.475335
  0.497255 0.025041 0.791567 0.330065
  0.729704 0.394271 2.271646 -0.424304
  0.582691 0.689395 -1.446885 0.106721
  0.514905 0.873460 1.794027 1.060068
  0.860945 0.193918 -0.168160 0.850966
  0.250294 0.499237 0.815509 0.217124
  0.013604 0.306331 1.624991 1.673661
  0.303538 0.301398 -0.265640 1.113497
  0.253319 0.465974 0.268738 -0.246423
  0.648652 0.231763 -1.403236 1.300236
  0.365347 0.723892 -2.463207 2.408885
  0.399517 0.255617 1.388639 -1.399889
  0.971995 0.674977 -0.886226 -0.661993
  0.611557 0.005349 0.912112 -0.559914
  0.815918 0.112383 -0.850934 -0.219851
  0.935451 0.876183 0.410343 0.058466
  0.761584 0.719792 0.770396 -0.020318
  0.815157 0.318452 -0.730632 0.119287
  0.203807 0.455597 0.109556 -2.252059
  0.352519 0.802076 -0.322674 -0.214547
  0.233923 0.149295 -0.569118 0.228136
  0.446983 0.129968 -0.541858 -0.024922
  0.686067 0.683448 0.225693 -0.986324
  0.175839 0.158389 0.564165 0.704788
  0.551384 0.255768 1.885016 -0.084193
  0.197286 0.405882 0.606588 -0.018725
  0.866873 0.597771 -1.314460 1.928870
  0.592147 0.485800 -0.411916 -0.221917
  0.422233 0.492256 -0.922095 1.681236
  0.165517 0.499566 -1.164430 0.002067
  0.971142 0.970109 -1.340975 -1.136215
  0.830290 0.366289 0.701990 1.587797
  0.967061 0.515220 0.188285 1.712299
  0.119809 0.063803 0.321035 0.781971
  0.153768 0.022893 -0.508186 -0.395106
  0.072331 0.244195 0.278156 -0.402302
  0.525526 0.793823 0.612201 -0.226646
  0.781835 0.606884 -0.504204 -0.454128
  0.883377 0.136374 0.789087 0.369401
  0.405748 0.996690 -1.093924 0.216041
  0.265538 0.897899 -0.125926 1.397843
  0.318158 0.387315 0.486894 0.952314
  0.095333 0.318884 0.956276 -0.689730
  0.524220 0.978286 -0.689262 -0.033727
  0.912289 0.905684 -2.032867 -1.512441
  0.286119 0.701176 1.013634 -0.629838
  0.739982 0.877787 2.206029 -1.427929
  0.625058 0.203000 -1.993844 -0.391908
  0.870696 0.117690 0.620327 -0.782783
  0.795617 0.379361 0.081020 -0.860547
  0.115277 0.265757 -0.977632 -0.949562
  0.072466 0.417645 -1.197580 1.008513
  0.220232 0.557642 -0.281979 -0.197090
  0.618808 0.376194 0.647067 -1.548452
  0.331220 0.539802 1.427341 0.995570
  0.486286 0.906105 -1.732960 -1.202342
  0.161061 0.674159 0.187347 -0.437312
  0.568071 0.909915 0.618907 -1.156694
  0.308516 0.742589 -0.160654 0.523688
  0.373025 0.200170 0.697298 1.142237
  0.822477 0.057149 0.942884 -0.548862
  0.714125 0.083795 -0.200191 -1.563038
  0.511608 0.398254 -0.834603 -0.009021
  0.763245 0.633837 1.434344 -0.245164
  0.813248 0.367757 1.800028 -0.163114
  0.250897 0.860100 -0.392392 -0.103295
  0.395375 0.885071 -0.035731 2.585544
  0.300710 0.861643 1.076973 -0.270488
  0.641457 0.645575 0.063580 0.701401
  0.532076 0.672351 0.362180 1.356039
  0.363117 0.788314 1.032516 -0.618050
  0.527677 0.064022 2.051924 -0.345407
  0.214542 0.599309 0.282555 -1.507950
  0.385113 0.871304 -0.240285 -0.487151
  0.924398 0.656114 0.552341 -0.146692
  0.517658 0.685712 1.034598 1.259414
  0.841890 0.423958 1.082939 -1.197362
  0.344854 0.068764 -0.528291 -0.005121
  0.186405 0.948025 -0.372349 3.329825
  0.938536 0.483342 -1.114672 0.135049
  0.147151 0.622932 0.466619 0.298107
  0.129550 0.719797 0.951778 -0.869648
  0.196317 0.839659 -1.044409 1.743371
  0.251350 0.225865 -1.228594 0.276165
  0.674172 0.537282 -0.563883 -0.142032
  0.377293 0.346810 -2.225536 -0.948538
  0.893405 0.855451 1.085006 -0.696931
  0.291638 0.176819 0.611822 1.602225
  0.043471 0.394677 0.213561 -0.164668
  0.108903 0.539843 -1.054684 -0.980447
  0.847948 0.525915 0.304595 -0.068356
  0.632248 0.416488 0.927948 0.352570
  0.313914 0.687033 -0.464356 1.140999
  0.687151 0.253741 1.159316 0.950715
  0.646826 0.098360 0.884958 0.852463
  0.671188 0.540079 0.924091 -0.498095
  0.417105 0.092152 -1.347109 -0.431624
  0.807016 0.699646 -0.470200 0.456856
  0.915539 0.711587 0.528495 1.196416
  0.255571 0.039312 0.635109 0.100152
  0.520712 0.109900 0.308136 2.037489
  0.060666 0.582196 0.022378 -0.041714
  0.574240 0.378366 0.188052 0.984441
  0.003154 0.108999 1.687877 1.572254
  0.175424 0.440446 1.059862 1.025647
  0.451754 0.413030 -0.995294 -0.503283
  0.124812 0.269178 0.607324 -1.154805
  0.118691 0.609027 0.395214 3.052020
  0.037222 0.304467 -0.698391 -0.376576
  0.789057 0.322329 -0.463355 -0.050628
  0.976973 0.861596 -0.310874 -0.238001
  0.771503 0.658702 0.450394 0.121281
  0.541507 0.053927 1.027257 0.738464
  0.047969 0.760156 1.030522 1.235352
  0.210039 0.816240 0.962721 -0.236088
  0.249205 0.885545 1.239972 1.395907
  0.185259 0.120039 0.662657 -1.882259
  0.268045 0.248258 -0.701991 0.680890
  0.240531 0.755451 0.493200 -0.934645
  0.068939 0.929142 -1.033711 1.249389
  0.350588 0.420876 -0.108555 -0.187917
  0.127141 0.575358 -1.048174 -2.482239
  0.124343 0.864434 -0.096497 0.303789
  0.145336 0.878546 0.163056 -0.780526
  0.953304 0.277031 -1.252938 0.577013
  0.604197 0.204293 -0.230257 -0.201728
  0.636235 0.535754 -0.768861 2.145699
  0.336020 0.305931 0.260634 -0.489341
  0.791009 0.502603 -0.437583 -0.008471
  0.787071 0.022041 2.453879 0.734756
  0.605308 0.646940 0.822525 0.734831
  0.784996 0.333979 0.958911 0.024864
  0.803644 0.478702 2.427893 -0.191520
  0.598154 0.714340 0.821879 0.640586
  0.889966 0.632608 0.706587 0.171687
  0.267654 0.164476 2.197278 0.842222
  0.049064 0.732352 1.467539 2.694966
  0.540037 0.578643 0.231933 -0.467683
  0.139999 0.867557 0.466960 1.150402
  0.265084 0.577273 -0.348443 -0.670123
  0.347723 0.646088 -1.828571 -1.077973
  0.320150 0.046989 0.875834 -0.265405
  0.584948 0.326598 -0.690500 -0.981578
  0.245593 0.636357 -2.047157 -0.819792
  0.409616 0.076477 2.568658 1.537422
  0.274278 0.470297 -0.480405 -0.857952
  0.827213 0.089739 0.350257 0.969201
  0.520661 0.789645 -0.468952 0.063720
  0.909558 0.234856 -0.434374 1.788493
  0.762885 0.136387 0.691581 0.709735
  0.839856 0.218277 0.070534 0.279613
  0.630395 0.153688 0.751221 -0.566936
  0.755936 0.861060 0.187829 1.118078
  0.956970 0.119251 0.721356 -1.768256
  0.311603 0.921734 2.299497 -0.156398
  0.937217 0.414561 1.291560 -0.586217
  0.394547 0.753081 -0.226586 0.514712
  0.117596 0.163083 -0.255705 -0.640857
  0.859657 0.449435 0.852337 -1.108489
  0.497828 0.190356 -0.369875 -0.651155
  0.064637 0.081959 1.315340 -0.486388
  0.265490 0.221684 -0.135808 0.892983
  0.170076 0.495057 1.202550 -0.160689
  0.536835 0.815463 -0.242579 0.689787
  0.008213 0.806643 0.983253 0.419327
  0.847763 0.002879 -1.791915 0.220726
  0.854102 0.913568 -0.001281 -0.360675
  0.800872 0.597636 -0.000756 -1.474985
  0.646219 0.046871 -0.015343 0.347575
  0.076891 0.597993 0.362306 -2.985406
  0.481710 0.807012 0.448482 -0.034203
  0.082700 0.023403 -1.593466 0.179821
  0.008461 0.736382 0.631250 1.689254
  0.093525 0.987310 -0.715464 0.050023
  0.699246 0.920468 -0.263855 0.064422
  0.813023 0.570247 0.566739 0.335736
  0.702983 0.453742 0.334485 0.553202
  0.217166 0.140009 0.065066 1.637073
  0.474457 0.224717 -0.648451 0.860885
  0.204985 0.366169 0.493816 -0.208653
  0.886259 0.450720 -0.704563 -0.311166
  0.847124 0.181615 0.031907 -0.630968
  0.502955 0.891972 -1.778930 0.744903
  0.433748 0.978044 -1.368370 -0.618368
  0.514521 0.777638 -0.049536 -1.862022
  0.917807 0.607476 0.489712 -0.293428
  0.216282 0.847473 -0.319233 -0.600947
  0.407274 0.154593 -1.039765 -0.038245
  0.500051 0.941167 -2.415357 1.027750
  0.957591 0.865919 -0.282130 0.386413
  0.334834 0.484230 -0.809584 1.164068
  0.673563 0.266656 0.886687 0.845256
  0.639340 0.555879 -1.534028 0.820623
  0.160360 0.380036 0.639617 1.849593
  0.561504 0.485490 0.809321 -0.184189
  0.398877 0.993648 0.054868 -1.176436
  0.768922 0.649448 0.798393 -0.650155
  0.891442 0.726029 1.097863 0.608498
  0.957134 0.423983 0.694877 -0.394220
  0.023849 0.976463 -0.128157 1.613933
  0.721456 0.054828 -0.652816 -1.277953
  0.673400 0.321133 1.368851 -0.726282
  0.056406 0.941189 -0.005639 0.777006
  0.223727 0.935583 1.189901 1.744747
  0.738401 0.027372 0.693677 1.008261
  0.249991 0.928923 -0.792396 1.061627
  0.393010 0.609465 0.714282 -0.998191
  0.932265 0.565361 0.751049 -0.143594
  0.815131 0.718135 1.695658 0.017887
  0.412841 0.389371 -1.008108 0.155829
  0.718487 0.018049 -0.359586 0.124353
  0.575464 0.282509 0.902218 1.580252
  0.454042 0.815022 1.225049 -0.330130
  0.012706 0.572473 -1.733877 -1.102566
  0.523770 0.903996 1.907165 0.618837
  0.026254 0.747937 -1.494101 0.027326
  0.352245 0.608632 -0.316920 0.433060
  0.145065 0.060453 -0.082410 0.466838
  0.253541 0.020217 0.953271 0.653427
  0.766662 0.443214 -2.206686 -0.188782
  0.616702 0.658780 -0.114206 -2.398370
  0.796310 0.929602 1.575875 -0.101063
  0.362935 0.822154 -0.569101 -2.398123
  0.793841 0.746895 0.187178 0.521491
  0.928231 0.629009 -0.174152 0.024612
  0.442378 0.673856 0.365332 1.551481
  0.511886 0.732488 1.243105 -0.411064
  0.467293 0.006868 -1.753657 1.048697
  0.686856 0.663125 -2.094568 -2.112168
  0.876061 0.174540 -0.885007 -1.012592
  0.795627 0.165278 -0.139838 1.159159
  0.800232 0.317950 -0.202428 1.007069
  0.464189 0.045322 -0.599438 0.743897
  0.518749 0.507885 0.787611 -0.285365
  0.934999 0.561827 -0.884123 -0.974677
  0.706031 0.694709 0.636438 0.805397
  0.392509 0.376519 0.045882 0.356249
  0.309001 0.958513 -0.132786 -1.889950
  0.476988 0.593430 0.686119 -1.146070
  0.409354 0.387368 -1.429257 0.393656
  0.622765 0.011788 0.676176 -1.866074
  0.931840 0.854081 0.395005 1.014162
  0.071538 0.604268 0.209054 -0.119482
  0.485609 0.163878 0.071180 0.581603
  0.730647 0.731447 1.314893 0.990835
  0.540753 0.350432 -0.247953 -0.988146
  0.152616 0.810326 0.143748 -1.014657
  0.151213 0.036483 0.288266 -1.222290
  0.553183 0.121531 -0.276183 0.632841
  0.411411 0.496478 0.667154 -1.545264
  0.297461 0.548757 -0.557012 0.772701
  0.561247 0.108757 1.150490 -1.498479
  0.293817 0.257394 0.233739 -0.858304
  0.755258 0.975403 -1.478352 2.110824
  0.093356 0.845520 0.368740 -0.749470
  0.450174 0.825639 -0.678401 0.871673
  0.044577 0.520212 -0.435024 -0.755908
  0.006245 0.794209 0.094668 2.296984
  0.981170 0.518474 2.383632 -1.898811
  0.551216 0.118136 -0.652750 -0.182879
  0.566986 0.439995 0.691038 0.270404
  0.696515 0.757248 0.219842 0.419242
  0.777021 0.604664 -1.155021 0.535833
  0.441029 0.503654 0.404199 -0.201946
  0.957957 0.279597 1.504731 0.913015
  0.727226 0.978255 -1.742940 0.640936
  0.491392 0.731069 0.725530 -0.348380
  0.513297 0.533048 2.164681 -0.656159
  0.526412 0.571086 -0.696479 -0.966458
  0.640743 0.590281 1.248287 -0.053510
  0.371422 0.731967 0.097059 -0.587967
  0.286012 0.658437 0.824270 1.455736
  0.896082 0.987282 -0.031614 1.164300
  0.334769 0.615905 0.628594 0.831300
  0.655879 0.872824 -0.179237 0.400417
  0.990303 0.126169 0.938784 -0.751470
  0.649213 0.582459 -1.032327 0.561661
  0.851951 0.703492 0.291134 -0.254001
  0.568254 0.301690 -1.130558 -0.273639
  0.862690 0.242105 -0.490204 0.871981
  0.379359 0.352519 -1.429255 -1.349089
  0.136024 0.059690 2.193653 1.084818
  0.585617 0.934886 0.759390 0.409922
  0.727170 0.227558 -1.651551 0.524845
  0.133651 0.541997 0.280882 -1.656319
  0.420138 0.781510 -0.210354 -0.828143
  0.775977 0.926685 0.965650 0.570523
  0.943048 0.996234 -1.389396 0.659615
  0.109550 0.789609 0.336165 -1.171345
  0.069537 0.880331 1.682561 0.231512
  0.852336 0.632973 -1.015984 -0.061194
  0.350234 0.608394 0.748533 0.780031
  0.213984 0.843414 -0.101311 1.523355
  0.111918 0.018814 -0.446918 -0.290133
  0.702935 0.538151 -0.367418 0.688700
  0.581764 0.850144 2.169780 -0.783176
  0.433315 0.488255 0.500566 -1.132440
  0.097061 0.657496 0.392571 -0.138599
  0.495065 0.917923 0.391262 -0.244517
  0.727953 0.479249 -2.558748 0.223850
  0.466803 0.624393 1.151729 -0.551741
  0.369313 0.075280 0.246265 -3.377392
  0.244953 0.097288 -0.822550 -0.227284
  0.725396 0.944831 0.017116 -0.101521
  0.369756 0.175393 0.947800 -0.373649
  0.430381 0.412195 0.071818 2.069824
  0.636413 0.455346 -0.573730 -1.548464
  0.867378 0.485620 -0.104641 -0.854957
  0.827145 0.179070 -0.204596 0.798365
  0.330158 0.453202 0.365671 0.811706
  0.630952 0.225244 -1.591064 3.246504
  0.127296 0.794359 0.562084 -0.510473
  0.723825 0.382197 -0.531829 0.536121
  0.590160 0.279919 -2.733989 -0.324734
  0.646912 0.911281 -1.949465 -0.379923
  0.403945 0.337978 -1.353924 0.999217
  0.575990 0.840866 -0.889384 0.108245
  0.723860 0.416714 -0.042147 2.223405
  0.489564 0.433689 1.273035 0.191843
  0.250424 0.574547 1.323501 0.892009
  0.422103 0.806415 -0.341130 0.090095
  0.299053 0.038642 0.483769 -2.772568
  0.519625 0.115124 -0.383683 -1.356222
  0.164761 0.476108 0.913952 -0.918240
  0.677427 0.355161 -0.212376 -1.225246
  0.802932 0.929138 -0.794737 -0.458258
  0.686647 0.820215 0.449655 0.375962
  0.917351 0.578535 0.827577 -0.003441
  0.915240 0.587790 0.742138 -0.684237
  0.663676 0.783641 -0.295264 -0.160052
  0.649329 0.280848 -1.271996 1.061583
  0.513450 0.313971 -0.383744 1.043201
  0.240595 0.085715 -0.867380 -0.759431
  0.856114 0.581891 -1.121517 1.776151
  0.024079 0.514511 -1.513229 0.204177
  0.042671 0.147319 -0.010676 0.189684
  0.119465 0.051914 0.843427 1.986289
  0.238385 0.010902 1.346609 0.823320
  0.090308 0.919505 -0.054037 -0.959235
  0.817176 0.713190 -1.132592 1.251286
  0.616131 0.696252 0.374726 -1.468297
  0.963162 0.329967 -1.508954 -0.245845
  0.234373 0.835718 1.381330 -2.721293
  0.301545 0.892602 -1.502205 0.390493
  0.688757 0.291599 -0.242965 -0.514497
  0.488217 0.787034 0.291056 -2.051420
  0.789413 0.253018 0.603642 -0.561979
  0.967429 0.233559 1.276497 1.065020
  0.058677 0.285718 -0.494278 -0.323071
  0.957544 0.797931 1.334134 -0.950742
  0.127665 0.486875 -0.759500 -0.205771
  0.190741 0.099854 0.429982 -2.037820
  0.217223 0.893755 0.536352 0.198273
  0.037344 0.535124 0.084815 0.942506
  0.016383 0.361110 -2.661408 -0.226977
  0.627343 0.132873 0.654221 -0.251354
  0.096152 0.936305 -1.549194 -0.240861
  0.648624 0.522888 1.224955 -0.268321
  0.956102 0.375812 1.289568 -0.119326
  0.787175 0.961078 0.002802 -0.828272
  0.101027 0.526730 0.532148 0.907992
  0.437941 0.203550 -0.976805 0.330547
  0.189011 0.801181 -0.106832 -0.998571
  0.861860 0.369075 0.458170 -0.361192
  0.073726 0.519678 1.613946 0.389838
  0.366777 0.420809 3.192579 0.393109
  0.839648 0.577123 -0.314839 -0.545411
  0.653207 0.310502 -0.501763 -0.211598
  0.679762 0.894120 -0.304302 0.383775
  0.481473 0.716005 -0.417393 0.345458
  0.808980 0.140136 -0.758519 -1.961618
  0.232016 0.863078 -0.693573 -0.095160
  0.069548 0.357648 -0.881744 0.190490
  0.705021 0.173585 -1.386227 0.254923
  0.818234 0.535027 -1.327145 0.623478
  0.372242 0.530197 -0.955491 1.167159
  0.251948 0.389638 -0.050315 0.888460
  0.451739 0.507243 -0.519867 -0.702756
  0.411291 0.668471 0.293756 -1.096414
  0.641924 0.350129 -0.864746 0.686575
  0.838550 0.710262 0.658769 -1.021254
  0.105101 0.742831 -0.654216 0.104577
  0.138067 0.234870 0.418142 -1.858509
  0.415176 0.254171 -1.758452 -0.311884
  0.060306 0.225353 -0.465560 -1.550717
  0.109230 0.797668 -1.330504 -0.869813
  0.066051 0.875133 -0.213222 1.036863
  0.694155 0.799086 0.047334 -0.224037
  0.239867 0.603812 1.044973 -1.040401
  0.621957 0.913278 0.882004 1.266292
  0.516457 0.114104 -0.747573 -0.120513
  0.174180 0.083293 0.621365 -0.757312
  0.617610 0.148026 -0.668298 0.830325
  0.651922 0.503710 1.123949 0.421815
  0.426574 0.151163 -0.068415 0.258225
  0.820960 0.433362 1.227285 0.500211
  0.500913 0.759617 -0.537404 -0.578349
  0.229309 0.993822 -0.771883 -1.901679
  0.063994 0.800452 -0.376992 -0.627542
  0.308940 0.891983 -1.041482 0.162736
  0.546066 0.921875 -1.671939 3.026912
  0.598640 0.192816 -0.986842 0.154668
  0.651871 0.262298 -1.508948 0.112420
  0.865234 0.232700 0.669538 -0.132175
  0.716191 0.190013 1.905868 1.077003
  0.862702 0.668055 -0.720875 1.272739
  0.685474 0.723960 1.649392 0.335503
  0.004846 0.085462 0.703361 0.775756
  0.147143 0.196473 0.619639 -1.876874
  0.370728 0.117250 -0.068206 -0.035051
  0.789149 0.360512 1.384963 -1.149071
  0.480745 0.268844 0.102726 0.477445
  0.328505 0.390442 0.831801 0.767264
  0.314099 0.996547 0.867455 -1.213706
  0.953923 0.612446 -1.621449 1.061595
  0.518752 0.124831 -0.573791 -0.547822
  0.478459 0.990341 0.553935 -0.179214
  0.863067 0.071641 -1.062347 -0.902291
  0.859950 0.004378 0.555544 1.145770
  0.839252 0.939509 0.671656 0.438687
  0.813214 0.106194 0.031156 1.634894
  0.967879 0.320370 0.788065 0.049908
  0.057265 0.988432 -0.647782 0.917303
  0.008021 0.120772 -0.199550 -0.095524
  0.995705 0.507777 0.954934 -1.010139
  0.999306 0.999405 -0.094018 -1.260130
  0.516710 0.772935 0.551202 0.314143
  0.620910 0.934100 0.115398 0.658292
  0.646592 0.184775 -1.408117 0.270792
  0.521455 0.512955 -0.717823 2.206647
  0.413195 0.445687 0.325310 -0.466035
  0.439322 0.781949 -0.066790 -0.698179
  0.611726 0.777921 0.436918 1.010813
  0.363295 0.753086 1.469615 0.579863
  0.273557 0.713704 1.748120 -0.903982
  0.219580 0.853838 0.459997 -1.076960
  0.510432 0.604240 -1.662887 0.361210
  0.106816 0.490338 1.361650 -0.696487
  0.171764 0.289603 0.523853 -1.024465
  0.618315 0.685477 -1.002092 0.838074
  0.495841 0.778940 1.278140 -0.098108
  0.086246 0.388513 -0.921738 -0.127731
  0.320350 0.931666 0.972747 0.099731
  0.928585 0.072207 -1.013204 0.838879
  0.755173 0.252694 0.536559 0.544300
  0.734814 0.586694 2.348399 1.412165
  0.437057 0.574192 1.290989 -0.926023
  0.349029 0.714069 -0.032394 0.761058
  0.407009 0.451820 0.785551 0.573854
  0.987839 0.811494 0.206438 1.015319
  0.985981 0.779411 0.016890 -0.178308
  0.525409 0.399662 1.636030 -1.079669
  0.880807 0.692426 0.163492 -0.709056
  0.705967 0.296255 0.572791 -0.287325
  0.532836 0.265615 -1.176718 -0.394093
  0.816554 0.977272 -1.673212 0.343811
  0.032869 0.163252 0.407136 -1.317918
  0.372461 0.965450 -0.438221 -0.247498
  0.616876 0.591363 -0.872725 -1.049179
  0.444541 0.289352 -0.276622 0.206422
  0.940435 0.956850 0.806067 -0.933680
  0.156414 0.158032 -3.144132 -0.995100
  0.673173 0.229790 0.826161 -0.149357
  0.327235 0.739171 -2.899141 0.652268
  0.575109 0.368103 -1.413971 -0.505078
  0.231156 0.799644 0.650280 -0.260114
  0.544998 0.983761 -0.835156 1.003453
  0.694197 0.181553 0.103579 -1.320418
  0.029764 0.349486 -0.156248 -1.074959
  0.993673 0.157561 0.930224 -0.957332
  0.568701 0.842489 1.538588 0.205208
  0.923966 0.695115 -1.580028 2.269984
  0.391547 0.752805 -0.050807 -1.134716
  0.604759 0.059454 1.158956 -0.463940
  0.275990 0.522651 1.016911 1.413412
  0.317724 0.060600 -0.958201 -0.643927
  0.053727 0.018599 0.007947 0.663575
  0.380472 0.402963 0.300607 -0.427232
  0.179537 0.820616 -0.406158 -0.767913
  0.449638 0.078531 -0.126887 1.008937
  0.476791 0.293778 -1.035523 -1.561824
  0.293804 0.225663 1.596161 1.206396
  0.302804 0.664935 0.311439 1.017406
  0.944860 0.595915 0.635109 -0.304817
  0.799912 0.717886 0.152087 1.765580
  0.780025 0.224065 0.684209 2.472601
  0.617626 0.156116 -0.706150 -0.983186
  0.347534 0.406109 1.886742 -0.620814
  0.228142 0.432159 0.015321 0.037779
  0.865060 0.253788 0.075696 0.980662
  0.359779 0.250427 -1.354939 0.474839
  0.459973 0.339645 -1.649802 0.440048
  0.104430 0.711966 0.083917 0.183585
  0.854151 0.362083 -1.540051 -1.419377
  0.954305 0.762059 0.389138 -0.458209
  0.595272 0.841681 0.319944 1.658448
  0.396953 0.472578 1.554000 -1.105395
  0.380137 0.335118 -1.422449 -1.729266
  0.187000 0.680998 -0.033163 -0.096339
  0.115394 0.209618 0.935574 -0.193057
  0.966098 0.169032 -1.455329 0.182750
  0.713195 0.279766 -0.214535 0.106461
  0.788551 0.123099 -0.454028 -1.042799
  0.452216 0.711432 2.050454 -0.776647
  0.317228 0.912270 -1.392423 0.123419
  0.528732 0.202097 0.767553 -1.133232
  0.107762 0.104491 -0.691653 0.110510
  0.898524 0.289727 -1.238705 0.190300
  0.287643 0.223686 -0.118658 -0.011181
  0.066366 0.996448 -0.098292 -0.930014
  0.568990 0.626704 2.401164 -0.841718
  0.383434 0.067648 -1.112238 -1.206164
  0.918180 0.519535 0.972936 1.769513
  0.172533 0.114212 -1.901650 0.966570
  0.733609 0.429857 0.608318 -3.744807
  0.828945 0.623102 -1.089792 -0.088852
  0.441745 0.578908 -0.547486 -0.168982
  0.441751 0.850977 0.762722 -0.153455
  0.134975 0.885228 -0.483711 0.941785
  0.058550 0.599313 -0.510260 0.345375
  0.744118 0.905192 -0.536937 0.379126
  0.756625 0.352091 -0.993388 -1.239027
  0.887360 0.263982 -1.941206 0.068859
  0.355224 0.311611 -0.594551 -0.157893
  0.428938 0.618226 0.243126 1.019905
  0.198529 0.559754 0.018133 0.131061
  0.120106 0.912143 -1.314083 -0.026341
  0.094988 0.909119 0.287108 -1.376534
  0.422206 0.822763 0.695761 -1.000226
  0.544268 0.566474 1.137866 0.023878
  0.023105 0.290514 0.084870 1.382558
  0.192352 0.396158 -0.958510 0.880290
  0.896501 0.228602 -0.075975 1.592448
  0.391606 0.272944 1.473759 0.728677
  0.021422 0.591584 0.177586 -0.380288
  0.166885 0.577285 -1.690042 1.479865
  0.807189 0.549307 -1.221359 -0.711737
  0.482751 0.048844 0.228903 1.310990
  0.446573 0.639256 -1.291730 -0.882860
  0.838516 0.014293 -0.637762 0.595693
  0.089847 0.957417 -0.230641 0.534444
  0.669962 0.341085 1.880514 -1.009488
  0.045648 0.466145 1.581117 0.464805
  0.958009 0.425477 -0.924459 -0.638997
  0.071045 0.599969 -0.638495 -0.697953
  0.196681 0.642946 0.530969 -1.103995
  0.987576 0.318977 0.078447 -1.233678
  0.547994 0.339051 0.436244 0.397335
  0.134625 0.305254 -0.588857 -0.704916
  0.909391 0.302168 -0.257999 -0.644214
  0.541824 0.843475 -0.550748 -1.216751
  0.401398 0.514307 1.237306 -0.267568
  0.239816 0.771376 1.135835 -1.354510
  0.445974 0.648731 -0.020180 -1.989379
  0.611580 0.397273 1.385710 0.398160
  0.430103 0.337419 0.094523 2.202844
  0.091167 0.873512 0.376608 0.527442
  0.453009 0.830267 0.637328 -1.335246
  0.914005 0.736702 0.311341 1.805519
  0.807119 0.740245 -0.320652 2.107734
  0.108055 0.011568 -0.486625 -1.044192
  0.951918 0.022266 0.626862 -0.782642
  0.636238 0.210124 1.548801 -1.770175
  0.211698 0.958689 -0.627733 -1.618856
  0.268104 0.374674 0.152904 0.372231
  0.687243 0.056138 1.546743 1.024522
  0.888854 0.003387 1.638387 -0.017791
  0.908385 0.606594 -0.647422 -1.345870
  0.525863 0.609297 -0.190680 0.149723
  0.884231 0.857210 -0.470180 -0.604436
  0.417841 0.199229 -1.770467 0.420250
  0.934777 0.699270 0.354883 -0.796821
  0.757640 0.879772 -1.236846 -1.687202
  0.081198 0.081340 -0.640436 1.502336
  0.785153 0.905920 0.997781 -1.136427
  0.791177 0.586023 0.392000 0.037756
  0.393963 0.347641 1.425085 1.029730
  0.543097 0.390912 1.946708 -1.756076
  0.787945 0.720427 0.084914 0.755053
  0.312920 0.956755 -0.173605 -2.549628
  0.134903 0.683732 -0.458904 0.950741
  0.620940 0.023687 0.772175 0.518566
  0.350680 0.474623 -0.528848 -0.251726
  0.296828 0.480021 -0.430348 -0.699854
  0.245082 0.587470 0.603528 0.159662
  0.273669 0.101544 -1.565681 1.152000
  0.089009 0.173234 1.791478 1.276043
  0.390449 0.652061 1.756316 -0.252726
  0.909060 0.982160 -0.635937 0.701555
  0.543635 0.648779 0.734928 1.719711
  0.299913 0.599524 1.648402 -0.013404
  0.683872 0.977184 -0.738674 1.642928
  0.960927 0.366050 -1.599919 0.883671
  0.563812 0.508762 -0.886319 -1.290239
  0.238007 0.754581 -0.093097 -0.577842
  0.110729 0.810118 1.027875 0.557672
  0.775212 0.336774 -0.223800 -0.164006
  0.337538 0.776276 1.799895 -0.247400
  0.908850 0.592169 -2.069507 -1.644257
  0.136038 0.533088 0.276968 -0.284404
  0.606551 0.315765 -0.267217 0.112335
  0.934305 0.776520 0.878482 -0.168051
  0.343007 0.316512 -0.252705 1.021256
  0.693829 0.154354 0.176999 0.790876
  0.320129 0.478208 -1.737567 -0.378249
  0.893398 0.535132 0.808439 0.667663
  0.211060 0.303177 -0.158345 1.004604
  0.541528 0.112212 -0.134457 -1.480233
  0.949450 0.587128 -1.080997 0.638744
  0.585013 0.084964 1.145556 0.249462
  0.382107 0.287090 2.898270 -0.232554
  0.812490 0.496683 0.293299 1.039901
  0.100677 0.020935 -0.058789 0.589002
  0.590843 0.779871 -0.281492 0.260851
  0.359298 0.722380 0.247563 -1.829744
  0.966524 0.152592 -1.075738 -0.002066
  0.740830 0.556449 -0.351897 -1.151300
  0.480034 0.296127 -1.340981 -0.818645
  0.349729 0.729178 0.602725 0.214934
  0.019123 0.792018 -0.625047 2.227738
  0.003559 0.919561 -1.194508 -0.347520
  0.275255 0.742782 1.519163 1.032040
  0.806316 0.616349 -0.696813 -0.709277
  0.705506 0.143114 1.111920 0.205939
  0.958059 0.005237 -0.157526 -1.943623
  0.554922 0.305973 -1.404052 -1.116792
  0.513209 0.367588 0.180225 -0.126485
  0.872559 0.493928 -0.099147 -0.214409
  0.916122 0.350498 -2.164844 -2.150615
  0.079236 0.292063 -0.176722 -0.073710
  0.407151 0.239483 -0.813551 -1.396004
  0.234594 0.136584 0.071026 0.614126
  0.165707 0.934097 -0.587686 1.478892
  0.065164 0.456199 -0.720738 0.501390
  0.962725 0.979944 -2.199446 0.447071
  0.785302 0.175057 1.313708 0.762663
  0.413616 0.969893 -0.652982 0.238693
  0.684035 0.271151 0.119760 -1.132301
  0.783207 0.601188 1.050897 -1.489560
  0.010098 0.719210 -0.237916 -0.676906
  0.197816 0.547400 0.692614 -0.076824
  0.128887 0.901738 -0.740247 -0.358367
  0.579380 0.497957 -0.417903 0.540480
  0.477001 0.243912 -2.677771 0.501977
  0.408673 0.010030 -0.077228 1.542640
  0.550590 0.091306 -0.239589 0.019119
  0.656696 0.754054 0.034126 0.171730
  0.038161 0.335731 1.205752 0.988846
  0.916638 0.395548 -0.171070 0.136829
  0.938877 0.664061 0.640401 0.762317
  0.160835 0.890643 -1.070312 0.684930
  0.202656 0.251875 -0.860793 -1.431732
  0.232910 0.957390 -0.404303 0.184361
  0.131737 0.236869 0.285508 0.132007
  0.485553 0.736046 1.565221 0.793002
  0.780258 0.535499 0.814403 -0.267776
  0.495223 0.856239 0.360658 0.029804
  0.117179 0.234960 -0.020523 1.342313
  0.722260 0.601896 1.031989 -0.410805
  0.648344 0.093574 0.052190 -0.086401
  0.591973 0.826384 1.765814 -2.430954
  0.707642 0.510922 0.090137 0.524851
  0.308804 0.793957 -0.714192 -0.759046
  0.230757 0.826780 -0.382719 0.493022
  0.398978 0.440670 -0.566564 -1.147817
  0.237418 0.354087 -1.137034 0.069480
  0.139003 0.916058 0.732373 0.021794
  0.393054 0.014943 0.306632 -0.506196
  0.668316 0.629219 -0.205862 1.833955
  0.044128 0.666999 -0.363680 3.281491
  0.306887 0.086148 -1.831952 0.281172
  0.901107 0.462715 -0.417045 0.276054
  0.136835 0.452995 0.282214 -2.408625
  0.914011 0.038968 0.796303 -2.368186
  0.207936 0.432770 1.256962 0.018783
  0.891296 0.975062 -0.770466 0.198846
  0.797168 0.894582 0.351209 -0.299570
  0.099446 0.506734 -1.282844 -1.190705
  0.044866 0.624876 -1.119618 -1.019818
  0.758997 0.856379 0.533182 0.868158
  0.050543 0.781004 0.526448 -0.133912
  0.791423 0.079007 -2.125696 -0.017667
  0.873907 0.472220 0.158500 1.300568
  0.773896 0.252005 -0.796173 -0.492031
  0.310897 0.789379 0.341611 -1.441840
  0.629428 0.430244 -0.681607 -1.309047
  0.845528 0.392388 -1.077476 -1.093900
  0.091381 0.684549 -0.239038 1.160332
  0.639170 0.373287 1.444287 1.093483
  0.514696 0.718428 0.302203 -0.477406
  0.227023 0.382972 -1.247112 -0.423830
  0.149886 0.189814 -0.239248 -0.148608
  0.662833 0.537460 -0.896668 -1.341103
  0.085512 0.377109 -0.129936 -1.287998
  0.477816 0.375437 -1.181251 -2.560462
  0.941191 0.815407 0.368565 -0.032251
  0.873652 0.387032 -1.412937 0.733834
  0.911282 0.288042 -0.325736 -0.025434
  0.963883 0.577753 0.611745 1.088453
  0.433633 0.588352 1.787227 -0.636568
  0.543129 0.325450 -0.820736 -0.506990
  0.176167 0.706123 0.180200 -2.021716
  0.140746 0.664103 0.391571 -1.567212
  0.733166 0.962947 0.794970 1.360056
  0.635800 0.212402 0.564836 -0.116649
  0.613968 0.402438 -0.600071 -0.987336
  0.206052 0.571080 0.302542 -0.852203
  0.116068 0.107113 -0.696552 0.740618
  0.991693 0.977654 0.300475 -0.118588
  0.108631 0.780127 0.914546 -0.686086
  0.186476 0.674239 -0.694126 1.484453
  0.691514 0.948588 0.259870 -1.091812
  0.301926 0.932998 0.284656 -0.377567
  0.626348 0.824221 0.320666 0.188909
  0.493836 0.861603 0.452820 0.497204
  0.437670 0.508943 0.142362 -0.372253
  0.266091 0.794675 -0.169439 -0.739117
  0.414405 0.801161 -0.640813 0.067964
  0.253954 0.373488 -0.260418 0.059555
  0.604452 0.771836 0.527521 0.793872
  0.621179 0.454421 -0.488635 0.495222
  0.182676 0.217329 0.151112 -0.108980
  0.158368 0.078143 0.141796 -0.004789
  0.486090 0.747402 1.466183 0.299615
  0.837236 0.349596 -0.409548 0.919879
  0.097960 0.701073 0.444540 -1.342034
  0.481205 0.457465 0.752326 -0.749609
  0.866710 0.181971 -0.057806 -0.608577
  0.371016 0.639799 0.247434 0.542721
  0.357134 0.420787 0.413809 1.540603
  0.124750 0.899637 -0.247414 -0.360460
  0.182192 0.281761 -0.367076 -0.342867
  0.929101 0.083843 -1.129120 0.343961
  0.981452 0.069228 -0.078637 0.151023
  0.111368 0.765097 -0.891287 -1.783402
  0.887668 0.273773 -2.265966 -0.838417
  0.219038 0.657104 -2.215272 -1.404913
  0.875374 0.942935 -0.213607 0.243240
  0.365123 0.068127 0.606341 -0.593525
  0.642580 0.369716 -1.817205 0.055621
  0.553650 0.162152 -0.221443 -0.024968
  0.690011 0.698328 0.710766 -0.484154
  0.813852 0.550551 0.433106 -0.518219
  0.434297 0.505832 0.063509 -0.054381
  0.324589 0.001626 0.612651 1.307064
  0.869851 0.295501 0.547056 -0.749859
  0.266592 0.390631 -0.623410 2.492470
  0.169825 0.988298 -0.468645 -0.193932
  0.604540 0.715784 -1.372912 0.052831
  0.640471 0.439556 0.643761 -0.521940
  0.329769 0.754734 0.271257 0.554552
  0.825731 0.721819 -0.947641 0.568073
  0.863747 0.521261 -1.385114 0.724707
  0.093960 0.712667 2.138737 0.286263
  0.336689 0.733709 -0.329245 0.152365
  0.130281 0.682048 0.311953 -0.111244
  0.162669 0.414365 -1.153778 -1.693680
  0.723268 0.082470 0.667019 -1.029858
  0.508995 0.836034 0.611528 -0.637690
  0.744509 0.182771 -0.478380 -1.163903
  0.477277 0.760800 0.041955 -0.854051
  0.248259 0.360989 0.548947 1.401389
  0.462754 0.173595 0.549787 0.573057
  0.750060 0.323542 -0.020593 -0.216438
  0.864429 0.089485 0.229903 0.658903
  0.893541 0.218450 -0.321124 -0.199725
  0.963897 0.879032 -0.605604 -0.281747
  0.718107 0.415126 0.173025 1.388384
  0.628364 0.102450 0.457080 0.906493
  0.821740 0.502809 -0.457161 1.945055
  0.099983 0.812996 -0.483167 -0.733037
  0.594018 0.984323 -0.764458 -0.567442
  0.635993 0.733156 1.431285 0.642778
  0.509049 0.862461 -0.285151 -1.875185
  0.995312 0.596515 -1.045317 1.304817
  0.717754 0.546337 -0.359943 1.273811
  0.281525 0.311916 -1.638050 0.366929
  0.186653 0.086968 -0.285008 1.178362
  0.070946 0.399052 0.442284 0.595431
  0.494277 0.988230 0.116759 0.901351
  0.257231 0.002673 0.569871 0.118566
  0.732120 0.840840 0.692025 -1.325540
  0.488665 0.361475 1.207563 0.239683
  0.704225 0.135630 -0.387678 -0.568001
  0.154913 0.935383 0.138422 0.809270
  0.470535 0.538646 -0.694995 -0.179520
  0.565987 0.703918 0.430489 0.082801
  0.199820 0.291612 -0.512160 -2.662883
  0.796587 0.516941 -2.592925 -0.129426
  0.502189 0.769047 0.605348 -1.662046
  0.259896 0.635857 -0.031095 -2.005186
  0.910015 0.183968 -1.178634 -0.130454
  0.723748 0.441033 -0.457692 0.567935
  0.496342 0.327404 -0.331595 0.129353
  0.217337 0.178879 0.800737 0.474495
  0.765333 0.249867 1.646049 -0.822878
  0.229336 0.526949 -0.298602 0.248464
  0.298718 0.028595 -0.283464 0.185337
  0.400542 0.391848 0.801396 0.889698
  0.171529 0.872597 -0.567131 -2.026123
  0.161963 0.269200 -1.874752 -0.683899
  0.872481 0.585514 1.681370 -1.130972
  0.009260 0.945448 0.413258 -0.913719
  0.142362 0.525891 -1.403677 0.140007
  0.394163 0.875558 0.490029 -0.387492
  0.473814 0.522636 0.840572 -0.368601
  0.589160 0.319403 -2.131388 0.237261
  0.573247 0.655856 0.346411 -0.416919
  0.468738 0.509907 -0.193224 -0.056286
  0.267726 0.722397 1.847249 1.220314
  0.839171 0.460776 -0.280623 -0.985145
  0.609860 0.965098 -1.001613 -1.105228
  0.547373 0.566644 0.192910 -2.651936
  0.275069 0.068359 0.742197 -1.315375
  0.004259 0.886170 -1.366034 -0.038945
  0.284029 0.499320 -0.295681 -0.194411
  0.965598 0.818244 0.901517 1.008020
  0.602808 0.633155 -1.194711 0.479914
  0.129476 0.255552 -1.081674 0.304575
  0.175797 0.656256 -0.580046 2.023000
  0.801107 0.357077 0.290805 1.118576
  0.109153 0.938372 1.378826 0.372575
  0.511195 0.516516 1.242734 0.498721
  0.942689 0.466135 -1.488311 -0.717605
  0.951428 0.078361 1.634047 -0.271288
  0.408010 0.830603 1.818866 -0.210724
  0.259750 0.900364 0.141001 1.184666
  0.178306 0.550308 -3.177143 0.006789
  0.314798 0.676184 3.250995 1.342520
  0.846118 0.880119 -0.808263 -1.050837
  0.342888 0.409695 0.643485 1.093829
  0.160615 0.534987 0.837692 0.556235
  0.897552 0.410960 0.945100 1.140147
  0.162716 0.666122 0.615857 -0.153003
  0.570907 0.696200 -1.530349 -0.133862
  0.213062 0.965645 -0.455508 -0.545579
  0.886112 0.813283 0.234816 0.408955
  0.422001 0.766353 -0.525458 1.184272
  0.154600 0.106976 0.203006 -0.323704
  0.333584 0.785868 1.428123 1.882842
  0.231349 0.974611 0.584050 0.637978
  0.147543 0.125733 1.440324 0.833048
  0.707894 0.290208 0.635124 -0.455088
  0.751680 0.268388 -0.642421 0.307532
  0.149660 0.705882 0.027835 -0.367507
  0.303568 0.451278 -1.521156 -1.168463
  0.101035 0.746160 -0.044879 0.847660
  0.087958 0.797451 -0.317935 0.254477
  0.317873 0.205973 0.702775 0.644821
  0.242970 0.734374 -1.190800 -0.437124
  0.677377 0.012157 0.908231 1.067055
  0.097150 0.449321 0.525681 0.686913
  0.726846 0.157967 -0.642455 0.749842
  0.724853 0.281346 -2.428776 1.970045
  0.756438 0.683196 -0.625888 -0.048253
  0.214375 0.870259 0.578723 0.591231
  0.220653 0.680253 -2.397136 -1.299588
  0.675508 0.557651 -1.383183 0.410047
  0.592859 0.497024 -1.876983 -0.231992
  0.207761 0.256380 -1.045379 0.474993
  0.004955 0.878453 -1.224251 0.729437
  0.728564 0.480122 -1.055733 -0.369098
  0.655275 0.181293 -0.269135 -2.689152
  0.133258 0.945778 0.767083 0.688714
  0.979219 0.450976 0.883939 0.236193
  0.983110 0.177149 1.152659 0.882739
  0.359475 0.601507 1.735399 1.207390
  0.618899 0.311583 -1.624747 1.223252
  0.291387 0.480159 0.953284 1.096764
  0.647976 0.586687 1.616295 -0.001496
  0.120543 0.753366 -0.518548 0.004109
  0.383660 0.725086 -0.214823 -0.320061
  0.714787 0.087974 0.332181 -0.429969
  0.329505 0.831404 -0.660545 0.470535
  0.382463 0.399596 0.383420 -1.927938
  0.663921 0.007510 -0.242429 -0.416402
  0.360701 0.657456 1.340713 0.808456
  0.870342 0.789246 -0.508655 -1.185277
  0.151212 0.565590 2.737524 -0.705381
  0.905115 0.212734 0.085917 2.764611
  0.791353 0.917467 -0.109176 -0.012994
  0.089096 0.862927 -0.116132 -0.574568
  0.258375 0.915211 -1.003930 0.363355
  0.135526 0.461083 -3.122088 1.177281
  0.997625 0.458982 0.887945 1.596822
  0.212129 0.031921 0.580515 -1.783283
  0.792940 0.900126 -0.308970 -1.006814
  0.135797 0.256705 0.615138 0.839447
  0.352691 0.313291 -1.116893 1.508510
  0.480307 0.400757 0.980920 -0.490097
  0.289211 0.620442 1.021673 -1.300664
  0.942135 0.493973 0.215989 -0.525755
  0.923556 0.589249 -1.433309 -0.326598
  0.675179 0.775994 0.964753 0.722701
  0.581700 0.418327 1.457002 -0.424731
  0.137828 0.226729 -0.597745 0.478232
  0.104845 0.473240 0.997802 0.412735
  0.371155 0.687859 0.709987 -0.524306
  0.500005 0.877640 1.243198 -0.018174
  0.097258 0.475017 -1.511168 -0.564722
  0.613764 0.342794 -1.334685 0.728231
  0.320844 0.322002 -0.591866 -0.954890
  0.560286 0.247115 0.198432 0.083404
  0.394409 0.750137 -1.196634 0.407102
  0.292615 0.691663 -1.381706 0.330972
  0.531318 0.682827 -0.016776 0.306192
  0.590423 0.213553 -0.872618 0.011608
  0.640568 0.380073 -1.341506 -0.259921
  0.446862 0.480282 0.893660 0.278432
  0.806894 0.579795 -0.535131 1.271415
  0.337564 0.732387 -0.109221 0.020248
  0.233347 0.375654 -0.403947 -1.371627
  0.014480 0.426384 0.090340 1.296999
  0.928240 0.153154 -1.204941 -0.946112
  0.330375 0.368673 -1.543585 -1.233130
  0.471479 0.347668 2.076880 -0.322536
  0.926574 0.946935 -1.364770 0.509626
  0.543439 0.546442 -1.115107 -0.239960
  0.685011 0.138415 -0.152359 1.656760
  0.866259 0.880345 0.389792 0.268098
  0.521587 0.036857 -1.033948 0.721403
  0.054086 0.831903 -0.412061 -0.374643
  0.752668 0.231896 -0.646919 -0.100604
  0.759008 0.528656 -0.091559 0.317936
  0.973241 0.547571 -1.203005 0.254721
  0.594259 0.914329 -0.078441 1.458348
  0.069456 0.884576 -1.183836 -0.434545
  0.093989 0.782205 -0.864504 0.347607
  0.052540 0.656285 -0.472031 -1.604088
  0.056524 0.114219 -1.515480 -2.739770
  0.098163 0.110909 -1.529179 -0.740962
  0.199663 0.986373 -0.817005 -2.048566
  0.713607 0.081573 0.248723 -0.475357
  0.044966 0.705149 0.408961 0.403469
  0.011974 0.994249 -1.308209 0.644130
  0.911690 0.572704 -0.627890 -0.335388
  0.928724 0.211532 -1.577828 -1.587581
  0.743888 0.641842 -0.930529 -1.792654
  0.185369 0.167409 0.248925 -0.589847
  0.712324 0.035463 -0.707294 1.102311
  0.265928 0.794433 -0.100055 0.513659
  0.932634 0.175155 -0.080095 -0.278097
  0.591153 0.968172 -0.174777 0.279168
  0.564563 0.665813 0.971621 1.478370
  0.200600 0.733302 1.252933 0.082247
  0.418856 0.134581 0.240981 -1.794626
  0.059589 0.595716 -0.747061 1.111639
  0.865801 0.072688 -0.114645 0.496351
  0.326036 0.729572 -0.275323 -0.191249
  0.023368 0.088652 1.167093 -0.802773
  0.978558 0.930838 -1.175270 0.808386
  0.389402 0.897006 -1.120586 1.465707
  0.652600 0.337310 -1.120923 0.036516
  0.307195 0.458858 1.427248 0.481604
  0.743622 0.073290 0.461598 -0.066851
  0.394176 0.733812 -0.008687 1.849292
  0.786312 0.496193 0.851384 -1.632818
  0.748276 0.793053 0.056707 -2.148675
  0.619812 0.596853 0.402843 -0.469748
  0.647505 0.148017 0.933687 0.452440
  0.699009 0.556402 0.364270 -1.514955
  0.169921 0.115824 -0.441339 -1.319538
  0.558119 0.577581 -0.506259 -0.853802
  0.351000 0.461270 -0.316741 1.325487
  0.097069 0.466833 -0.525948 1.231632
  0.232323 0.098159 -0.133776 0.720722
  0.360642 0.144032 0.381843 -0.121893
  0.528907 0.532109 -1.212213 0.463345
  0.306485 0.616182 0.323742 -0.112823
  0.780343 0.618042 -1.196635 1.032307
  0.612488 0.699471 -0.490866 0.866653
  0.790186 0.344517 1.192513 -0.806755
  0.126278 0.475298 -1.125403 1.252684
  0.592763 0.805517 -0.110326 -0.393217
  0.093116 0.231536 -0.075510 -1.043385
  0.219877 0.328901 -0.725100 -0.597705
  0.464099 0.843665 -0.704848 0.441462
  0.316749 0.224592 -0.826829 -2.468964
  0.205024 0.618301 0.263802 -1.776539
  0.431826 0.702598 -0.249536 -0.947773
  0.117998 0.192355 -0.714956 0.581584
  0.212269 0.378089 0.241248 0.007028
  0.071844 0.326799 -1.667347 -0.639947
  0.571602 0.359643 -0.076714 1.741066
  0.305983 0.517509 -1.128898 -0.183568
  0.664165 0.616096 0.452900 -1.266944
  0.716034 0.244080 -1.628470 1.199294
  0.372975 0.746010 0.154085 -0.099635
  0.246893 0.783801 -1.215361 0.785022
  0.837828 0.084555 -1.738746 0.601211
  0.636994 0.068598 0.399385 -3.115572
  0.624154 0.319307 -0.423146 1.519352
  0.926218 0.648015 -0.811566 0.158618
  0.501039 0.750366 -0.522111 -0.557680
  0.189879 0.801814 -1.763390 -0.850559
  0.716862 0.565674 -1.459278 0.000476
  0.197834 0.261025 -0.956250 1.006904
  0.367732 0.969446 1.291643 -0.022735
  0.446379 0.879194 -0.560469 0.833687
  0.264532 0.562970 -0.659816 0.440567
  0.671732 0.536414 -1.087125 -0.564259
  0.948622 0.068839 -0.090438 -0.655987
  0.391820 0.211798 -1.077083 -0.421183
  0.169456 0.273943 0.046654 1.219731
  0.399881 0.471448 -0.228990 -0.620060
  0.263360 0.255070 -0.835667 -1.013224
  0.969118 0.664587 0.073433 1.337865
  0.674149 0.439941 1.606976 0.458491
  0.810889 0.723511 -0.675848 -0.773374
  0.291709 0.238275 1.067479 -0.703651
  0.294890 0.858435 1.358219 -0.395393
  0.059598 0.726760 -0.609538 -0.218933
  0.614030 0.615381 0.872922 0.370743
  0.205000 0.892606 0.028109 -0.169939
  0.727703 0.920997 0.071126 -2.937177
  0.267548 0.664537 -0.208328 1.241305
  0.962100 0.653220 0.321233 1.531906
  0.495785 0.165783 0.802859 -0.797700
  0.786876 0.723316 -0.639326 0.837196
  0.930630 0.494929 -2.094129 -1.156327
  0.133042 0.314882 -0.164516 0.569793
  0.025837 0.532473 -1.163789 0.441989
  0.070634 0.135847 -1.750097 1.502396
  0.527388 0.657594 1.224490 -1.110970
  0.691341 0.161546 0.342740 2.202756
  0.367170 0.390623 -0.853779 0.052529
  0.104170 0.492634 -0.519038 -0.513534
  0.436104 0.400633 1.286812 0.737227
  0.141304 0.349148 1.393199 -0.139229
  0.569419 0.679299 0.969469 0.518066
  0.187000 0.584244 -0.418746 -0.401475
  0.623171 0.948313 1.827348 -0.267648
  0.639419 0.722701 -0.440472 -0.451526
  0.871365 0.980462 -1.381224 1.654136
  0.756719 0.408693 0.412460 0.073330
  0.590877 0.429547 0.035025 -0.540418
  0.035214 0.286610 -0.392392 -2.038874
  0.650400 0.081124 -0.058550 0.229029
  0.690330 0.562183 -0.240063 -0.115598
  0.117645 0.376515 -0.275611 -0.505452
  0.239934 0.562599 0.277238 0.850085
  0.873596 0.627775 0.020104 -1.091403
  0.253366 0.386603 0.846243 0.377062
  0.109745 0.010564 0.995085 1.125682
  0.845829 0.529850 0.286560 -2.775842
  0.916749 0.438528 0.046477 -1.356415
  0.380641 0.395996 0.668362 -0.859737
  0.988257 0.784870 -0.592416 0.859949
  0.556913 0.152371 0.583821 1.582776
  0.179005 0.596506 0.170052 -1.139183
  0.617437 0.472067 -0.594846 -0.836248
  0.452656 0.901748 2.054190 -0.388116
  0.159141 0.990517 0.274406 -0.222062
  0.354947 0.150891 -1.254329 -0.807924
  0.075796 0.965097 0.627198 -0.411515
  0.015729 0.931353 0.201018 -0.227993
  0.088914 0.210253 -0.234185 0.997996
  0.365275 0.285196 -1.333666 -1.088455
  0.845584 0.908149 0.553323 -1.045476
  0.882338 0.851868 -0.047835 1.508646
  0.768930 0.689348 1.036481 1.023458
  0.633364 0.765427 0.810718 1.330452
  0.100353 0.661771 -0.067263 -0.948016
  0.774841 0.987416 -0.387588 0.541941
  0.080369 0.200850 0.526477 0.194678
  0.389421 0.021223 0.834240 1.649249
  0.359781 0.930366 -0.628818 0.210860
  0.564689 0.733417 -0.944666 -0.751652
  0.597939 0.111040 1.204586 1.012723
  0.627897 0.316144 -0.575962 0.319486
  0.834029 0.431532 -0.354405 -0.809032
  0.480308 0.671212 0.502321 0.365707
  0.689125 0.096102 -1.054518 -0.369973
  0.152628 0.368881 -0.599087 0.372531
  0.647170 0.549450 -2.180260 -1.469453
  0.536592 0.822957 -0.569752 0.054982
  0.713628 0.569913 0.050795 0.025097
  0.882683 0.395037 -1.859516 -0.551144
  0.314955 0.368848 -0.378657 0.958415
  0.460640 0.431121 0.070970 0.051266
  0.956695 0.517775 1.105997 -0.604227
  0.177753 0.780683 1.865897 0.643525
  0.069024 0.714091 0.545148 -0.353314
  0.651432 0.346736 0.421740 0.544991
  0.108547 0.274367 1.617258 -0.312017
  0.064596 0.848968 0.314611 1.046825
  0.026300 0.433787 -0.453653 0.691229
  0.042365 0.662914 1.495900 -0.805357
  0.144235 0.302319 0.555607 -1.325734
  0.432100 0.544142 0.432330 1.244806
  0.326945 0.424985 -0.294124 1.686902
  0.679769 0.036173 -0.989430 0.039693
  0.737332 0.621763 0.334587 0.500492
  0.434382 0.633546 1.778505 1.279401
  0.095450 0.459277 -0.161990 -1.059499
  0.022499 0.202470 1.316080 1.077146
  0.108146 0.462816 -0.090758 1.415274
  0.145168 0.416920 0.726996 0.969609
  0.938241 0.603974 -0.673589 -0.424402
  0.026435 0.496714 0.115420 0.779987
  0.053112 0.210021 -1.496109 -0.365795
  0.034986 0.123234 0.055004 -1.700798
  0.713292 0.079588 -1.334925 -0.129149
  0.004828 0.961993 0.989300 -1.084549
  0.419044 0.875229 -1.594401 -0.429379
  0.373372 0.072849 0.175521 0.739521
  0.272525 0.133775 0.959961 -0.023794
  0.749402 0.736008 0.447337 0.008017
  0.983819 0.823372 -0.959249 0.308438
  0.782610 0.104419 -0.139827 0.370749
  0.840358 0.594447 -0.676794 0.384242
  0.486069 0.743715 1.935137 -1.149637
  0.278793 0.235379 -0.336101 -1.416165
  0.272343 0.840900 0.477534 1.142834
  0.460771 0.799791 0.087058 0.781430
  0.681998 0.928146 -1.148731 0.127635
  0.469329 0.700259 -0.372319 0.163282
  0.671654 0.534806 0.406933 -0.410902
  0.324536 0.645355 1.443481 0.165192
  0.728752 0.262237 0.102196 -0.528237
  0.142589 0.580373 -1.381133 0.622055
  0.540335 0.529194 0.712026 -0.729286
  0.029890 0.766223 1.410740 0.092422
  0.952233 0.879700 -1.329256 1.466204
  0.522270 0.180616 0.657827 -0.534145
  0.876405 0.168883 -1.665096 0.517194
  0.703939 0.468335 0.734180 0.655312
  0.170026 0.082831 1.873453 -0.875584
  0.132317 0.528135 1.316564 -0.832587
  0.640133 0.915597 -0.991204 0.500145
  0.150206 0.153405 -0.467673 1.080006
  0.983558 0.483099 1.406068 -1.092917
  0.742935 0.118513 1.328318 -0.922887
  0.884319 0.162110 0.048769 -0.855228
  0.669489 0.534746 -1.407084 -1.111176
  0.787257 0.748976 0.079556 -0.624929
  0.938903 0.940282 -0.147436 -0.482750
  0.005593 0.908699 -0.164466 0.341490
  0.191610 0.921690 1.168552 -0.814614
  0.744630 0.331984 -1.061161 0.787295
  0.159170 0.906292 1.088895 0.465749
  0.661230 0.140059 0.504844 0.315422
  0.982547 0.218999 1.070650 -0.467492
  0.718114 0.344921 0.176531 -1.671121
  0.388200 0.235680 -0.159035 1.766508
  0.773523 0.798279 -0.487053 -0.984129
  0.248251 0.615541 -0.228404 -0.460487
  0.992595 0.693833 -2.262179 0.094896
  0.920884 0.436096 0.081852 2.074823
  0.690647 0.472968 0.464700 -2.048789
  0.925654 0.090225 -1.316617 -1.178181
  0.472907 0.806062 1.458479 1.732926
  0.704689 0.211573 0.742010 0.149029
  0.351645 0.352403 0.430463 -2.152439
  0.773858 0.444890 -0.334329 -1.239825
  0.228949 0.103052 -1.362256 -0.190713
  0.661323 0.492797 0.083441 -1.636941
  0.428479 0.038379 -0.076542 0.720207
  0.627178 0.014141 -0.992578 -0.836873
  0.640227 0.562506 0.604952 -0.003923
  0.671191 0.449667 -0.248562 1.125716
  0.444958 0.574336 -0.248384 0.991179
  0.384388 0.928990 -0.560913 -0.549512
  0.555675 0.355449 0.508101 0.249047
  0.920369 0.640832 -0.437559 -0.406610
  0.301301 0.124536 1.024636 -0.775494
  0.107262 0.475947 0.827696 -0.149914
  0.380817 0.506916 1.655867 0.281448
  0.900087 0.165963 -0.770606 0.486218
  0.897016 0.202913 0.045104 0.375441
  0.629468 0.860592 -0.031423 -0.664919
  0.770278 0.822058 1.574885 -0.182868
  0.578603 0.988222 0.860983 -1.778945
  0.881392 0.251259 -0.729019 -1.629240
  0.949727 0.695760 0.745905 1.974325
  0.351970 0.059934 -1.150328 -1.680076
  0.154936 0.394282 -1.038222 -0.323226
  0.479900 0.523180 -0.606341 0.132518
  0.450281 0.925712 -0.512173 -0.995000
  0.625921 0.266599 0.177521 0.010604
  0.934162 0.272018 0.610734 -1.094981
  0.624400 0.374150 -0.446878 0.320204
  0.585220 0.156489 1.932177 1.302994
  0.565090 0.367111 -0.241823 0.571234
  0.462608 0.120591 -2.759284 -0.285987
  0.353288 0.500323 -2.193199 0.482669
  0.042534 0.708645 -0.120780 1.593262
  0.686101 0.899035 -1.504129 0.180314
  0.942776 0.505304 -1.123161 1.525675
  0.934655 0.832583 -2.353707 0.369688
  0.468793 0.090976 2.374325 -0.522957
  0.941686 0.788085 1.076318 -1.260098
  0.071624 0.027259 -0.822943 0.126374
  0.790089 0.951397 1.087239 2.046587
  0.873502 0.945061 -0.343864 -0.178323
  0.560695 0.977329 0.056423 -1.159482
  0.583386 0.047423 0.885325 -1.888740
  0.218753 0.302296 0.955554 -1.020619
  0.875164 0.149460 0.127026 -1.485059
  0.376927 0.632741 -0.214322 0.257038
  0.458292 0.945799 -0.678081 0.765216
  0.729088 0.800243 -0.513065 0.463946
  0.239144 0.279535 -0.004473 0.287694
  0.026758 0.050887 -0.287028 0.417869
  0.501002 0.015384 -0.387616 -0.779722
  0.676092 0.430181 0.948240 0.954084
  0.810909 0.379668 -0.429108 -0.058631
  0.510521 0.538291 0.313835 0.755922
  0.100711 0.390978 -0.633779 0.441383
  0.376398 0.549117 -0.442870 -0.115454
  0.460019 0.167446 0.865400 0.770786
  0.592216 0.847276 -0.359106 0.630170
  0.643960 0.360551 -0.936629 -1.279567
  0.381811 0.138694 0.434399 -0.608007
  0.144310 0.402965 0.042471 0.665644
  0.332988 0.595157 -0.147935 -1.924109
  0.129231 0.441618 0.024023 -0.673010
  0.528238 0.848173 0.512749 -0.222568
  0.627458 0.413989 0.753654 0.223543
  0.164959 0.613239 0.119953 0.703447
  0.641272 0.188884 -0.425459 -0.702593
  0.798659 0.755701 1.767550 -1.137960
  0.012311 0.126994 0.164390 -1.051382
  0.730926 0.713491 0.572322 2.014907
  0.733003 0.130646 1.246450 1.203112
  0.766805 0.747455 -0.545122 1.359069
  0.131686 0.913456 0.259571 1.317618
  0.361608 0.953481 -1.954760 0.745913
  0.893290 0.312502 -1.073680 -2.110449
  0.374577 0.398300 -1.022184 0.856956
  0.555025 0.513397 -1.888034 1.978667
  0.747683 0.218410 0.401564 0.592271
  0.041848 0.771630 -0.342398 -0.506023
  0.320752 0.196029 0.019581 -1.361961
  0.395307 0.391031 -0.732863 -0.735203
  0.732080 0.055818 0.849679 -0.249068
  0.452259 0.274944 -0.935957 0.512250
  0.824946 0.127368 0.575374 -0.175450
  0.412895 0.049399 -0.422993 -0.936864
  0.862921 0.433870 0.311686 0.745440
  0.158632 0.651162 0.091862 0.392414
  0.213985 0.005573 -1.555024 0.251101
  0.336825 0.500538 -0.635125 0.061138
  0.732016 0.723313 -0.476743 1.048882
  0.515663 0.445971 -2.628753 0.108485
  0.345869 0.566423 -1.061466 0.253469
  0.560984 0.883640 0.037299 0.882431
  0.062411 0.812701 -1.243011 -1.612375
  0.028100 0.871191 -0.547895 0.186033
  0.775099 0.357122 -1.647004 -0.714724
  0.831034 0.539666 -0.070405 -0.066827
  0.240881 0.043505 -1.544962 -1.163521
  0.588401 0.282884 -0.990944 -1.772090
  0.448220 0.247385 1.487787 -0.081821
  0.849985 0.205090 0.619429 -0.252576
  0.262445 0.309566 -0.575888 0.656282
  0.644064 0.409897 -1.153581 1.309474
  0.209130 0.256664 -1.020568 0.033672
  0.760625 0.416364 0.203557 -0.709667
  0.408289 0.931221 -0.318500 0.197099
  0.555651 0.845661 -0.181898 0.279518
  0.466071 0.169043 -1.144286 1.103565
  0.952947 0.773342 -1.211926 0.728095
  0.321513 0.399393 -0.155911 -1.483009
  0.047347 0.346872 1.056823 -0.307155
  0.509455 0.904140 0.753064 -0.177873
  0.892416 0.412802 0.803453 -1.228582
  0.135971 0.812257 -0.878237 -0.284374
  0.173368 0.458775 0.218918 2.263580
  0.854319 0.764426 -0.201813 -0.113131
  0.137830 0.515130 -0.959410 -0.748769
  0.391782 0.229249 0.521536 2.166328
  0.043708 0.963600 -0.447663 0.885745
  0.326562 0.775780 -0.234095 -0.862983
  0.274624 0.292277 -1.605093 0.156350
  0.527154 0.150639 -2.528605 0.300704
  0.144148 0.835445 -0.123435 -1.493459
  0.575051 0.215650 -0.251080 0.023538
  0.347496 0.062271 -0.087326 0.423420
  0.813722 0.867058 -0.023120 1.313442
  0.377415 0.428038 -0.352860 0.383125
  0.802401 0.665351 0.259404 1.422464
  0.474943 0.154577 -0.936887 1.020664
  0.169135 0.759366 0.120901 -1.241165
  0.476758 0.333626 -0.353174 0.252746
  0.487391 0.939219 -0.425263 -0.448018
  0.023051 0.646501 0.529859 0.486756
  0.234649 0.913663 -1.496632 0.105761
  0.217640 0.723444 0.044710 -0.638672
  0.817856 0.851074 0.476918 0.233192
  0.379806 0.739949 -2.338389 -0.230631
  0.171745 0.921824 0.698941 0.133944
  0.232154 0.384503 -0.012322 0.904506
  0.526061 0.154562 0.996249 -1.514436
  0.812890 0.440581 0.074594 -0.639017
  0.128232 0.681259 0.447956 -0.569745
  0.856885 0.910068 -2.318405 -0.207967
  0.735604 0.673614 1.160675 0.499608
  0.850174 0.179986 -0.420547 1.729910
  0.659631 0.094317 -0.743210 -1.163540
  0.368736 0.241050 0.791145 -0.721810
  0.998474 0.292150 -0.905669 1.552640
  0.000661 0.224283 0.107176 -0.626929
  0.045796 0.712972 -0.803855 1.828594
  0.432353 0.801141 -2.141937 -2.030951
  0.164047 0.004895 1.003897 1.680365
  0.921414 0.625040 -0.488785 0.379414
  0.728410 0.569767 -1.190885 -1.741509
  0.454651 0.607350 0.094825 0.785986
  0.617309 0.132087 -0.163910 -0.222012
  0.043163 0.726313 0.119047 1.325715
  0.690268 0.646991 0.883500 1.016040
  0.432300 0.372910 1.316307 0.665595
  0.954256 0.689990 1.993566 1.304372
  0.072069 0.325306 0.015244 -1.141686
  0.621230 0.081270 -1.292566 0.324978
  0.720944 0.972403 0.292066 0.698739
  0.354402 0.313337 0.046384 1.057899
  0.682461 0.611340 -0.921403 -0.297324
  0.755488 0.405245 0.557512 -1.337667
  0.234318 0.331097 -0.087015 1.452878
  0.295437 0.015340 -0.996825 1.113159
  0.747265 0.791987 1.523956 0.404882
  0.126304 0.182019 0.194773 -0.141692
  0.215547 0.377410 -0.232862 -0.084409
  0.627672 0.897033 -1.074938 -0.579849
  0.897582 0.303125 0.898845 0.327484
  0.015614 0.554171 -1.230690 -0.867968
  0.218572 0.424852 0.462293 -1.478201
  0.375108 0.441759 0.508579 0.848883
  0.394806 0.190134 -0.304238 0.476682
  0.500811 0.648934 -0.911946 0.965634
  0.246866 0.974407 -0.640885 -0.584669
  0.831326 0.276826 0.057982 1.181143
  0.914259 0.904570 -1.013037 -0.472010
  0.095204 0.401871 1.562253 1.123755
  0.055566 0.332157 0.121797 0.771109
  0.721788 0.215942 0.233436 -0.293707
  0.581146 0.611771 -1.206349 0.081368
  0.157887 0.248823 0.213688 -0.578529
  0.742818 0.411696 1.644805 -0.098788
  0.877859 0.197426 -0.369834 -0.339121
  0.258488 0.317953 -0.785832 -1.171110
  0.484000 0.858995 1.034351 0.625223
  0.323599 0.701814 -0.095910 -0.738658
  0.566460 0.504637 -0.360627 0.313581
  0.476492 0.478397 -0.628480 -0.694635
  0.110726 0.028892 0.218733 0.327648
  0.613610 0.198559 -0.256480 0.464435
  0.722001 0.660794 0.661701 2.501217
  0.560083 0.515564 0.038731 2.421203
  0.090375 0.426566 1.762304 0.299095
  0.078182 0.138783 0.166942 -1.923035
  0.372977 0.101583 0.896224 -0.545839
  0.491167 0.029554 -0.914466 1.179414
  0.488227 0.034166 -0.365019 -0.679757
  0.040755 0.352150 0.895953 -0.442567
  0.957492 0.725060 1.542982 0.856456
  0.169941 0.927288 -1.138480 0.769264
  0.599221 0.946317 -1.270779 -0.748221
  0.174891 0.654039 -0.140370 1.408807
  0.539086 0.333741 0.918788 -1.334592
  0.246559 0.757018 0.902284 -2.215484
  0.749294 0.256444 -0.399778 1.217066
  0.392094 0.038713 -0.859375 0.751325
  0.175170 0.012779 -0.606870 -0.339259
  0.364989 0.030212 -0.512440 1.581464
  0.979620 0.001124 -0.089701 0.448195
  0.277115 0.238376 -0.683659 -0.589964
  0.216634 0.491946 -1.477836 -0.118921
  0.137347 0.179313 0.242789 -0.500360
  0.313837 0.886113 0.459072 -0.040206
  0.293937 0.129445 -0.974601 0.820068
  0.713477 0.408130 0.754992 -0.611890
  0.054284 0.625924 0.298395 -0.304179
  0.729829 0.484354 0.557121 -0.326281
  0.451196 0.800258 -1.674045 0.605021
  0.937520 0.659271 -1.124231 -0.884227
  0.814724 0.263746 -0.704333 0.076991
  0.650886 0.699677 0.133318 -0.821243
  0.392283 0.830788 1.574903 -0.721491
  0.504405 0.528533 0.793336 -1.295334
  0.968267 0.039652 -1.208820 2.727227
  0.204266 0.725645 -1.106065 1.416808
  0.564402 0.488693 -0.454332 -0.944683
  0.930981 0.459346 -0.375345 0.572457
  0.753303 0.128724 -0.971726 -0.470153
  0.143336 0.425524 -0.747453 -1.814626
  0.632293 0.605948 0.405885 -1.407844
  0.207154 0.072870 -0.564925 0.236033
  0.876696 0.327348 -0.268355 -0.783761
  0.525881 0.389248 1.051542 0.883080
  0.647296 0.200405 0.218697 1.088286
  0.561856 0.185815 1.298080 0.425758
  0.360839 0.919417 -1.492948 1.651997
  0.224002 0.690528 1.131054 -1.260080
  0.796998 0.223296 1.136030 0.093689
  0.661755 0.243882 0.070441 0.074810
  0.896365 0.587519 1.431026 0.564743
  0.245244 0.836574 -1.298117 -2.254373
  0.387999 0.224876 0.845252 0.756245
  0.708120 0.037473 -0.152776 -0.564502
  0.824323 0.678880 1.581743 0.461395
  0.911259 0.918974 -0.957560 2.303910
  0.328109 0.191541 0.498881 -0.155624
  0.525359 0.577699 -0.139339 -1.706462
  0.914222 0.134792 1.044699 -1.202828
  0.319687 0.278955 0.945505 0.126167
  0.339525 0.076860 -0.265391 -1.904934
  0.346491 0.921906 -2.062981 1.203657
  0.229884 0.501180 -0.173375 -1.282609
  0.697400 0.573057 -0.658029 -0.552339
  0.534578 0.427474 -0.018245 0.130800
  0.720857 0.514615 -0.641078 -0.165881
  0.612853 0.578055 0.769971 0.448717
  0.648501 0.912456 1.304218 1.047952
  0.235480 0.312899 1.685021 0.184134
  0.306522 0.861059 0.741701 -0.539016
  0.545439 0.233427 0.017435 -0.653072
  0.780555 0.570144 0.856783 -0.210499
  0.738978 0.713103 -0.337947 0.099675
  0.814264 0.034809 1.859154 -0.233721
  0.579501 0.956153 -0.154059 1.263218
  0.309983 0.382590 0.358277 0.809634
  0.496602 0.590047 0.294936 1.157446
  0.118446 0.814059 -1.075431 -0.303735
  0.296839 0.574401 0.838308 0.192089
  0.988197 0.251536 -1.211802 0.763298
  0.941661 0.320578 0.190477 0.900183
  0.434174 0.174681 -0.216406 0.955347
  0.922935 0.456388 -0.270089 0.630883
  0.789480 0.290594 0.555011 0.340501
  0.409852 0.754817 0.783076 -0.400283
  0.805196 0.800422 0.862647 -0.348601
  0.535792 0.408485 -1.207961 -1.107402
  0.397535 0.727550 -1.695591 1.388290
  0.498764 0.845423 -0.008174 0.007321
  0.836736 0.264362 0.641473 -0.246738
  0.753442 0.915383 2.675313 0.483966
  0.554131 0.810698 -1.506203 0.816541
  0.499201 0.128675 0.370515 -2.342346
  0.663406 0.516025 0.077131 1.321562
  0.824654 0.658934 1.096057 0.390109
  0.251743 0.511065 1.597457 -1.488240
  0.583519 0.070347 1.001037 -1.708955
  0.755815 0.721846 -0.614484 -1.939685
  0.142176 0.410585 -2.360189 0.567777
  0.476573 0.377297 0.325355 0.885858
  0.837921 0.830616 -0.243961 0.508706
  0.811895 0.379609 0.775682 -0.299044
  0.477844 0.755748 -0.313891 0.600663
  0.724980 0.182483 -0.577705 -1.424937
  0.340789 0.165314 0.797695 1.001092
  0.598649 0.654579 0.742139 0.665711
  0.952560 0.734468 -0.239393 -0.055224
  0.092852 0.095674 -0.462326 1.391464
  0.223687 0.907427 0.504801 -0.310166
  0.158158 0.260165 -1.602163 0.432027
  0.295709 0.071261 0.146974 -0.504684
  0.013560 0.151239 0.562959 0.277510
  0.403000 0.912839 0.215243 -0.143287
  0.457491 0.746825 3.243482 1.942471
  0.951387 0.506295 1.028857 -0.184498
  0.513063 0.884939 -0.055452 -0.285804
  0.723964 0.376421 0.302642 0.636549
  0.981222 0.723494 0.322028 -1.199029
  0.432839 0.025883 -0.411590 -0.699951
  0.127566 0.687562 -0.854987 -1.603019
  0.826707 0.663283 1.468513 0.344133
  0.878950 0.447341 -0.505266 0.963274
  0.170895 0.640382 -0.000542 2.024041
  0.968017 0.447942 -0.195887 0.705795
  0.916995 0.070403 -0.365988 0.723896
  0.331462 0.557705 0.072339 -1.418237
  0.384023 0.002580 -0.408380 1.025315
  0.084465 0.690813 -0.648698 1.391998
  0.432473 0.059943 -0.278269 -1.118262
  0.029919 0.863738 -0.474973 -1.390749
  0.931516 0.728184 -0.158716 -0.601764
  0.144654 0.325337 0.347056 -1.430203
  0.338784 0.170891 -0.332953 -0.301865
  0.335519 0.132748 0.467892 -0.049475
  0.036624 0.867646 -1.012462 0.183633
  0.941744 0.912287 0.310265 -1.193782
  0.515716 0.597514 -0.449896 -0.243196
  0.147602 0.273901 -0.525635 1.154928
  0.138640 0.846732 -1.233958 0.431987
  0.816056 0.976100 -0.718206 0.160153
  0.164244 0.406485 0.640562 1.282908
  0.476945 0.002380 -0.673701 0.157639
  0.553683 0.154373 -0.610791 -0.773454
  0.601068 0.716780 0.662853 -1.474712
  0.751572 0.429431 0.687477 0.496025
  0.602982 0.352231 0.327652 -0.644700
  0.212587 0.011123 -1.315817 -1.045553
  0.818430 0.720108 -0.294625 -1.077454
  0.343461 0.775442 1.635136 0.331434
  0.580176 0.808472 -0.199490 0.272567
  0.880165 0.091492 0.202544 -1.265298
  0.907900 0.806829 0.268160 -0.275232
  0.765242 0.218071 0.074185 0.381075
  0.627149 0.067848 -0.481701 0.633777
  0.134788 0.476636 -0.045018 0.087507
  0.734914 0.741925 0.554587 1.029278
  0.645891 0.984826 0.826213 0.534844
  0.257261 0.953169 -0.976834 0.536936
  0.744152 0.007945 -0.318585 -0.130818
  0.862994 0.441922 0.468910 -0.959738
  0.099966 0.586889 0.562516 0.002772
  0.596014 0.673685 -0.149175 1.305997
  0.411152 0.669542 -1.305713 -0.031997
  0.751053 0.510369 -0.680679 0.386293
  0.052335 0.758913 -1.178685 1.056619
  0.600815 0.568222 -2.194345 -0.108763
  0.104265 0.610014 0.208915 1.350333
  0.941765 0.045764 -0.742383 1.652921
  0.023381 0.048010 0.146362 -0.081407
  0.664363 0.497905 -0.035827 0.839764
  0.296382 0.323138 -0.195791 -2.353192
  0.352474 0.898378 0.909685 0.349525
  0.478117 0.314414 1.064510 -1.428967
  0.208391 0.428339 -0.621173 0.015292
  0.617142 0.833819 1.073310 -1.735525
  0.136187 0.274992 -0.541465 0.025743
  0.998001 0.341489 -0.435085 0.879864
  0.062207 0.095606 -1.973418 -0.729248
  0.024715 0.181981 -0.025339 0.214896
  0.495007 0.329488 -0.671514 0.706594
  0.540879 0.106874 0.893425 -0.046699
  0.446579 0.973574 1.785558 0.644743
  0.966494 0.006446 0.356192 -0.041988
  0.352913 0.899582 -0.086369 -1.281386
  0.643417 0.457713 0.605395 0.605523
  0.021655 0.477977 1.344613 1.623511
  0.655070 0.029452 0.601847 0.729621
  0.592761 0.296905 0.598495 0.771291
  0.946160 0.432191 -0.716234 1.051294
  0.698733 0.343481 1.305208 0.382402
  0.586383 0.065797 -0.628423 0.104923
  0.552186 0.408593 -0.590766 -0.782634
  0.055946 0.864517 -0.216707 -1.019350
  0.771427 0.845709 -0.164992 -0.137815
  0.152536 0.296483 1.488265 0.515113
  0.442410 0.363500 -1.252284 1.106309
  0.217646 0.110580 1.049542 -0.198818
  0.094479 0.360021 -0.591051 -0.166472
  0.088907 0.783184 -1.697688 2.186990
  0.563294 0.481369 0.235059 0.305571
  0.971493 0.938351 -0.463732 -1.442844
  0.816289 0.866551 0.309864 0.601239
  0.212795 0.718421 0.265526 -0.273512
  0.217326 0.980042 1.144054 1.466122
  0.047097 0.799206 0.031596 -0.054995
  0.004435 0.381472 0.676686 -0.475764
  0.946542 0.607313 0.681338 0.876054
  0.210803 0.905687 1.160107 0.000805
  0.503405 0.306818 0.979123 0.662518
  0.022751 0.357526 -1.134897 -0.648324
  0.277255 0.484289 -0.254455 -0.621898
  0.587713 0.893427 0.131784 -0.560603
  0.327136 0.327573 0.263669 -0.231659
  0.985821 0.192495 0.123624 -0.245273
  0.767000 0.044751 0.400188 -1.298288
  0.181610 0.488975 2.836089 0.183593
  0.929704 0.059104 -0.066989 -0.830730
  0.274760 0.357503 -0.391982 -1.213371
  0.260671 0.839098 0.708764 0.922988
  0.256510 0.190926 -0.546071 -1.615244
  0.151331 0.641388 1.045154 0.831212
  0.868604 0.638068 0.650763 0.625081
  0.620174 0.243956 1.710793 -0.638441
  0.074866 0.525004 0.363046 -0.980053
  0.871105 0.193925 -1.278596 -1.096372
  0.373496 0.882643 1.690845 0.106412
  0.147533 0.502733 -0.054592 0.199631
  0.571199 0.627798 0.863487 -1.139770
  0.438387 0.508144 -0.047216 1.148993
  0.209899 0.508268 1.149078 -0.030802
  0.863439 0.877894 1.917689 -0.481289
  0.781484 0.334784 -1.534866 -0.344830
  0.287831 0.953625 -1.570559 -1.588787
  0.571130 0.404020 -2.440508 0.360374
  0.176649 0.162163 -0.794469 0.429500
  0.718363 0.025073 -0.591127 0.548770
  0.302475 0.563230 1.499450 0.456003
  0.030143 0.682212 0.292656 0.182271
  0.979798 0.744010 -0.987482 -0.432857
  0.996615 0.735080 0.329144 1.619954
  0.407482 0.827687 -0.121291 0.891544
  0.700906 0.200208 -1.673613 0.136369
  0.270645 0.152588 -0.998580 0.896250
  0.038055 0.292178 -1.025040 1.022508
  0.563842 0.490998 0.155208 0.144186
  0.649126 0.321656 -0.289742 -0.277500
  0.724920 0.589862 0.458664 -0.281272
  0.674932 0.977933 1.460618 -0.696232
  0.270667 0.950238 2.113483 1.635696
  0.814946 0.420378 -0.085700 -2.257872
  0.190525 0.961947 1.113199 -0.288176
  0.046331 0.137721 -0.216019 0.652495
  0.243732 0.790001 0.497798 0.120503
  0.972186 0.353594 -0.260721 0.279802
  0.249514 0.539658 -0.603170 -0.222350
  0.333087 0.851892 -0.301823 0.779695
  0.625012 0.629648 -0.262750 0.286280
  0.559191 0.854028 -1.052716 0.523433
  0.024757 0.067625 1.315007 -0.892429
  0.389599 0.258786 0.958805 -0.527202
  0.842965 0.200986 0.001571 1.118861
  0.950193 0.514331 1.264972 -1.034668
  0.546686 0.601450 0.405072 1.394194
  0.225106 0.543531 -0.017946 0.492798
  0.758650 0.867326 -0.111399 -0.078146
  0.763061 0.953485 -0.035860 -0.179987
  0.908753 0.765881 -0.155036 1.463537
  0.252783 0.568370 -2.130309 -0.316211
  0.633370 0.847139 1.002916 -1.674412
  0.342096 0.140678 1.463452 -1.283909
  0.432954 0.740880 0.321173 -0.185645
  0.814629 0.668355 1.308504 -1.363531
  0.972748 0.438431 0.602807 1.208366
  0.609051 0.232338 0.075899 2.187611
  0.490470 0.135241 0.693126 -0.823305
  0.858695 0.006143 0.805034 -0.959057
  0.776390 0.826135 -1.704977 -0.402150
  0.694077 0.416433 0.456765 0.387238
  0.117735 0.981051 -0.750448 1.222201
  0.406362 0.179659 0.315053 -0.717172
  0.540011 0.004292 -0.471700 0.485864
  0.655264 0.451705 0.624202 0.666482
  0.977567 0.999201 -1.272311 -1.902676
  0.381587 0.184143 1.059411 1.728683
  0.815248 0.156618 -1.627005 -0.023100
  0.700167 0.457965 -0.959928 -0.604541
  0.924451 0.657497 0.795050 1.009108
  0.404282 0.189633 -0.238559 0.585925
  0.981083 0.735842 -0.798304 0.625959
  0.029312 0.487788 0.212479 0.377522
  0.303722 0.744894 0.396002 0.722702
  0.549168 0.785888 0.361086 -0.231257
  0.665752 0.726242 0.248617 -0.467418
  0.438709 0.479641 -1.215826 -0.295881
  0.581075 0.961939 -0.584650 1.311984
  0.379878 0.278500 0.157905 -0.830270
  0.077401 0.180079 0.168463 -1.435353
  0.928670 0.029214 1.165210 0.189742
  0.699547 0.684401 -1.226719 -1.772002
  0.923366 0.455521 -0.019179 0.220283
  0.550132 0.857931 -0.548181 -1.085371
  0.157410 0.324957 -1.920577 0.070701
  0.460609 0.358656 -0.808440 0.425025
  0.561259 0.915831 -1.018315 1.572462
  0.756657 0.516620 -2.400591 -2.041524
  0.608023 0.921492 0.705979 0.329960
  0.606129 0.711541 1.574515 0.217757
  0.869608 0.126399 1.945285 1.261140
  0.229726 0.896711 1.171364 0.580904
  0.902888 0.276930 0.831309 -0.362025
  0.286702 0.575857 -0.924055 1.240827
  0.551950 0.449971 -0.265229 0.262225
  0.737616 0.467648 -0.160645 0.318824
  0.701572 0.780468 0.417478 0.362670
  0.162847 0.785662 -0.469542 0.565681
  0.282187 0.492575 1.470239 -0.522929
  0.776481 0.949545 -1.398461 0.041340
  0.641898 0.803283 -0.656066 0.257677
  0.510019 0.626672 0.326280 1.439666
  0.979632 0.984734 1.633866 -0.740477
  0.805855 0.712078 -0.051711 -0.413687
  0.823375 0.980750 1.199986 0.304411
  0.052036 0.500709 -1.539682 -0.897582
  0.868066 0.827679 -1.193020 0.735716
  0.941035 0.344086 0.643487 1.295165
  0.523497 0.163123 0.288576 1.236946
  0.599460 0.677426 0.439007 0.371362
  0.249644 0.557631 -2.004985 -0.287583
  0.148475 0.004202 -0.456948 1.105976
  0.280836 0.913709 -0.752297 -0.823167
  0.255150 0.653973 0.569236 1.751148
  0.859842 0.007002 1.883840 -1.304479
  0.862342 0.345515 -1.234497 -0.542006
  0.832189 0.369544 -0.347988 0.029281
  0.092539 0.738107 0.606189 0.666853
  0.596802 0.146482 -0.042528 -0.040074
  0.040462 0.791648 -2.037573 0.900956
  0.933497 0.497414 0.534061 0.912355
  0.624421 0.124344 0.348593 1.267286
  0.329814 0.347030 0.241550 -0.564848
  0.771957 0.018704 0.622790 -0.232414
  0.924628 0.881375 -0.618634 -0.199186
  0.069931 0.941378 -0.700519 0.310270
  0.481838 0.078660 -1.379027 -0.587878
  0.273687 0.578995 0.914068 -0.311541
  0.450409 0.999325 0.653727 -0.240524
  0.550199 0.278527 2.046449 -1.134427
  0.353298 0.601479 -1.089467 -0.983528
  0.731884 0.109721 0.304491 1.616191
  0.657786 0.946405 -0.449660 -1.923305
  0.632819 0.041500 -1.757242 0.251990
  0.399622 0.457068 0.978920 1.132927
  0.970528 0.300941 0.522241 0.230378
  0.438379 0.501635 -0.802578 1.414820
  0.567864 0.826098 0.495850 0.127484
  0.768401 0.732084 0.350673 0.185108
  0.063134 0.018953 -0.392218 -0.720686
  0.928030 0.705989 1.724864 -0.065830
  0.812596 0.451728 0.587573 -1.425704
  0.602741 0.972042 -0.657238 0.146069
  0.340180 0.941303 1.535908 0.549809
  0.932268 0.948684 -0.405908 1.056110
  0.252994 0.534249 -0.078932 -1.364108
  0.274102 0.095267 1.906280 -0.202657
  0.915132 0.786000 0.795781 0.012041
  0.444089 0.303395 -0.594572 0.509748
  0.910580 0.718268 -0.328228 0.586277
  0.626086 0.245546 -0.946497 0.019782
  0.404225 0.242976 -0.623826 1.004647
  0.088776 0.755702 -1.432993 0.184023
  0.678733 0.471873 -0.799853 0.888816
  0.757239 0.888194 -0.231520 -1.118805
  0.946282 0.997062 0.483760 -1.934816
  0.868780 0.412895 0.396521 0.613811
  0.850367 0.578238 0.011015 1.186340
  0.256424 0.254574 0.081808 -0.123342
  0.537314 0.836732 0.302064 -0.851994
  0.713375 0.350213 -1.669431 1.982043
  0.988742 0.742788 -1.686419 0.552452
  0.398040 0.575934 0.990533 0.800510
  0.448691 0.608873 -0.977687 -0.137190
  0.175233 0.963795 1.462584 1.973827
  0.678407 0.415255 -0.497513 0.616722
  0.307499 0.286699 3.183921 -1.618590
  0.918172 0.710288 0.779993 -0.698490
  0.392023 0.487750 -0.844284 0.312627
  0.595649 0.243615 1.956127 0.013121
  0.353156 0.096677 -0.487273 -1.909369
  0.425343 0.578771 -0.000203 -0.786266
  0.023134 0.026763 0.228001 -0.033961
  0.695466 0.659486 -1.398484 1.441367
  0.627814 0.853568 -1.414874 0.242266
  0.037410 0.734342 0.628084 1.795325
  0.477339 0.441863 1.404544 -0.701477
  0.209358 0.403242 0.448422 -0.698940
  0.974246 0.696345 -1.365207 -0.248335
  0.546976 0.071881 2.182828 -0.005000
  0.951819 0.558543 0.698657 1.060800
  0.274749 0.886857 0.329134 0.844365
  0.253070 0.252950 -1.154061 -0.288239
  0.374382 0.985797 0.409767 -0.376768
  0.429609 0.174070 0.939373 1.011628
  0.693076 0.678917 -0.635079 1.047743
  0.581535 0.343237 -0.413017 -0.498928
  0.377905 0.528449 0.111803 -0.317467
  0.824989 0.813149 1.559065 -1.585008
  0.383034 0.877374 1.344180 -0.320793
  0.630565 0.037157 -0.800805 0.593965
  0.105156 0.970953 0.546303 1.398506
  0.037983 0.095914 -0.047470 -0.284227
  0.046337 0.049597 0.513499 -3.030406
  0.823869 0.144376 1.682284 0.175690
  0.436507 0.582624 -0.827896 0.793242
  0.639068 0.938310 -1.373877 -0.037479
  0.986849 0.671743 0.757279 0.102355
  0.438543 0.298676 0.111669 1.320983
  0.998280 0.496877 -0.828295 -0.242839
  0.472726 0.154049 -0.529914 -0.285983
  0.389076 0.423423 0.347836 0.474467
  0.330503 0.773663 -0.330301 0.925128
  0.895708 0.660443 -2.147518 -0.578395
  0.164127 0.368031 -1.902846 0.655781
  0.684190 0.540137 -0.436950 -0.427842
  0.430201 0.380513 -0.329673 0.978612
  0.782855 0.813274 -0.197095 -1.631068
  0.632149 0.695664 1.318780 1.138732
  0.998598 0.969766 1.093423 0.587358
  0.291320 0.618019 1.040717 0.137278
  0.727939 0.970106 -0.033589 -0.704637
  0.797415 0.286253 -0.841850 -0.413366
  0.902471 0.705111 0.173973 -1.868667
  0.867407 0.730357 0.034067 -1.147549
  0.161426 0.286407 1.898544 2.140301
  0.081172 0.098518 0.163874 0.066570
  0.100624 0.820865 -2.258441 0.237070
  0.679051 0.389090 1.275638 -0.740252
  0.756019 0.271127 -0.738454 -0.472197
  0.995204 0.339450 2.442108 -0.711731
  0.048357 0.068871 1.921094 0.813693
  0.837931 0.353635 0.104740 1.861727
  0.365512 0.485178 -0.069940 0.300441
  0.516076 0.657605 -0.038292 0.078750
  0.064515 0.870570 1.189082 0.416049
  0.370788 0.987187 -0.020581 1.996553
  0.423770 0.359593 -0.385223 -1.434703
  0.439893 0.036916 0.380637 1.564860
  0.597789 0.540808 0.721701 -0.157524
  0.208038 0.611570 -0.683556 0.492657
  0.342628 0.403735 -0.239381 0.202561
  0.696271 0.174100 0.036966 -0.547165
  0.678419 0.470330 -1.906010 -1.255405
  0.070869 0.899644 0.394554 0.703356
  0.264182 0.924307 -1.372401 1.930205
  0.063246 0.624987 -0.563236 -0.330241
  0.591232 0.545449 1.230820 -0.395517
  0.758822 0.626609 0.306689 0.320938
  0.550206 0.757261 0.111743 -0.181014
  0.621356 0.479040 0.634699 1.066599
  0.665644 0.394095 -0.652000 1.214437
  0.777794 0.098937 -1.204239 -0.397912
  0.470168 0.775027 2.305048 -1.422421
  0.307279 0.407661 -2.096510 1.448850
  0.987712 0.173543 0.099030 0.903604
  0.821120 0.185707 3.066439 0.342700
  0.201605 0.175493 1.587582 0.736309
  0.354258 0.684786 -1.260889 0.266771
  0.372219 0.379488 1.802720 -0.681687
  0.277239 0.898735 -0.518377 -1.839505
  0.863927 0.835964 -0.600353 -0.877954
  0.045203 0.825060 -0.016350 -0.009433
  0.193329 0.363006 1.097090 -1.442317
  0.401956 0.779619 -0.869585 -0.269991
  0.546252 0.188312 1.072359 0.161313
  0.974547 0.111036 1.503688 -0.493419
  0.920536 0.164665 -0.851911 0.673109
  0.973518 0.000769 1.426944 0.408657
  0.634545 0.504980 1.101803 -0.669031
  0.110691 0.734998 -0.264439 -0.421795
  0.361175 0.172820 -0.602661 -1.896838
  0.879908 0.755916 -0.400919 -0.336153
  0.536587 0.795386 0.309764 -0.032955
  0.865388 0.320759 0.251437 -1.368135
  0.993805 0.900830 0.293473 0.014198
  0.516055 0.388687 -1.657705 -0.594319
  0.113103 0.991448 1.084268 0.984946
  0.827912 0.436017 0.507608 0.069212
  0.655346 0.617159 -0.345177 0.065659
  0.889275 0.069224 1.205627 1.359460
  0.822497 0.307990 0.002577 0.752422
  0.181990 0.863743 1.091610 -0.567186
  0.177533 0.041934 -2.549933 0.046479
  0.034123 0.100299 0.700578 1.811469
  0.198339 0.592084 -0.558708 0.663155
  0.526786 0.911610 0.536958 -1.340384
  0.520757 0.416193 -1.285103 -0.571836
  0.144276 0.718300 0.040640 1.266691
  0.982641 0.227846 -0.838241 1.567473
  0.498449 0.009239 2.337090 0.706194
  0.864859 0.311205 0.480983 1.066930
  0.843744 0.795749 0.186742 1.822568
  0.843272 0.323254 2.005136 1.526540
  0.608927 0.955369 -0.305894 0.046198
  0.751157 0.983610 0.964766 0.459285
  0.315957 0.529677 -0.124387 0.600913
  0.311696 0.542748 -0.291126 -0.723691
  0.791400 0.891010 -0.293010 -0.098907
  0.222408 0.672041 -0.886953 -0.461050
  0.811628 0.965375 0.136329 1.363633
  0.362743 0.291533 -1.293981 -0.112228
  0.832404 0.231607 0.913311 0.769035
  0.275639 0.077012 0.263375 0.594589
  0.536104 0.091867 -2.758320 -1.062333
  0.401882 0.683884 0.037407 -0.255300
  0.618234 0.218290 0.032437 -0.707184
  0.565487 0.356482 0.891142 -0.306399
  0.341664 0.938106 0.996348 0.314979
  0.684296 0.574455 2.167747 1.600104
  0.554537 0.191317 0.329759 -0.603937
  0.768242 0.488408 -0.425125 -1.920585
  0.719635 0.628020 0.312090 -0.123357
  0.806740 0.411704 -0.494581 -1.634734
  0.467962 0.857322 -0.202344 -0.531057
  0.624751 0.237857 -0.977045 1.093554
  0.869112 0.719551 0.796728 -0.157558
  0.758734 0.817524 0.462578 0.119821
  0.454450 0.936158 0.027521 -0.766484
  0.335703 0.643567 1.483376 0.184766
  0.747448 0.820659 -0.122519 -1.104002
  0.446499 0.329701 0.873527 -0.038882
  0.776363 0.839500 1.412446 -0.293265
  0.895929 0.728626 -1.691643 -1.789261
  0.690177 0.687763 -0.201315 2.209096
  0.881299 0.957948 -0.476526 0.686767
  0.382660 0.091272 -1.285116 1.021267
  0.866706 0.923170 1.504111 0.225537
  0.440334 0.531738 -0.265550 1.938707
  0.485703 0.859174 1.067654 1.626404
  0.228870 0.534405 0.220309 -2.142735
  0.769310 0.088884 -0.776079 0.593609
  0.000321 0.600706 -0.161653 0.579498
  0.239854 0.686586 -0.763667 -1.839263
  0.325128 0.350511 -0.013527 2.565120
  0.941506 0.278481 -0.701176 -2.607148
  0.615647 0.382771 -0.308231 -0.171597
  0.495520 0.741993 -1.434964 -2.444961
  0.193574 0.373365 1.539052 -0.242902
  0.208615 0.611848 -0.007155 -0.978050
  0.781193 0.985271 -0.072995 0.178306
  0.081075 0.763323 0.121184 -0.560741
  0.764614 0.324348 -0.809388 0.665948
  0.178766 0.267155 -0.902912 -0.048384
  0.768321 0.418473 -0.124357 -1.416279
  0.020968 0.428111 -0.124247 0.044324
  0.631360 0.413841 -0.926259 -1.166878
  0.309752 0.944138 0.814279 0.656838
  0.637469 0.921781 -0.640449 0.719253
  0.375008 0.013963 0.636828 0.550018
  0.972556 0.481127 0.367039 0.509811
  0.119872 0.132477 2.593010 0.591336
  0.869099 0.286781 -0.283476 -0.867851
  0.261028 0.849093 1.027654 -0.497992
  0.432869 0.148391 -1.113119 -0.701497
  0.612410 0.056616 0.287340 -0.330523
  0.937761 0.821770 0.347671 1.281878
  0.525832 0.584155 0.660658 0.043281
  0.308614 0.389257 0.125463 -0.246845
  0.611475 0.748088 -0.644421 0.537142
  0.428491 0.438956 1.350309 0.939252
  0.779421 0.727418 -0.242873 1.832772
  0.038007 0.268883 0.857778 -0.191137
  0.405023 0.877678 1.698255 0.969154
  0.320472 0.636579 1.376652 -1.413704
  0.776462 0.188774 0.493471 0.715299
  0.726947 0.130080 -0.538421 -0.109851
  0.582828 0.280681 -0.676613 0.008955
  0.198765 0.160897 -0.638093 -0.447197
  0.642403 0.962506 0.726464 -1.112844
  0.774980 0.362541 0.596882 0.464865
  0.534121 0.487070 1.240980 0.572420
  0.077805 0.625470 0.914573 -0.140559
  0.687615 0.445043 -0.648898 1.353640
  0.683950 0.565082 0.427387 1.150454
  0.440642 0.901530 0.872568 0.951424
  0.002140 0.350287 -1.594950 0.555448
  0.510527 0.068566 0.096573 -0.524217
  0.141403 0.704290 -0.368213 0.285729
  0.839387 0.664260 0.082529 -1.445797
  0.113339 0.534018 -1.043086 -0.420495
  0.705550 0.853285 -0.143742 0.828728
  0.461444 0.952948 -1.756816 -0.421339
  0.889188 0.622866 -1.175900 0.120220
  0.828655 0.731724 0.710226 1.270481
  0.714354 0.589583 -0.169260 -1.323557
  0.580913 0.895368 0.057869 0.594169
  0.811995 0.513145 0.020597 -2.107566
  0.827355 0.451846 0.766287 -0.099964
  0.303726 0.942403 -1.054657 -1.116136
  0.979746 0.134548 -0.797476 1.384254
  0.373838 0.673361 0.810777 -0.191038
  0.928419 0.343523 -0.162023 -1.209437
  0.684987 0.649009 -0.967854 -1.032791
  0.786389 0.428301 -0.296848 0.599280
  0.481648 0.529555 1.451863 0.940174
  0.882050 0.376866 0.950632 -1.362914
  0.525054 0.179710 -1.272641 -1.135755
  0.368859 0.861198 0.840705 0.699147
  0.270558 0.918702 0.003066 -2.132629
  0.853547 0.702157 -0.323251 0.293083
  0.798208 0.050456 0.425489 -0.815196
  0.468648 0.190896 0.556171 1.443542
  0.785240 0.269822 0.217597 0.494758
  0.556515 0.995457 -0.473493 -0.144302
  0.267441 0.367139 -2.381026 0.794537
  0.448133 0.385782 -0.231886 1.060828
  0.597919 0.358261 1.410015 -0.336222
  0.434439 0.263536 1.247129 -0.577404
  0.522019 0.873864 0.322167 -1.377576
  0.239413 0.196419 0.528415 0.096016
  0.130730 0.782111 0.226087 0.662609
  0.988078 0.722355 0.037333 -0.282178
  0.998008 0.088382 0.735637 0.495595
  0.502142 0.259016 0.286195 0.619731
  0.040041 0.247273 -2.092907 1.767381
  0.460733 0.425567 0.298516 0.518260
  0.601108 0.111202 -0.414421 0.816195
  0.209982 0.776350 1.109117 -2.673065
  0.443904 0.508629 -0.881525 -0.170106
  0.186133 0.390407 1.282659 -1.702585
  0.671964 0.296366 -0.674103 -0.191003
  0.094475 0.553299 -0.829355 -0.180784
  0.055640 0.835889 -0.473006 0.084991
  0.696105 0.936419 -1.638487 0.956378
  0.857042 0.015976 1.061852 0.974823
  0.903558 0.544601 1.675909 1.884348
  0.162741 0.266877 0.698007 -1.322537
  0.242134 0.162266 1.210902 1.071756
  0.733708 0.855619 1.640623 0.757018
  0.171911 0.626496 0.245350 1.175144
  0.349853 0.925502 -1.732786 -0.716599
  0.247859 0.823768 0.330726 -1.331888
  0.267265 0.171067 0.486225 -0.624117
  0.289350 0.061622 0.345974 0.256543
  0.370093 0.401464 -2.042870 -0.992497
  0.479105 0.628383 0.814340 -0.356786
  0.688991 0.287321 0.064762 0.073488
  0.380627 0.523206 0.421864 1.632854
  0.131338 0.247846 -0.309249 0.349525
  0.837833 0.121077 -0.869878 0.958284
  0.521393 0.983771 -1.043876 -0.156797
  0.325201 0.913847 0.841526 -0.314983
  0.733985 0.371852 -1.476603 -1.028924
  0.026579 0.799729 -1.408092 0.118166
  0.046117 0.879180 -1.982571 1.927169
  0.636599 0.182838 -0.696491 0.847988
  0.625839 0.143501 -1.863627 -1.204206
  0.252771 0.956436 -0.409618 0.745299
  0.843403 0.900235 -1.407429 -0.800035
  0.721045 0.634861 -0.055729 0.788332
  0.616475 0.471131 0.677293 -0.161972
  0.647084 0.375231 -0.080698 1.853798
  0.564652 0.204609 0.958592 0.069286
  0.073535 0.277194 0.716519 0.918881
  0.360798 0.904322 0.755584 -1.217237
  0.951296 0.946440 -0.090664 -2.088016
  0.965397 0.072607 0.295918 0.373530
  0.259258 0.035827 -1.688773 -1.870295
  0.738577 0.469144 -1.245710 -0.308582
  0.204671 0.679043 0.260388 -1.197440
  0.081984 0.654171 -0.347844 -0.635582
  0.483758 0.387464 1.108746 0.320737
  0.183271 0.800298 0.161426 -1.152064
  0.116278 0.362076 0.994114 1.043331
  0.143523 0.750093 1.436421 -0.217818
  0.612043 0.569728 -0.293758 0.247414
  0.161780 0.860732 -0.453268 1.045202
  0.411804 0.608537 0.017005 -0.593700
  0.125585 0.160399 -1.097773 2.024371
  0.480485 0.408377 1.389879 -1.175390
  0.476471 0.676244 -0.176211 1.759243
  0.194212 0.874046 -0.081011 0.906835
  0.860630 0.497851 -0.321799 -1.765078
  0.898462 0.860258 0.666231 1.462766
  0.498147 0.007091 0.006869 1.282728
  0.883415 0.836600 -0.152999 1.265791
  0.304207 0.411249 1.452625 -0.120997
  0.357736 0.708159 1.073569 1.432793
  0.423537 0.146582 0.093998 -0.284527
  0.351134 0.141709 1.961298 -1.876280
  0.824247 0.598201 0.134832 0.425328
  0.290028 0.662754 -1.069297 -0.618483
  0.809689 0.911750 -0.888996 -1.258176
  0.800699 0.723376 -1.578309 0.759270
  0.655205 0.100317 -0.478242 1.783212
  0.727362 0.627248 0.339711 0.257050
  0.906591 0.257469 -0.945299 -0.125733
  0.341454 0.024014 0.114974 -0.419257
  0.906724 0.157651 -1.242964 -0.457310
  0.097178 0.971528 -0.720571 1.584351
  0.023004 0.104709 -0.291037 0.077824
  0.482085 0.608828 -1.401531 0.375928
  0.213135 0.025159 0.752623 -1.598526
  0.987401 0.146996 1.427339 -0.596361
  0.204148 0.494125 -0.637727 -0.765942
  0.641816 0.226474 -0.347678 0.261013
  0.728710 0.887272 -1.278189 0.958896
  0.897069 0.591804 -1.176636 1.455789
  0.097527 0.046063 0.949179 -0.677462
  0.802412 0.977618 0.044594 -1.593715
  0.999180 0.787887 -0.638169 1.877269
  0.675881 0.721503 -2.229166 1.234151
  0.335689 0.221643 -1.509831 0.800629
  0.926643 0.127797 -1.924847 1.038025
  0.839351 0.299646 1.201332 -0.458071
  0.856595 0.538138 1.272402 0.552982
  0.417218 0.064113 0.539757 0.834101
  0.638398 0.886915 -0.631911 -0.183128
  0.075693 0.559963 4.147876 0.274792
  0.884939 0.362712 0.986394 -0.371464
  0.344438 0.902488 1.119631 0.618179
  0.184410 0.140890 0.478477 -0.567609
  0.711163 0.232725 -0.509975 1.250624
  0.124782 0.777368 -1.606932 -0.653704
  0.194949 0.704735 -0.825146 0.213337
  0.747833 0.191445 1.935586 -0.912299
  0.476700 0.595157 0.440456 -0.850649
  0.960136 0.498183 0.198410 0.163606
  0.357501 0.822541 -0.744144 0.618657
  0.167753 0.945349 -0.501430 -0.545259
  0.022252 0.695554 0.210624 -0.092455
  0.765895 0.535503 0.175653 1.809308
  0.994334 0.150775 2.039536 -0.507159
  0.907984 0.019078 0.693819 0.644634
  0.153556 0.077109 0.778059 0.280405
  0.909803 0.434324 -1.310207 0.527301
  0.371579 0.259023 1.814406 -0.099124
  0.634851 0.279459 0.992197 -0.821949
  0.291304 0.586045 -0.054927 1.305100
  0.828888 0.269261 -1.262364 -0.228010
  0.627874 0.626473 0.402787 -2.016125
  0.337472 0.192105 -0.353870 1.242912
  0.099854 0.643092 1.552964 0.665278
  0.919853 0.977504 -0.885960 0.314100
  0.944302 0.276611 -0.401186 -0.671253
  0.492467 0.300226 -1.110667 -0.010082
  0.416239 0.801195 -0.181508 0.855438
  0.241928 0.192309 0.075190 -1.747534
  0.222000 0.577322 -1.266866 0.955740
  0.520312 0.559914 1.157342 1.060350
  0.134623 0.236814 0.349368 0.161707
  0.156398 0.406023 -0.846914 -0.289542
  0.582546 0.111150 2.435051 1.889425
  0.095802 0.213991 0.664157 -1.087283
  0.849634 0.039830 0.747522 -0.637877
  0.276806 0.080364 1.938144 0.768541
  0.327622 0.181870 0.707113 -0.129621
  0.170772 0.559065 0.510593 1.720393
  0.122496 0.066932 1.477177 0.062230
  0.008572 0.771390 -0.460110 -0.598619
  0.030890 0.882677 0.049785 -0.827188
  0.073564 0.271997 0.261936 -0.380364
  0.354402 0.260280 0.204960 -0.853128
  0.898916 0.900509 0.486160 0.633836
  0.969976 0.623413 1.343280 -0.442663
  0.011073 0.416116 1.254791 -0.852427
  0.487586 0.405992 -1.902195 0.334594
  0.739135 0.291439 -1.343743 1.019470
  0.320617 0.046775 -0.922460 1.019778
  0.670046 0.041201 1.338925 0.701621
  0.107208 0.817453 -0.940664 -0.259443
  0.442395 0.302074 -0.755315 -0.857367
  0.589337 0.801991 0.543989 1.215294
  0.083428 0.338027 1.710482 -0.662891
  0.205433 0.460715 -0.098148 1.446704
  0.610541 0.662712 -0.315048 -2.248842
  0.964506 0.323836 -1.207220 0.253199
  0.301334 0.311443 0.116882 1.769846
  0.085365 0.090232 1.906523 0.854070
  0.115131 0.063106 0.347963 0.579792
  0.033269 0.782523 -0.116328 0.042191
  0.186258 0.153817 -0.869913 0.155973
  0.935582 0.293683 -0.232485 -0.521193
  0.370138 0.201881 -1.246934 -0.193243
  0.639655 0.063549 1.956383 0.432565
  0.506527 0.675951 -0.481586 -0.519558
  0.917864 0.854140 -1.133029 0.281322
  0.586415 0.283539 -0.545420 -0.573220
  0.254059 0.507358 1.761017 0.671369
  0.056756 0.221533 0.777852 -0.178068
  0.823505 0.831692 -0.235854 -1.237006
  0.137762 0.332448 0.677521 -0.711165
  0.174896 0.301672 -0.096111 -2.040219
  0.299701 0.402844 -0.215254 0.178458
  0.703789 0.675918 -0.357253 0.860968
  0.360460 0.880011 -0.256736 0.441660
  0.704666 0.200350 -1.313118 0.190661
  0.034643 0.852125 0.013502 -2.708547
  0.085795 0.648384 0.067309 0.369648
  0.746259 0.674108 0.410548 -0.528973
  0.336227 0.549504 0.451218 0.580530
  0.511433 0.181916 0.419013 -1.741852
  0.413369 0.298547 1.945380 0.387397
  0.170379 0.830193 1.112496 0.605254
  0.151621 0.851927 -0.243090 1.024334
  0.610621 0.490054 -0.898331 0.770533
  0.189967 0.242935 0.903284 -0.493798
  0.872791 0.491338 0.956150 -1.919536
  0.834962 0.285286 2.122488 0.433685
  0.931470 0.501983 0.021076 1.448884
  0.689087 0.842637 -0.276563 -0.556345
  0.139367 0.076937 -0.111378 -1.048931
  0.954595 0.487928 0.897952 0.475267
  0.458685 0.817497 -0.723209 -0.377030
  0.305665 0.787967 0.338394 -0.517260
  0.266463 0.966588 -2.113612 0.486250
  0.867129 0.524525 -2.228413 -2.192941
  0.395720 0.814029 -0.515232 0.116043
  0.479431 0.451632 1.904261 -1.251663
  0.609042 0.135309 -0.815744 0.549983
  0.300937 0.965713 0.934207 -1.348183
  0.631622 0.091922 0.795036 0.773911
  0.168638 0.465866 1.289895 -1.067344
  0.686983 0.781908 0.026648 -0.737710
  0.959296 0.311125 -2.414295 0.209230
  0.028912 0.460912 -1.081098 1.021959
  0.853199 0.599345 1.475799 1.613493
  0.858531 0.726599 1.113900 1.439398
  0.502824 0.522714 -0.096335 0.864007
  0.191970 0.072578 0.873724 0.097614
  0.354680 0.030094 -0.920858 1.455425
  0.469776 0.995166 -0.237032 -0.954696
  0.688508 0.389352 -0.492779 -0.283156
  0.339278 0.767760 0.886035 -0.151572
  0.959775 0.387864 -0.428545 -0.441981
  0.691943 0.561911 0.701160 -2.293116
  0.285682 0.208226 -0.317828 1.150041
  0.551498 0.107603 0.696280 0.592051
  0.090532 0.252018 -1.578786 0.227985
  0.240183 0.984168 -1.271432 0.334292
  0.569238 0.023639 -0.092056 -0.989369
  0.167380 0.635405 0.661997 1.156276
  0.867919 0.339704 -1.698272 -0.016752
  0.331147 0.206204 0.205548 0.600909
  0.595301 0.844658 -1.586731 -0.072625
  0.287883 0.950197 -0.164285 1.588617
  0.294731 0.405064 -0.125637 1.270318
  0.475854 0.946355 -0.675150 -1.458321
  0.181369 0.406285 1.424871 0.207627
  0.063111 0.541325 -1.117646 -1.871360
  0.994573 0.619033 1.233259 1.284894
  0.139513 0.679722 0.975292 -0.916391
  0.046403 0.860227 0.245594 0.159592
  0.572309 0.786589 1.173691 -1.214879
  0.453677 0.313824 1.712340 -0.660222
  0.578176 0.951680 0.861108 -0.072568
  0.879711 0.876116 0.120704 -1.350729
  0.887880 0.955003 1.186999 -0.350889
  0.387433 0.156152 0.456589 0.737265
  0.131283 0.148157 -0.070604 0.261466
  0.176955 0.725873 2.153896 1.292784
  0.410307 0.970987 -1.345648 0.999942
  0.306837 0.258852 -0.167102 -0.497366
  0.185978 0.424977 0.208706 0.321754
  0.327486 0.226241 -0.715580 1.050276
  0.545234 0.122921 0.584234 -0.178640
  0.003263 0.904810 1.297941 -0.224421
  0.834497 0.542113 -1.001563 1.339143
  0.109308 0.595851 0.608180 1.675944
  0.248330 0.326581 0.995869 0.123523
  0.824637 0.561073 -2.482339 0.565361
  0.624920 0.131081 0.393941 1.031083
  0.406927 0.291720 -1.495188 0.155598
  0.453854 0.396687 -2.063420 -0.222516
  0.934499 0.448935 2.098356 0.170376
  0.235127 0.051363 0.594510 0.960192
  0.687287 0.288391 1.970822 -0.001480
  0.980328 0.980330 0.371022 -1.254179
  0.545793 0.553180 -1.899877 -0.365698
  0.138476 0.857851 0.998855 -0.278879
  0.068026 0.600234 0.670344 0.371070
  0.145924 0.974388 0.518432 1.849605
  0.185757 0.676389 -0.509366 0.499704
  0.643007 0.411374 -1.027529 0.186026
  0.149790 0.546366 -0.359443 -0.315256
  0.279920 0.012282 -1.137205 0.808600
  0.986747 0.311551 -2.025239 1.058398
  0.729347 0.115449 1.263255 -0.730691
  0.583429 0.846732 0.408793 0.403372
  0.308420 0.086143 -1.088590 0.812372
  0.376350 0.631924 0.790112 -2.450996
  0.182182 0.493421 1.292875 0.746696
  0.838303 0.770476 -0.101105 -0.916035
  0.626403 0.422766 1.589952 -0.512480
  0.224835 0.652297 -1.245317 -2.563688
  0.849136 0.247649 -0.297633 -1.832036
  0.512117 0.901118 -0.042818 0.234901
  0.989466 0.510240 -2.000687 0.040899
  0.460919 0.414647 1.070526 -0.958585
  0.039941 0.404477 -0.532517 -0.153589
  0.464504 0.219664 -1.362388 -1.250900
  0.193043 0.557138 -2.242553 0.628590
  0.923552 0.051346 -1.519261 -0.468347
  0.054330 0.288734 -0.709645 -0.687947
  0.078299 0.528830 0.434556 0.612576
  0.115366 0.273882 0.304893 1.028467
  0.887333 0.632749 -0.746469 -0.039725
  0.106818 0.823191 0.599500 -1.087874
  0.969596 0.843847 0.546814 -0.135353
  0.733584 0.014801 -0.211794 0.045522
  0.312018 0.196284 1.355633 -0.449043
  0.529396 0.935638 0.692062 1.067074
  0.543313 0.235819 1.158674 -0.853587
  0.891085 0.822085 0.421771 0.522045
  0.079045 0.239978 -0.961674 -0.109378
  0.499568 0.048161 1.217290 -1.035860
  0.977770 0.243978 -0.738530 -0.037876
  0.206980 0.471864 0.182788 0.346238
  0.842059 0.326479 -2.346690 0.085797
  0.546757 0.129844 -0.145898 -0.058141
  0.198247 0.277558 0.693543 -0.314208
  0.281494 0.864105 -0.562352 -0.068354
  0.419535 0.241660 2.138830 -0.905634
  0.586106 0.619897 0.220509 -0.046534
  0.767339 0.419138 0.705704 1.808813
  0.015739 0.720674 -0.888542 0.334338
  0.999954 0.632812 0.983530 -1.355627
  0.258846 0.130188 0.752146 0.512823
  0.399466 0.728878 -0.946804 -0.342014
  0.786433 0.532837 0.299258 0.465997
  0.684200 0.963420 -0.786085 -0.569123
  0.671848 0.944560 0.568431 -2.719868
  0.377244 0.850739 0.874768 0.376788
  0.773247 0.668669 0.542767 0.821574
  0.974462 0.258028 -0.680974 1.134927
  0.498477 0.087320 0.257996 1.096374
  0.745701 0.429804 2.004745 0.903965
  0.386925 0.831384 0.759908 1.960223
  0.504090 0.430488 0.956316 -1.217051
  0.003254 0.394933 0.277922 -0.809521
  0.438722 0.322162 -1.644082 0.381487
  0.921595 0.648671 -1.459003 1.652654
  0.956777 0.117896 -0.528213 1.909989
  0.216539 0.954428 0.314924 -0.151833
  0.175357 0.296448 -0.640277 -1.319339
  0.403735 0.264606 0.987731 0.270104
  0.447194 0.302494 -1.990126 0.141153
  0.589339 0.031800 0.437688 -1.010117
  0.135477 0.047195 -0.668456 0.806824
  0.435918 0.488841 0.094265 1.152213
  0.603711 0.976718 -0.221789 -0.509111
  0.443400 0.902866 1.475825 -1.095450
  0.011249 0.622507 -0.262801 -1.668712
  0.104568 0.855331 0.381396 -0.379475
  0.851220 0.117189 -0.260986 -0.503987
  0.949893 0.245277 -1.435417 -0.152633
  0.846861 0.874255 -0.605743 -0.178194
  0.609801 0.927703 2.782308 0.573088
  0.995105 0.817202 -0.846774 -1.192145
  0.079213 0.048604 -1.454766 0.203619
  0.113461 0.739552 -0.294647 -0.006298
  0.363090 0.643366 2.157028 -2.079016
  0.944991 0.489557 2.205213 0.137165
  0.730316 0.323317 -2.929187 0.073835
  0.917933 0.465977 0.715496 -0.872906
  0.321464 0.070175 0.203829 0.410014
  0.388184 0.503228 1.164113 0.901675
  0.688273 0.290774 0.521293 -2.187120
  0.224421 0.232544 -1.251977 -0.839128
  0.854885 0.819619 0.547866 0.209701
  0.790372 0.947446 1.054989 -1.153023
  0.134925 0.156959 0.992005 -0.886182
  0.586490 0.802485 -1.179491 0.173179
  0.566798 0.149116 1.305129 -0.801490
  0.359376 0.701598 -1.261468 1.456446
  0.656360 0.796375 1.819269 -1.241831
  0.624198 0.860921 0.326606 -1.351127
  0.315409 0.905756 -0.675965 0.661749
  0.609825 0.509821 -0.154899 -0.226589
  0.006618 0.462778 1.233670 -2.155405
  0.876426 0.472213 0.160877 -0.002875
  0.417873 0.841014 1.616311 0.676357
  0.405543 0.266047 -0.910064 0.579650
  0.388356 0.827350 -1.409142 -0.696648
  0.955839 0.935819 -0.355119 1.234160
  0.331069 0.191694 0.269781 -0.054358
  0.799575 0.036063 -0.588124 -0.787755
  0.781858 0.191857 0.781672 -1.124476
  0.168949 0.368907 0.728065 1.066131
  0.537280 0.169963 -1.076927 0.905546
  0.666753 0.314919 1.326946 -0.104146
  0.229271 0.224264 -1.113325 -1.764407
  0.418934 0.820686 -0.547491 -1.340374
  0.788692 0.680031 -0.360819 0.131840
  0.517620 0.081834 -0.368882 0.322483
  0.697146 0.427077 -0.676460 0.386050
  0.212008 0.692902 -0.817841 2.725588
  0.750618 0.971252 0.421655 0.065971
  0.393482 0.408866 -0.483558 -0.509920
  0.108185 0.994613 1.724189 1.007649
  0.648841 0.214435 0.376293 0.333926
  0.269571 0.286488 -0.772349 0.104612
  0.000373 0.175810 0.773636 -0.320966
  0.277736 0.010069 -1.751728 -0.233189
  0.083867 0.050643 -0.810147 -0.255275
  0.592598 0.563066 0.456449 -0.706616
  0.667556 0.857412 -0.426737 0.308217
  0.574984 0.793763 0.828775 -0.702728
  0.983735 0.823662 -1.341578 -0.435103
  0.233191 0.011339 -0.196919 1.378908
  0.755600 0.554830 -0.185408 0.505342
  0.717028 0.745535 -0.753452 0.923104
  0.083146 0.478479 1.838969 0.360563
  0.044833 0.275670 0.742536 -0.339008
  0.441858 0.343707 -0.746663 -0.074852
  0.898714 0.336490 -1.750017 -1.688397
  0.086942 0.768634 0.506101 -1.027539
  0.743909 0.123956 0.089566 0.287347
  0.643590 0.727193 0.712443 -2.260273
  0.091861 0.670003 0.928127 -1.144863
  0.973790 0.652852 0.433177 -1.302576
  0.928509 0.863019 -0.646431 -1.734034
  0.564019 0.518062 -1.358340 -1.595467
  0.342349 0.254222 -0.721380 1.402825
  0.344396 0.264637 1.347689 -1.805457
  0.438725 0.497602 -0.246140 -0.185244
  0.551026 0.898748 -1.067674 -1.332012
  0.784205 0.615063 -1.480830 1.957108
  0.024630 0.289360 0.491307 -0.242782
  0.388019 0.712820 -1.334419 -1.909863
  0.910382 0.249824 0.442709 0.758071
  0.554740 0.008805 -1.227259 -0.477954
  0.218121 0.967654 -1.797231 -0.256931
  0.628632 0.197645 0.528004 -1.339559
  0.377767 0.714330 -0.562488 0.294053
  0.914202 0.373514 1.066541 0.452427
  0.653330 0.696150 -0.913706 -1.615678
  0.646860 0.567988 -0.216367 -1.323680
  0.355194 0.795006 -0.304638 1.465758
  0.547858 0.788158 -0.158230 -2.500347
  0.777442 0.046630 -0.412391 -0.858018
  0.147672 0.795393 0.643233 1.230894
  0.207706 0.031872 0.628314 -0.293740
  0.708669 0.015215 -0.367400 -0.744393
  0.671753 0.930445 -0.462721 -0.546758
  0.432104 0.300592 0.549122 0.727704
  0.854650 0.506417 1.677611 0.189538
  0.599081 0.965206 -2.781084 -1.928282
  0.859329 0.698534 -0.623747 0.144518
  0.283395 0.604806 0.530582 0.174336
  0.671126 0.104140 2.441027 0.843579
  0.981399 0.304915 2.430270 -0.936056
  0.782130 0.387640 -0.616604 -1.262026
  0.886607 0.989410 2.149745 0.540304
  0.790368 0.814198 0.438956 0.335615
  0.664748 0.501104 1.399625 1.988305
  0.579457 0.921756 1.587864 -0.122878
  0.732388 0.455940 2.167067 0.481856
  0.527245 0.564784 0.681104 -0.733957
  0.813311 0.398038 1.369323 -1.545589
  0.730879 0.964144 1.205434 1.070964
  0.316226 0.986074 2.138184 0.142927
  0.639091 0.580072 -0.842777 0.592959
  0.632724 0.888391 0.859907 0.975138
  0.023944 0.144684 -1.191435 0.256406
  0.909504 0.878276 0.902626 -0.664369
  0.662910 0.170908 0.348602 0.409951
  0.705050 0.616412 1.526539 0.318043
  0.467942 0.407595 1.480908 -1.522709
  0.177092 0.392566 -0.326573 0.112996
  0.315246 0.987000 1.497400 0.468459
  0.713947 0.605539 1.171790 0.583313
  0.945403 0.114694 0.236762 0.033636
  0.691549 0.661579 -0.924378 -0.917356
  0.275041 0.925138 -0.214360 -0.073990
  0.587151 0.899053 -1.149803 -0.121944
  0.720162 0.757157 0.013158 -1.138224
  0.363979 0.820614 -1.690836 0.047928
  0.461744 0.432527 0.462924 -1.259888
  0.339802 0.208516 -0.843109 -1.121340
  0.002094 0.451426 1.503337 -1.288908
  0.303418 0.074318 0.860416 0.192767
  0.939652 0.023465 0.410416 1.311122
  0.816827 0.852151 -1.002786 -1.168838
  0.600582 0.375137 -0.260673 1.030780
  0.334382 0.589372 0.189342 0.100056
  0.033443 0.983245 -2.090386 -1.513734
  0.467957 0.889778 0.465396 -1.228723
  0.733534 0.291167 -2.312002 -0.227990
  0.053132 0.623850 -0.549091 -0.037929
  0.717840 0.706081 -0.585626 -2.160116
  0.836642 0.862408 -0.966349 -0.501017
  0.455335 0.330249 0.451984 -0.642447
  0.953373 0.939689 -0.615286 1.337840
  0.087017 0.085793 2.665024 -1.004032
  0.249841 0.862442 1.891098 -0.817986
  0.654575 0.412100 -2.508434 1.158212
  0.034330 0.585719 0.383788 -0.793291
  0.352166 0.902252 -0.626071 -0.401075
  0.575250 0.276483 0.603658 0.531796
  0.907584 0.247135 0.223842 1.800343
  0.810347 0.320223 0.644201 1.285703
  0.186522 0.342667 -0.276428 -0.283839
  0.408713 0.779329 0.017147 -0.465026
  0.145326 0.502838 0.837198 -0.272943
  0.927582 0.119188 -0.935395 1.189136
  0.827909 0.568987 0.556275 -1.844357
  0.396131 0.315099 0.863039 2.513599
  0.079664 0.263934 -1.029607 -0.657370
  0.421347 0.172537 0.122138 0.009834
  0.115392 0.728986 -0.243252 -2.465605
  0.140577 0.923722 -0.943579 -0.929739
  0.292400 0.998814 -0.708617 -1.046616
  0.819191 0.063199 -1.139703 0.485516
  0.244334 0.108225 -2.484497 -0.444476
  0.732030 0.501584 -0.334708 -0.304178
  0.433665 0.865155 -0.237560 -0.615790
  0.769595 0.621877 0.567395 -0.457544
  0.691742 0.474491 -0.730773 1.792086
  0.576559 0.179629 0.064371 0.300352
  0.374683 0.375140 1.372774 -1.206961
  0.350261 0.519347 -0.409132 -0.011569
  0.729051 0.649364 -2.365882 -0.170836
  0.562929 0.168757 -1.117532 -0.222954
  0.553376 0.656837 0.015454 -0.782352
  0.083882 0.741793 -0.260788 -0.632414
  0.550346 0.099572 -0.339778 -0.626315
  0.067165 0.688353 0.171487 0.397686
  0.108237 0.346818 0.742270 2.759786
  0.692978 0.610545 -2.400346 -0.376872
  0.420173 0.502665 -1.528775 0.317869
  0.782409 0.195742 1.068197 -1.239951
  0.615706 0.954090 -0.787337 -0.059408
  0.786319 0.076900 0.310101 0.131721
  0.608302 0.291002 -0.796984 -1.304301
  0.410812 0.995225 2.096970 -1.485721
  0.215983 0.143974 0.978185 -0.113273
  0.679324 0.283474 -0.938975 0.054169
  0.116173 0.025543 1.011779 -0.748550
  0.384092 0.691379 0.329238 0.006964
  0.351281 0.486270 -0.706076 1.674876
  0.139492 0.321796 -0.200149 0.721443
  0.049455 0.056202 0.558453 -1.126745
  0.945407 0.123929 0.525124 -0.715286
  0.490092 0.840576 -0.511074 -0.667138
  0.417529 0.837576 0.419807 -0.049407
  0.661850 0.400804 0.049254 -1.188617
  0.247968 0.322390 -1.306121 -1.176394
  0.962363 0.126625 -0.826456 -1.352299
  0.730624 0.699345 -0.478928 0.282708
  0.704848 0.520126 -0.221616 -0.056443
  0.444373 0.087881 -0.024662 0.289808
  0.598702 0.087143 -1.008457 0.802235
  0.761956 0.983718 -0.374251 -1.964352
  0.276326 0.382219 -0.019906 0.529940
  0.452346 0.976306 -0.572686 0.076586
  0.316848 0.938092 1.683769 -1.179871
  0.996285 0.342977 1.028581 0.909995
  0.664973 0.363730 -1.316547 -0.196452
  0.276492 0.680148 0.748813 -0.144457
  0.507735 0.065987 -1.012657 0.240284
  0.145868 0.542749 -1.363931 -0.255012
  0.266610 0.441787 -0.063449 1.771528
  0.656419 0.356096 0.409523 0.184690
  0.738856 0.959146 -0.100742 -0.598755
  0.285603 0.401147 -1.718715 -2.296676
  0.736116 0.051546 1.223307 -1.852197
  0.958361 0.948846 1.065180 0.453530
  0.478681 0.661295 -0.871180 -0.414641
  0.797495 0.592622 -0.194113 1.060272
  0.118599 0.300196 -0.240737 0.638533
  0.020118 0.116997 0.345897 1.152567
  0.247885 0.944498 -2.004068 1.384415
  0.965840 0.802746 0.524523 0.845069
  0.110491 0.417783 -1.313816 1.205541
  0.869228 0.600835 -0.025777 -0.834358
  0.026952 0.582008 -0.253006 -1.719794
  0.727163 0.532939 -0.340895 -0.662302
  0.032564 0.512193 0.810426 -0.186240
  0.558038 0.122836 2.227116 -0.073713
  0.196315 0.917215 2.097720 -0.368459
  0.188947 0.215128 0.295425 0.343604
  0.657477 0.692830 -0.165165 0.414068
  0.069557 0.790649 -0.225915 -1.373348
  0.252961 0.797488 1.353477 0.838068
  0.893614 0.677002 -1.631646 -1.448025
  0.735350 0.423719 0.316532 0.156856
  0.945423 0.476040 -0.019128 0.632169
  0.747515 0.879558 -0.483290 -2.657161
  0.446440 0.901991 2.202669 0.017675
  0.743953 0.617809 1.439848 -0.143290
  0.598149 0.212442 -0.509874 1.316148
  0.244519 0.056961 -0.377666 -0.277497
  0.128429 0.197938 -0.817258 1.176800
  0.281302 0.607265 -1.032111 -1.662731
  0.976707 0.634720 -0.214935 1.860148
  0.238296 0.855494 1.336447 2.358076
  0.462701 0.000595 -0.185066 1.414969
  0.196075 0.749330 -0.412704 -0.674602
  0.864546 0.592957 0.855771 0.175564
  0.526765 0.635708 -0.699035 0.938349
  0.127845 0.529615 -1.883287 -0.012096
  0.747229 0.738794 -0.456002 -1.229262
  0.598958 0.019067 0.603262 -1.858565
  0.342375 0.192215 0.162734 0.696783
  0.159518 0.045934 0.783244 -0.909382
  0.003713 0.641415 -2.947476 -1.211732
  0.780738 0.612425 1.598564 -0.458809
  0.228500 0.269688 0.834034 -0.746944
  0.881218 0.726919 0.708924 1.289185
  0.354463 0.451776 -0.142059 0.270339
  0.345970 0.048177 0.101319 -0.267539
  0.192867 0.351089 -0.661443 -1.957179
  0.012723 0.958351 -0.317138 -0.680455
  0.054803 0.031607 -0.222609 1.497405
  0.199377 0.845170 -1.150419 0.443524
  0.369427 0.743204 0.426889 -0.810241
  0.982369 0.453550 0.732683 0.188417
  0.518215 0.994696 1.083615 0.342262
  0.672545 0.967513 1.407624 1.467991
  0.253755 0.266042 -0.437506 0.291400
  0.133896 0.851661 -0.926533 0.008767
  0.372971 0.217901 -1.195484 2.586156
  0.674071 0.397747 -0.288807 -0.121120
  0.295032 0.327235 -1.537179 -0.364085
  0.993183 0.044876 -0.705540 -0.461767
  0.715837 0.726943 -1.617557 -0.456016
  0.318655 0.085010 -0.178433 2.275163
  0.896973 0.790690 -0.214187 -0.284822
  0.259860 0.269196 -0.337630 0.694361
  0.303812 0.692604 1.227087 -0.615461
  0.613466 0.961962 -1.344469 1.011658
  0.069437 0.857746 -1.363813 -0.076473
  0.114150 0.942596 -0.768797 -1.705093
  0.802866 0.167181 1.025863 -0.508367
  0.999551 0.626160 -1.958470 -0.040233
  0.434623 0.358630 0.775696 0.417106
  0.591206 0.401725 0.562263 1.507303
  0.249909 0.316575 -1.656398 -1.031535
  0.374874 0.901804 -0.099913 1.390233
  0.089995 0.615155 -0.307384 -1.201956
  0.446137 0.742688 0.120172 0.999931
  0.425944 0.961818 -0.712755 0.076487
  0.109747 0.783257 1.011981 0.553547
  0.409626 0.641654 -0.328103 -0.366767
  0.234835 0.040613 0.330538 0.331619
  0.184999 0.186776 -1.900305 -0.664723
  0.035472 0.964395 1.018868 -0.249616
  0.234165 0.550331 0.857447 0.344733
  0.404951 0.499792 -1.284675 -1.498490
  0.965997 0.966923 0.231441 0.531051
  0.280346 0.356418 0.688664 2.046162
  0.519257 0.293298 -2.077287 -0.342441
  0.396066 0.243938 0.959422 -0.213582
  0.530423 0.529855 0.215454 -0.455119
  0.561948 0.295232 0.256397 -1.249352
  0.845170 0.343711 -0.194883 -0.695881
  0.403335 0.355897 -1.978914 0.080981
  0.240976 0.012836 -0.514541 0.390977
  0.058263 0.252739 -0.738189 -0.050256
  0.612663 0.870194 0.476391 0.110200
  0.930141 0.201208 1.484634 -0.828161
  0.594499 0.193689 0.578705 -0.789389
  0.430371 0.235238 0.759222 0.324251
  0.839317 0.506788 -1.640590 -0.111594
  0.921225 0.913490 -1.508049 0.918230
  0.147926 0.242360 0.514618 2.022690
  0.661439 0.380148 0.235611 0.543286
  0.506022 0.763257 -0.252103 -0.870278
  0.353764 0.531680 -1.204440 1.841010
  0.908140 0.945805 -1.645650 -0.512520
  0.937556 0.736064 0.556024 -0.811098
  0.951308 0.694162 -1.176825 -0.590822
  0.947593 0.103514 -0.778438 0.211590
  0.463593 0.005748 -0.609638 1.161351
  0.827095 0.566561 -0.533093 0.905709
  0.002838 0.493491 -1.768975 -0.083698
  0.923919 0.747690 -0.817353 -1.809054
  0.611707 0.752450 0.047336 -0.449046
  0.385700 0.893364 1.054921 2.556402
  0.275074 0.296801 -0.038645 -1.223304
  0.871827 0.595383 1.326732 0.640791
  0.075786 0.155792 1.793340 0.090785
  0.860061 0.149531 -0.684582 1.272176
  0.521294 0.953263 0.466393 1.129051
  0.135866 0.299635 2.050693 1.270404
  0.629069 0.084054 0.883551 -0.636670
  0.810874 0.487010 -0.415266 -0.018721
  0.175822 0.438984 -0.839143 0.010182
  0.142337 0.932508 -1.523969 -0.312479
  0.225456 0.189470 0.870331 0.105353
  0.522967 0.229147 0.322876 -0.450981
  0.719317 0.576844 1.015486 -0.606261
  0.888991 0.422791 -1.438492 0.876294
  0.935266 0.914158 0.242985 -0.881335
  0.739395 0.278417 0.592835 -1.224359
  0.326448 0.365715 0.332176 0.604691
  0.455334 0.487896 -1.254618 -1.674661
  0.734452 0.568522 -2.457941 -0.714423
  0.696808 0.287165 -0.193259 -0.560693
  0.473990 0.451626 -1.045567 0.394539
  0.567770 0.755904 0.537741 1.510194
  0.064217 0.492590 1.322105 -2.543631
  0.777695 0.141573 1.707378 0.908912
  0.316614 0.163485 1.098196 2.354056
  0.962267 0.209785 0.634038 0.850770
  0.003863 0.118425 -0.217080 0.107144
  0.356577 0.068563 0.486654 -0.701127
  0.325448 0.448230 -2.093023 -0.356023
  0.336715 0.692097 -2.166715 0.075943
  0.522935 0.425100 -0.412976 0.091558
  0.304328 0.166343 0.738821 0.563625
  0.628429 0.478254 -1.095414 -1.061800
  0.762924 0.855100 0.074923 0.167400
  0.117532 0.988918 0.160808 1.483396
  0.372868 0.559094 -0.031323 0.951638
  0.256970 0.265941 -0.694409 -0.274457
  0.501162 0.920753 1.269397 -1.124129
  0.941804 0.613147 -0.273258 -1.235008
  0.328613 0.780213 -0.385347 -0.133934
  0.749241 0.833497 0.539867 0.615561
  0.246121 0.554136 -0.663066 0.111190
  0.081312 0.296848 -2.104935 -1.446636
  0.026528 0.574308 1.245440 0.606735
  0.115947 0.699557 0.898009 -0.360545
  0.698641 0.057492 1.147727 0.738341
  0.676831 0.314053 -1.075451 1.460199
  0.851649 0.489163 -0.423284 0.659526
  0.132899 0.463240 -0.486803 -0.740620
  0.595808 0.695030 1.678607 0.530350
  0.465761 0.433431 -1.697925 1.576267
  0.580972 0.236600 -1.441607 0.804078
  0.178718 0.424106 -0.068000 -0.838146
  0.752647 0.457891 2.403201 1.182968
  0.477305 0.367871 0.696543 0.497181
  0.000621 0.067994 -0.377192 0.361694
  0.555806 0.562427 0.405003 0.632018
  0.339221 0.492243 0.491844 1.078655
  0.857670 0.645914 0.785449 0.363015
  0.114233 0.827214 -0.628211 -0.554018
  0.625506 0.510312 -0.961086 -0.094689
  0.087255 0.068019 -0.085453 -0.858855
  0.126225 0.672385 -0.948779 0.611070
  0.018497 0.172002 -0.542974 -1.311955
  0.345728 0.493386 0.096026 0.451575
  0.712060 0.168806 -1.687903 -1.620250
  0.671866 0.784910 0.932133 -0.678248
  0.184921 0.723699 2.284549 -0.424456
  0.257188 0.479582 1.098277 0.264234
  0.413283 0.663000 0.919862 -0.209317
  0.902276 0.660390 1.616169 1.607271
  0.788532 0.947491 0.836534 2.747476
  0.387301 0.493969 -0.701332 -0.691250
  0.022109 0.441972 0.938284 -0.211268
  0.760705 0.475656 1.388511 -0.031057
  0.857413 0.628576 -0.589811 1.125759
  0.961255 0.351949 0.622835 0.780872
  0.831372 0.776857 0.705476 -1.661459
  0.381086 0.533151 1.610084 1.111361
  0.554267 0.021655 -1.728049 2.366738
  0.444854 0.122981 0.161348 -0.041943
  0.963496 0.660399 0.689458 0.955752
  0.281934 0.897361 -1.019094 0.070984
  0.554288 0.920906 0.111776 -1.585955
  0.647606 0.727770 0.996718 1.002791
  0.484375 0.597073 0.059999 -0.130573
  0.159833 0.416213 -1.240276 1.732295
  0.824559 0.777667 -1.005178 0.415669
  0.498711 0.866672 1.298443 2.758671
  0.328460 0.457931 -0.097443 -1.379793
  0.970245 0.653764 -0.494540 -0.053757
  0.183699 0.868856 -2.177750 0.042358
  0.063373 0.783696 -0.057075 0.435479
  0.531904 0.895523 1.572518 -1.254269
  0.088455 0.659451 -0.325409 -1.233557
  0.629359 0.293299 0.339378 -0.100156
  0.500988 0.358176 0.869907 1.245989
  0.091894 0.467485 -0.242900 -0.208252
  0.090985 0.341752 -0.874788 -0.732615
  0.671854 0.889595 -0.523108 -0.136367
  0.775275 0.167053 -0.833109 0.119704
  0.321420 0.336032 -0.797455 -0.258205
  0.050878 0.810593 0.701163 -1.437708
  0.438010 0.816401 -1.314487 0.036627
  0.040668 0.239714 -0.343907 -0.358575
  0.757143 0.085530 -1.094486 -0.446694
  0.516750 0.478550 -1.685016 0.638485
  0.450781 0.764029 1.204936 1.019698
  0.502409 0.765497 0.395433 0.056504
  0.564847 0.698698 0.086823 0.171273
  0.727469 0.362941 1.493252 0.022084
  0.199080 0.556689 -0.571925 -0.911330
  0.064204 0.495950 0.926945 0.041523
  0.379351 0.691664 -2.536135 -0.397274
  0.202156 0.896330 0.684388 0.433712
  0.116295 0.943921 -0.571678 -0.996969
  0.063137 0.492092 0.247271 0.882793
  0.511683 0.822416 0.952804 -0.643139
  0.408628 0.302807 1.725662 -0.200685
  0.579804 0.771270 -1.690775 -0.926715
  0.688631 0.128233 1.025906 -2.302103
  0.134171 0.060167 -0.585518 2.648088
  0.277779 0.834628 -1.003202 -1.106781
  0.035337 0.798887 -0.713752 0.327681
  0.609941 0.432454 0.967157 0.272043
  0.705086 0.931076 -1.433634 -0.351568
  0.028275 0.370337 0.033448 1.471818
  0.604154 0.106767 -0.321078 0.158234
  0.538283 0.770344 1.921297 -1.082940
  0.572784 0.977557 -1.274474 -1.311869
  0.620282 0.735619 0.395064 -0.644386
  0.426654 0.196042 -1.455210 0.858807
  0.661946 0.082479 0.996304 -0.136815
  0.645903 0.904022 -0.955975 0.190182
  0.497782 0.262237 1.430841 -1.001160
  0.703737 0.063540 1.079574 0.396150
  0.824241 0.156888 1.610962 -1.720356
  0.266470 0.036092 2.029500 0.238530
  0.481947 0.841708 -0.073962 -0.125553
  0.272040 0.061971 -0.045958 -0.461460
  0.673580 0.155189 -0.233512 -0.788154
  0.626857 0.786635 -0.086359 -1.270031
  0.591295 0.416572 -0.506304 -1.271186
  0.489956 0.174597 -0.451786 -1.105337
  0.844809 0.301971 1.244623 1.412140
  0.942053 0.324253 0.778164 1.035748
  0.206369 0.172783 -0.164048 -0.668885
  0.599731 0.407121 0.232603 -0.511483
  0.713964 0.510247 -0.371224 -1.188888
  0.965637 0.537066 1.169050 0.228258
  0.941840 0.651463 -0.594326 -1.766320
  0.480839 0.148479 0.815708 -1.621557
  0.655832 0.358592 0.749038 -1.762443
  0.373296 0.250895 -0.917722 -0.049965
  0.725493 0.872176 1.031787 -0.792307
  0.300506 0.447917 0.290068 1.429812
  0.804169 0.461567 1.521759 0.887179
  0.528616 0.674688 -0.280976 -0.057839
  0.119635 0.213820 0.781445 -0.557878
  0.463323 0.413908 -0.218919 -2.466544
  0.022434 0.588595 0.287894 -1.453229
  0.330654 0.440725 2.473532 0.286652
  0.625593 0.050000 -1.199366 -0.004694
  0.448345 0.512361 -1.076532 0.537137
  0.408126 0.284526 -0.442170 0.652836
  0.245473 0.067860 0.578595 -0.722307
  0.341215 0.879440 0.561234 -0.257594
  0.311919 0.398676 -0.943318 1.388594
  0.525771 0.137995 0.323745 -0.861940
  0.450742 0.398957 -0.823469 -1.544611
  0.409955 0.997332 -0.607005 -0.088925
  0.466714 0.226011 -0.655427 1.584040
  0.236079 0.654305 0.386817 0.387917
  0.364918 0.221578 -0.550595 1.196307
  0.400844 0.282486 0.149389 0.006898
  0.215527 0.911862 -2.050937 1.355207
  0.604014 0.458287 -0.097156 0.944477
  0.836537 0.171459 0.150247 -0.833430
  0.849103 0.136588 0.009414 -0.733071
  0.832004 0.146630 0.706160 0.060437
  0.182885 0.747875 1.967074 0.184057
  0.200377 0.881760 0.706995 -0.169571
  0.327388 0.747675 2.884665 -1.458552
  0.339060 0.771371 1.746716 -0.917539
  0.358589 0.723089 2.009171 -1.527365
  0.582361 0.254421 -2.163839 0.301615
  0.165873 0.299845 1.590374 -0.104204
  0.127797 0.895025 1.760220 0.476497
  0.662685 0.903147 0.117793 -0.553666
  0.702223 0.215191 -0.418723 -0.206436
  0.366262 0.720131 -0.138795 0.101569
  0.287028 0.857201 1.036598 0.215469
  0.740280 0.951863 -1.744978 -1.354039
  0.946496 0.198362 -0.678039 0.010239
  0.766408 0.605891 -1.170778 0.515067
  0.638458 0.283094 0.832234 2.084358
  0.550879 0.978751 -0.284037 -0.428524
  0.231576 0.175852 -0.561020 0.999185
  0.656871 0.964963 0.728246 0.514264
  0.026338 0.286744 0.021908 -0.045981
  0.840191 0.555115 -0.757820 1.229138
  0.882375 0.588609 0.038155 -1.310314
  0.950358 0.099868 0.157344 0.450608
  0.228713 0.371216 -0.083059 -0.520234
  0.302400 0.615999 -0.163408 -1.355997
  0.342945 0.004070 -0.677793 -0.495488
  0.523963 0.633480 0.258892 -0.370147
  0.002520 0.242497 -0.275226 -0.318166
  0.348455 0.301251 0.280640 -0.670079
  0.068772 0.463517 1.071525 1.432947
  0.820566 0.470872 0.419679 -0.399728
  0.221020 0.895451 0.352491 0.442341
  0.883453 0.866358 -1.303915 -0.537958
  0.500152 0.140727 0.521234 0.697085
  0.481876 0.252646 -2.568174 1.932141
  0.998191 0.081354 0.456569 0.967857
  0.570042 0.303783 0.178849 -1.189975
  0.630899 0.662928 0.359540 1.788324
  0.398828 0.404403 0.462166 -0.848236
  0.070673 0.199144 -0.645934 0.907421
  0.482999 0.954269 -1.296393 1.291297
  0.767559 0.340389 -1.124874 1.448182
  0.155205 0.354492 1.118673 0.122262
  0.862098 0.441914 0.666013 -1.138166
  0.701887 0.417027 0.958902 0.045000
  0.141916 0.552776 -0.971280 1.254422
  0.132740 0.007658 -1.055837 -0.106150
  0.968724 0.123771 -0.634037 1.778056
  0.582919 0.727156 -0.184436 1.074266
  0.994340 0.070036 -1.279001 -0.181017
  0.958790 0.620448 -0.484579 -0.571450
  0.643349 0.387676 -0.869101 0.076545
  0.646161 0.180698 1.247783 0.133200
  0.899717 0.803055 -0.024735 -0.497502
  0.656104 0.409873 0.358870 -1.544662
  0.068241 0.632082 1.190633 0.633680
  0.571240 0.523708 -1.272957 0.028829
  0.019449 0.801787 0.233270 -0.503943
  0.877737 0.616077 0.661118 -0.955966
  0.260293 0.332719 -0.594295 -0.628528
  0.664010 0.349899 -0.436361 -0.049223
  0.286136 0.146438 0.355625 -0.418782
  0.718051 0.937298 -1.399819 -1.532458
  0.736413 0.281635 0.630888 1.541922
  0.211537 0.421553 -1.610578 -1.367405
  0.612295 0.183517 -0.648911 0.439378
  0.730264 0.520385 -1.831390 1.955709
  0.389202 0.759664 -0.672887 0.844086
  0.320746 0.413522 0.411327 0.184958
  0.376605 0.707081 1.124256 0.918563
  0.783330 0.548066 -0.541924 -0.311022
  0.046489 0.807484 -0.460355 0.458591
  0.183850 0.855588 -0.439197 -1.081866
  0.027664 0.059783 -1.371362 -0.736406
  0.096820 0.907218 0.371853 -0.145972
  0.909398 0.612968 -0.786029 -0.481122
  0.095001 0.344490 0.703105 -1.127825
  0.974001 0.976048 -0.163045 0.085812
  0.869041 0.506949 0.520374 -1.133379
  0.265972 0.029390 -0.351660 -1.065039
  0.910726 0.382604 -0.286104 -0.444177
  0.806444 0.963147 1.996864 1.763414
  0.792143 0.180346 -0.001234 0.550076
  0.770595 0.636089 2.443699 0.143940
  0.223079 0.005195 1.740966 0.386270
  0.683650 0.168159 -1.868200 -0.463733
  0.188165 0.149612 -0.311932 -0.615938
  0.843569 0.986241 -0.503098 -1.243381
  0.724317 0.142044 0.140734 0.956131
  0.288401 0.392851 -0.256208 -0.144951
  0.130845 0.763117 0.023427 -1.303667
  0.468363 0.407031 -1.726811 -0.961159
  0.283985 0.551629 -1.530051 0.201026
  0.090428 0.015995 -0.783292 -1.464525
  0.356572 0.207960 0.897237 0.456593
  0.636823 0.325193 0.794604 0.229543
  0.269778 0.101121 1.438751 -1.638551
  0.906286 0.685261 0.714694 0.045872
  0.200632 0.626212 -0.057318 -1.121285
  0.078998 0.464685 -0.618299 0.270006
  0.400167 0.251827 0.412058 -1.027243
  0.330494 0.881882 -0.176750 0.169987
  0.548172 0.341021 -0.059520 1.643894
  0.344713 0.946314 -1.283001 0.014789
  0.988711 0.919932 0.426723 0.287708
  0.082573 0.350761 0.936985 1.497254
  0.146611 0.778463 -1.146412 -0.560702
  0.690455 0.484307 0.361284 0.691298
  0.972800 0.073800 -0.575253 1.988754
  0.245010 0.000146 0.856272 1.606463
  0.597836 0.220373 -0.728787 0.323030
  0.422982 0.194884 -0.029384 1.164788
  0.608010 0.474917 -0.665040 2.034567
  0.329989 0.343562 0.013535 -0.790811
  0.666046 0.000005 0.196004 0.044331
  0.170176 0.038135 -0.761355 -2.473913
  0.203567 0.833583 -0.311035 0.694266
  0.302564 0.590560 1.140358 0.076139
  0.658926 0.811110 0.498745 -0.657246
  0.224345 0.160280 0.656050 0.731654
  0.648619 0.807347 -0.973180 -1.098287
  0.830546 0.706879 0.461118 -0.014557
  0.904840 0.688601 0.144751 -0.324961
  0.851460 0.846828 -0.450600 -1.273083
  0.242354 0.106093 1.070954 -1.131875
  0.632813 0.319105 0.420382 1.132728
  0.635589 0.068440 -0.201524 0.948468
  0.892525 0.987980 1.829882 -0.605357
  0.183722 0.800272 -1.796061 -0.595069
  0.130246 0.745627 -2.182143 0.101358
  0.321004 0.144949 -0.844316 -1.109819
  0.591742 0.761542 1.212225 -0.997107
  0.088330 0.895618 0.718890 -0.544511
  0.333168 0.865356 -1.569668 -0.190704
  0.035852 0.704600 0.343059 1.247140
  0.242272 0.457769 0.618569 -1.135167
  0.657595 0.957412 0.979311 1.155288
  0.565732 0.646293 0.285296 0.768157
  0.361931 0.138334 1.026710 -0.011446
  0.842362 0.193991 -1.968658 -0.755248
  0.704250 0.455639 -0.817721 0.300666
  0.266700 0.083626 -1.210659 1.059403
  0.853413 0.299218 1.083662 1.625649
  0.513644 0.497169 -0.087653 -1.368774
  0.506184 0.435099 -1.092087 0.169541
  0.084401 0.015549 0.038572 -2.573698
  0.545525 0.294657 0.469491 -0.407457
  0.985775 0.952214 -1.202709 -0.455606
  0.661522 0.827502 -0.503162 0.204490
  0.940223 0.624574 0.980693 -1.185869
  0.119388 0.672294 0.403555 -0.346385
  0.878031 0.069186 -0.593807 0.081947
  0.593088 0.855568 0.265135 -0.320623
  0.246812 0.189250 -1.340569 0.641016
  0.516113 0.981266 1.242363 0.800770
  0.411725 0.862556 0.400459 0.527280
  0.235784 0.598587 0.107392 -0.914259
  0.933693 0.167395 0.809768 0.317947
  0.694167 0.755356 -1.031134 0.079261
  0.745753 0.756336 -0.023647 0.782194
  0.887784 0.319898 0.350272 -0.158127
  0.453199 0.412777 -0.409222 -0.735921
  0.645020 0.340887 -1.872934 -0.639098
  0.397092 0.860503 1.218904 -0.430889
  0.592380 0.882882 -0.300223 0.284872
  0.060449 0.403558 1.124414 -1.112427
  0.481753 0.640123 2.351339 -1.018037
  0.821547 0.725395 -1.119691 0.377856
  0.746404 0.537097 1.434861 0.009991
  0.891838 0.063835 -1.877429 -0.213213
  0.704696 0.725663 0.824401 -0.718596
  0.625513 0.317857 0.112673 0.155584
  0.367760 0.036950 -1.905794 -0.075304
  0.980200 0.817322 1.228040 1.308110
  0.848665 0.928276 0.090744 -0.387028
  0.487656 0.216963 -0.177559 0.246679
  0.216998 0.643544 0.829913 0.392181
  0.930957 0.328957 -0.552916 -0.682135
  0.907760 0.150010 0.514241 0.167094
  0.471993 0.372746 0.004127 -0.375349
  0.660871 0.216898 -1.018357 0.911162
  0.330322 0.037110 -1.357064 -0.937649
  0.698477 0.670717 -0.315742 0.326735
  0.340201 0.344297 0.315882 0.921265
  0.240872 0.909517 0.279724 0.368827
  0.293773 0.497965 1.598021 -1.216903
  0.013297 0.420063 0.586335 -0.222103
  0.754809 0.249275 -0.654066 0.127000
  0.638969 0.874771 0.245629 -1.123528
  0.632219 0.393920 0.272279 -1.258258
  0.393869 0.544766 0.990368 -0.491978
  0.818479 0.604898 1.357297 1.631496
  0.954242 0.600102 -0.624988 1.048047
  0.353793 0.041715 0.163749 -1.047452
  0.749028 0.728631 0.792759 -0.317738
  0.831196 0.886031 0.747776 -0.543180
  0.583440 0.817999 1.081947 -1.389901
  0.485388 0.361285 1.260288 -0.816289
  0.345694 0.129123 -0.126791 0.698354
  0.334609 0.674126 0.438541 0.431184
  0.907857 0.781687 0.106723 -1.226994
  0.430574 0.001639 -1.000387 -0.245179
  0.699446 0.032808 -0.448059 -0.068814
  0.609685 0.896036 0.958712 -1.308458
  0.840077 0.926514 0.160410 0.303466
  0.399247 0.247536 1.965430 0.492026
  0.317471 0.844442 -2.489988 -1.176161
  0.960083 0.419303 1.460418 -0.253663
  0.308827 0.490611 -0.582384 -0.184703
  0.321826 0.603307 -0.880819 0.275227
  0.744681 0.630006 1.265801 0.231928
  0.737696 0.637333 -0.205152 -1.588034
  0.495451 0.897608 -0.336112 0.840098
  0.394504 0.726979 -0.117036 0.944699
  0.296169 0.960845 -0.167574 -1.702744
  0.511971 0.122234 -0.196035 2.262877
  0.088225 0.134534 -1.971544 -0.512497
  0.270567 0.678686 0.515723 0.384493
  0.263465 0.127878 1.000258 1.644827
  0.710692 0.403599 -0.722218 1.055276
  0.015531 0.929171 -0.196643 -2.093780
  0.914105 0.024757 2.768533 -0.105240
  0.514532 0.921765 0.275541 -1.818522
  0.326981 0.132519 0.208903 0.581286
  0.391502 0.105909 -0.289466 -1.684242
  0.174903 0.284480 0.883671 0.449322
  0.722093 0.436632 -0.605362 -0.198980
  0.648509 0.240249 0.043497 1.629006
  0.477122 0.567270 0.191343 1.017428
  0.531303 0.445889 0.957415 -1.532014
  0.787985 0.773465 -0.279640 2.093201
  0.113450 0.952159 -1.405426 -2.106135
  0.908062 0.274216 -1.584891 -0.311806
  0.569406 0.869307 0.814080 -1.476818
  0.497489 0.416758 0.304114 -0.769559
  0.229863 0.822091 -0.624350 -0.757924
  0.525775 0.301999 -1.342573 0.271974
  0.864630 0.779117 0.469926 2.128764
  0.772955 0.809094 -0.470852 -1.114777
  0.824430 0.133225 0.472747 1.580991
  0.632105 0.958511 -0.008245 -0.037092
  0.509291 0.200239 -2.253639 -0.674098
  0.717988 0.056890 -1.125903 0.300163
  0.674522 0.076867 -0.572963 -1.226671
  0.960350 0.004392 -0.703254 0.113094
  0.280738 0.498752 -0.524643 1.420437
  0.654580 0.244063 0.413921 1.046948
  0.292556 0.514564 -1.309892 -1.188671
  0.158669 0.560099 0.242743 0.270636
  0.786986 0.505652 -0.248026 -1.194896
  0.141961 0.704260 0.758194 0.225766
  0.173028 0.320186 -0.959057 -0.026791
  0.138759 0.506236 -0.758186 -0.047391
  0.378662 0.612268 0.289880 -0.479834
  0.385317 0.995394 0.301760 0.810563
  0.524654 0.755818 0.620891 1.366799
  0.199913 0.911170 0.329317 -0.239595
  0.636690 0.556360 -0.957274 -0.235279
  0.699954 0.159676 -0.806390 0.681940
  0.564134 0.718548 0.808621 -0.125875
  0.319720 0.210707 -0.743390 0.274038
  0.406486 0.859617 1.594557 -0.251492
  0.711838 0.492528 -0.089893 0.716441
  0.820123 0.456760 0.042631 0.800592
  0.296063 0.895056 -0.899149 -0.838582
  0.255666 0.614241 -0.763605 -0.343593
  0.306781 0.880427 0.479327 -0.806615
  0.268428 0.486351 1.252098 1.590264
  0.181881 0.881960 2.205684 -1.025183
  0.309724 0.977384 0.549465 1.182943
  0.789212 0.420200 -0.249769 0.911502
  0.695182 0.017069 -0.730140 -0.251022
  0.519915 0.086594 1.210909 -0.151009
  0.794571 0.690587 0.253240 0.659134
  0.000257 0.935927 -0.886234 1.472057
  0.771998 0.814711 -0.122276 -0.461466
  0.378763 0.400179 -0.928683 -0.210048
  0.510021 0.258668 0.212462 0.902894
  0.264414 0.493501 0.951189 0.434225
  0.564108 0.031296 -0.569976 0.650747
  0.663566 0.114595 0.580547 0.729429
  0.559674 0.459263 -0.724562 1.182497
  0.325251 0.993781 -2.172792 0.643525
  0.436810 0.751532 0.787854 -0.315685
  0.370899 0.067623 1.083212 1.102094
  0.342338 0.614046 1.281448 0.383955
  0.534678 0.106302 -0.302519 -1.517228
  0.588280 0.612823 -0.387811 0.742781
  0.566773 0.198294 0.073580 0.826808
  0.260500 0.741541 -0.751861 -1.051393
  0.923531 0.169370 0.197252 -0.375837
  0.129390 0.063099 0.481944 -0.238405
  0.479555 0.441879 0.742641 0.254305
  0.325453 0.624400 0.778566 -0.253561
  0.707187 0.979839 -0.153671 -0.463627
  0.756577 0.430929 0.481655 0.807473
  0.641026 0.336155 -0.383797 -0.092851
  0.191588 0.798618 -0.448477 -0.692389
  0.150169 0.658018 0.903417 -0.049190
  0.624922 0.014676 1.342537 -0.846434
  0.850687 0.831207 -0.560090 0.483615
  0.010005 0.799609 1.311752 0.607210
  0.981207 0.942558 0.938019 0.804768
  0.992584 0.950893 0.230006 -0.296178
  0.504889 0.866116 0.073540 -0.069373
  0.661797 0.406619 1.909858 -2.005212
  0.510761 0.750511 0.311167 1.540317
  0.023765 0.845474 -0.662542 -1.225786
  0.323681 0.634857 0.270416 -1.096162
  0.771325 0.403694 0.787943 0.424270
  0.602792 0.389476 1.215135 -1.594011
  0.808730 0.974530 0.252066 0.075961
  0.405610 0.746433 0.422964 -1.424590
  0.176231 0.436060 -0.244555 -0.403297
  0.639951 0.952208 0.960909 -0.596249
  0.119403 0.604877 1.316102 -1.168099
  0.889660 0.231136 1.565240 -1.027724
  0.963230 0.649248 -0.676581 0.671322
  0.923268 0.801968 -0.436288 1.582453
  0.381199 0.089113 0.463895 -0.409630
  0.810391 0.817802 -1.423782 0.142287
  0.373341 0.096474 -0.608152 -0.101927
  0.453501 0.667665 0.478136 0.036574
  0.506286 0.539065 1.334799 -0.198459
  0.886491 0.143399 -0.736388 -1.263056
  0.794692 0.385067 -0.084327 -0.766212
  0.015826 0.889808 1.200375 1.137592
  0.862927 0.209502 0.817070 0.654113
  0.317984 0.113454 0.180106 0.270356
  0.995933 0.986111 0.721879 1.051132
  0.009225 0.039702 0.904578 -1.009769
  0.145677 0.033272 -0.422494 -0.866678
  0.775006 0.762040 0.292801 2.045581
  0.723453 0.609470 0.475233 -0.138461
  0.799267 0.069462 2.168173 -0.098610
  0.603156 0.895612 -0.991303 0.239568
  0.883106 0.349690 0.506991 1.142063
  0.651723 0.687902 1.456519 -1.128584
  0.866561 0.895622 0.461835 -0.962684
  0.146831 0.859154 1.065890 -0.797640
  0.385722 0.683749 0.361510 0.525897
  0.559685 0.739087 0.521466 0.677465
  0.284055 0.993663 -1.192844 -0.923270
  0.906176 0.320568 1.068792 0.377242
  0.634214 0.245002 0.932146 -1.897921
  0.729802 0.366212 0.968820 0.001020
  0.407705 0.209317 0.607658 -0.035225
  0.816414 0.789170 -1.869606 2.291940
  0.537543 0.093743 1.248037 -1.124027
  0.823687 0.299869 -0.286614 0.214312
  0.294081 0.903263 -0.408062 1.007304
  0.672316 0.650473 -1.501278 -0.106559
  0.130270 0.500979 0.727992 -0.626925
  0.594177 0.873700 -0.996078 -0.590767
  0.257704 0.091411 -1.108629 -0.996326
  0.997653 0.308681 1.230242 0.283800
  0.509834 0.111417 0.603110 -0.494332
  0.329981 0.434277 -0.929846 0.416042
  0.964728 0.581258 -1.054445 0.395439
  0.801283 0.993212 0.185702 0.621719
  0.877665 0.107174 0.472740 -0.837035
  0.183174 0.113621 2.048735 1.377077
  0.291036 0.453986 0.008372 1.426181
  0.575941 0.369602 -0.472700 0.871316
  0.958556 0.520572 0.841384 -1.909921
  0.515794 0.633755 -0.878267 -0.540524
  0.725490 0.797821 1.091413 -2.752057
  0.235307 0.763721 -0.573486 0.625478
  0.838288 0.690215 -0.491800 0.342954
  0.487193 0.164520 -0.669764 1.005056
  0.543857 0.993957 0.304037 0.173163
  0.992026 0.932785 1.373282 0.947858
  0.842179 0.018628 0.521192 0.742278
  0.814669 0.373203 -0.853026 0.711009
  0.408894 0.313904 -0.169989 0.505346
  0.514223 0.334878 -0.003555 0.925424
  0.996803 0.621996 1.435688 -1.558973
  0.054886 0.242559 0.444760 1.161187
  0.339981 0.945973 0.014591 -0.507579
  0.413437 0.289839 0.911757 -0.633634
  0.769501 0.829601 0.160929 0.984124
  0.533270 0.423839 1.734219 1.063097
  0.424058 0.177056 0.170871 -0.813412
  0.371397 0.583860 -1.603583 0.120380
  0.185896 0.910530 0.169822 -1.366150
  0.232005 0.941838 -0.628409 -0.171068
  0.125003 0.442523 0.763933 0.963718
  0.742755 0.992206 -0.685508 1.993156
  0.913552 0.827024 0.791616 -0.973252
  0.175255 0.691007 -1.541582 1.069647
  0.072512 0.042363 2.432878 1.396559
  0.306423 0.516412 -0.679341 -0.206773
  0.741719 0.078841 -0.181349 -1.743321
  0.056390 0.341974 0.338513 -0.658555
  0.967451 0.031976 -0.109550 0.411105
  0.106741 0.318498 -1.099779 -0.343329
  0.188316 0.601608 0.679329 1.761894
  0.694428 0.641449 -0.781463 1.063822
  0.371216 0.088914 1.124782 1.121582
  0.076299 0.660021 -0.308580 -0.566501
  0.715546 0.322968 0.411427 1.508456
  0.676084 0.855985 1.777061 0.828997
  0.344008 0.588027 -0.734001 -0.332660
  0.404753 0.792801 -1.424965 1.298761
  0.083656 0.228739 -0.103502 0.533050
  0.805193 0.579721 -0.978766 -0.081466
  0.845406 0.881565 -0.864694 0.245986
  0.187256 0.887126 1.882962 -0.068259
  0.460258 0.080152 0.161868 1.574261
  0.351171 0.419014 0.850535 -0.025888
  0.418194 0.918655 2.454423 0.667679
  0.058730 0.178999 0.556691 -1.936731
  0.925860 0.856869 0.486910 -0.801979
  0.004686 0.308714 0.092816 -1.109249
  0.464365 0.303619 2.164778 -0.778558
  0.671433 0.864915 0.552256 -1.667228
  0.517772 0.670342 0.248382 0.093744
  0.782848 0.727264 1.114621 -1.139319
  0.666180 0.295868 -2.336322 0.110045
  0.840711 0.559437 -0.854615 -1.235566
  0.356452 0.370132 2.041823 0.263186
  0.743753 0.521965 0.586730 -0.485265
  0.508397 0.836832 1.286719 2.155030
  0.163969 0.375181 -1.227403 1.568555
  0.552108 0.036387 0.814730 0.379064
  0.199450 0.975712 1.030161 -0.228211
  0.478813 0.561672 0.332255 -1.309583
  0.924072 0.202612 -0.489595 0.376337
  0.383460 0.692798 -0.671069 0.066039
  0.416234 0.707802 -0.133114 -0.959986
  0.702052 0.705736 0.178631 -1.828643
  0.109608 0.561871 -0.749901 -0.928644
  0.378719 0.200118 0.661541 -0.748066
  0.671238 0.310206 -1.285299 -0.144841
  0.240667 0.192636 0.414818 -0.118563
  0.130506 0.339158 -0.705094 0.814438
  0.811026 0.872772 0.004735 0.692968
  0.470252 0.553253 0.954089 0.691450
  0.443084 0.403793 0.936176 -1.066404
  0.607438 0.381366 0.400036 1.240924
  0.457523 0.087478 -1.517680 0.111197
  0.044349 0.491099 -1.468018 -0.202373
  0.035096 0.097846 1.308634 0.046780
  0.592629 0.539977 -0.299729 -1.213851
  0.567534 0.609927 0.479972 0.004636
  0.931643 0.320825 -1.101588 1.540901
  0.412153 0.189650 0.442181 0.151565
  0.195483 0.842025 0.482812 0.066189
  0.814237 0.790156 0.256587 0.377737
  0.301061 0.616106 0.683193 0.137117
  0.983017 0.107665 -0.921610 0.277125
  0.096053 0.541417 1.129382 0.670549
  0.537290 0.206815 -1.208588 0.284263
  0.190276 0.850144 -2.019092 0.941256
  0.215262 0.603449 1.047193 -1.389453
  0.195017 0.591912 -0.615274 0.129468
  0.599934 0.922590 -1.040634 -1.435939
  0.451049 0.753154 0.233436 2.053568
  0.456797 0.968085 -0.582149 0.061137
  0.694997 0.261405 0.335212 -0.401886
  0.305638 0.323725 -1.091241 -1.505075
  0.206151 0.407462 0.532318 0.619301
  0.623408 0.924626 1.110480 -0.516040
  0.970766 0.630701 0.176935 -0.285703
  0.851222 0.229153 -1.084534 -1.482735
  0.848442 0.651117 -0.979537 1.273650
  0.564968 0.996403 0.915163 -0.475409
  0.039538 0.337066 -1.358475 0.226509
  0.362806 0.041139 0.472003 -1.105860
  0.749538 0.300500 -0.586331 0.294590
  0.887750 0.564054 -0.347518 0.580405
  0.316053 0.414600 1.676953 -0.039495
  0.789171 0.003220 1.163501 1.052149
  0.973733 0.706373 1.048824 -1.311282
  0.611386 0.849761 0.117879 -0.750161
  0.481832 0.902669 0.086630 -0.498213
  0.848558 0.698639 -1.395189 0.131033
  0.710120 0.762469 -0.288263 1.303549
  0.683885 0.148989 -0.334544 0.785521
  0.068251 0.478495 0.346814 -0.749493
  0.698959 0.329586 -0.104251 -1.027278
  0.783123 0.202948 -0.694963 -0.420384
  0.430950 0.422150 -1.487803 0.098373
  0.549608 0.065227 -0.008232 0.566448
  0.133092 0.535347 0.120587 0.407835
  0.312553 0.512825 -0.088778 2.006875
  0.067514 0.164208 0.129515 -1.629879
  0.887153 0.954558 -0.427772 0.015915
  0.758848 0.188462 0.325411 0.273130
  0.061902 0.461442 0.751934 -0.234172
  0.855074 0.247582 -1.799921 -1.774481
  0.566964 0.140098 0.049507 -1.496586
  0.415553 0.525613 0.070001 -0.167791
  0.074181 0.264160 0.798093 -1.023898
  0.527565 0.275208 0.802512 0.131467
  0.954780 0.942612 0.149291 -1.052281
  0.536029 0.680806 -1.570052 -1.435370
  0.710805 0.430390 -0.540551 1.310915
  0.590602 0.187965 1.869474 0.461599
  0.362948 0.256361 0.029788 0.752275
  0.188575 0.416630 -1.976225 -0.596692
  0.827757 0.693583 1.406935 0.741705
  0.246100 0.292584 0.548336 -1.327320
  0.506447 0.335160 -0.452394 0.009585
  0.668925 0.256669 -1.982428 -1.126561
  0.689833 0.915241 1.097627 -0.609799
  0.284344 0.449627 -0.565085 -0.747036
  0.010862 0.760254 -1.072496 0.004007
  0.651128 0.123783 1.031898 -1.814405
  0.363051 0.875138 0.925552 0.718565
  0.837424 0.967962 0.521456 0.457152
  0.180730 0.651808 -0.378138 -0.844065
  0.086205 0.295352 0.396898 0.622509
  0.565168 0.606960 -0.752555 -0.507856
  0.336579 0.388274 0.316276 -0.666111
  0.217992 0.946886 -1.803634 1.109739
  0.746515 0.311518 1.139041 -1.356985
  0.336778 0.847038 -0.896206 0.270568
  0.393926 0.081721 -1.258560 0.639347
  0.895343 0.627858 0.165040 -2.381412
  0.129037 0.783804 1.476091 -0.458507
  0.489925 0.601355 1.288447 -0.271228
  0.503244 0.949113 -1.505649 0.514582
  0.805665 0.014611 0.284869 -0.698510
  0.077742 0.979055 0.757493 2.216110
  0.066250 0.562298 1.425375 -1.055969
  0.054207 0.186271 0.316730 -0.161909
  0.792371 0.951103 0.267476 2.330684
  0.425039 0.097692 -1.345903 -0.023323
  0.621114 0.162397 -0.195161 1.706072
  0.402649 0.417898 0.078464 -1.215361
  0.635594 0.792492 -1.602616 0.430151
  0.795626 0.595951 -0.063377 0.279777
  0.409969 0.354485 -1.006792 -0.932578
  0.301081 0.356118 -1.187873 0.088755
  0.593160 0.916022 2.508734 0.333474
  0.409066 0.463826 -0.790506 0.789529
  0.648228 0.004994 -0.516498 0.297719
  0.446476 0.017524 0.305890 1.175447
  0.159040 0.386398 0.436623 0.522280
  0.821285 0.504531 0.301189 0.149649
  0.415275 0.743789 -0.509088 -0.726227
  0.797138 0.864260 -0.989717 -0.260697
  0.556883 0.706508 1.036211 -0.478599
  0.484166 0.595108 2.972912 -0.392310
  0.295895 0.383465 -1.260414 0.390728
  0.170366 0.633191 -0.280791 1.101620
  0.480334 0.347194 -0.142159 0.052246
  0.177081 0.499196 -0.579043 -0.678657
  0.673964 0.703195 -1.327134 1.255241
  0.963809 0.686497 1.219774 -0.243275
  0.804557 0.055212 -0.070002 0.901443
  0.394326 0.148287 0.783190 0.120525
  0.742914 0.208986 0.343806 0.732274
  0.766339 0.235592 0.346915 -0.808147
  0.211599 0.428892 -0.985021 0.943801
  0.052140 0.214063 1.138931 -1.777849
  0.588488 0.745777 -1.270736 -0.072337
  0.946274 0.416398 -0.373083 0.358098
  0.405629 0.100280 1.095379 -1.018247
  0.300279 0.649535 0.647319 -1.405967
  0.692584 0.337890 -0.269272 1.079816
  0.216941 0.380363 -1.089264 -0.631334
  0.497914 0.683237 1.645972 -0.042770
  0.752699 0.925999 0.766196 -1.372668
  0.702543 0.272046 0.919483 -0.592606
  0.279187 0.079167 -0.157437 0.202402
  0.972900 0.783292 -0.398040 1.717229
  0.768212 0.587868 0.589895 -0.265781
  0.244128 0.885040 0.480650 -0.064618
  0.855751 0.036300 1.541401 1.203037
  0.333751 0.740518 -0.810549 1.373710
  0.767589 0.174791 0.368128 0.532825
  0.505916 0.684025 -1.403053 -0.062127
  0.282467 0.695960 -1.789698 1.435369
  0.549726 0.139461 -0.317663 -0.846920
  0.385991 0.509087 0.684604 0.665993
  0.403688 0.185055 2.126480 0.034268
  0.478362 0.029966 -0.769914 1.611041
  0.055637 0.842430 0.185844 -1.691511
  0.962975 0.528659 0.016460 0.604162
  0.077059 0.390230 1.725629 0.444693
  0.649245 0.617462 -1.615724 0.824370
  0.780184 0.649889 -0.632081 -0.517481
  0.057520 0.092894 -1.268777 -0.540733
  0.890333 0.776875 -0.790884 0.319477
  0.179372 0.599583 0.907151 -0.605736
  0.538059 0.775970 -0.179845 0.426158
  0.839599 0.623326 0.325401 2.793074
  0.233487 0.293062 -0.022352 -0.622433
  0.540279 0.568477 -0.125260 -0.948255
  0.819026 0.045167 0.788939 0.867689
  0.414020 0.123167 -0.702701 -2.029330
  0.710562 0.462965 -0.380912 0.045453
  0.925415 0.831502 0.515913 0.015853
  0.074740 0.981869 0.386764 0.020318
  0.997714 0.527024 0.728175 0.452223
  0.507976 0.267132 0.242616 0.317268
  0.286492 0.611170 0.669165 -1.422248
  0.776231 0.385013 0.544039 0.229279
  0.453305 0.685346 0.954211 -0.271316
  0.843220 0.123052 0.318043 -0.332586
  0.839202 0.377918 0.402394 0.967114
  0.546835 0.279376 -0.242786 -0.990281
  0.987057 0.666836 1.237289 -0.295343
  0.118030 0.514702 0.896302 0.478605
  0.801327 0.481516 0.121718 -1.023787
  0.906739 0.768654 0.019643 -0.528422
  0.963941 0.553276 0.539233 0.225660
  0.290502 0.540401 -0.409078 1.366066
  0.530638 0.101106 0.372651 0.499559
  0.971778 0.001369 -0.005224 0.480487
  0.809043 0.952751 -1.071035 1.127105
  0.045005 0.175098 -0.972972 0.365334
  0.063457 0.518366 -0.394043 -1.206533
  0.627520 0.422491 0.293719 -0.996270
  0.201268 0.239657 -0.027862 -0.831952
  0.714166 0.381411 0.128469 -0.400483
  0.414206 0.457100 0.006546 0.861807
  0.113643 0.907653 -0.868154 -1.304518
  0.709094 0.811200 0.154316 -0.121972
  0.230256 0.193734 1.734759 0.168263
  0.881360 0.037708 0.419709 -1.831205
  0.369555 0.084654 -0.326184 0.912374
  0.770345 0.951400 0.167315 -0.466728
  0.448818 0.320294 -0.446488 0.018791
  0.130559 0.181727 -0.955360 -1.093709
  0.069368 0.897242 -0.433701 0.069449
  0.522735 0.018150 0.089669 0.003435
  0.440326 0.742899 1.199149 1.280007
  0.408932 0.110470 -0.870659 -0.032663
  0.021080 0.846884 -0.567258 0.182356
  0.922711 0.916800 0.729904 -0.002819
  0.758102 0.633516 0.880816 -2.356156
  0.182887 0.388872 0.040521 -0.697046
  0.643904 0.107326 1.247589 -2.686761
  0.078858 0.042977 0.389934 0.312985
  0.690526 0.657397 0.193885 0.570420
  0.953701 0.526617 1.547544 -2.016029
  0.977040 0.748796 0.558178 -1.211652
  0.634779 0.798307 -1.554040 -1.226312
  0.005821 0.443084 0.754387 1.229049
  0.781636 0.363536 -0.138735 2.573122
  0.112546 0.715393 -0.484650 -0.788187
  0.774032 0.534928 -1.168656 0.145680
  0.873057 0.839177 1.219879 0.646194
  0.345542 0.622886 0.946436 0.245540
  0.342775 0.167201 -2.146591 1.364868
  0.218721 0.381966 -0.721677 1.501234
  0.567500 0.679947 -0.334145 1.414921
  0.226406 0.258915 0.372422 -1.621336
  0.375330 0.346491 0.120964 -0.480586
  0.581284 0.120382 0.022794 0.029932
  0.107038 0.376655 1.278357 -0.185349
  0.327386 0.105035 1.002122 0.594912
  0.466650 0.865713 0.373411 -0.345869
  0.099328 0.758097 -0.580434 0.593643
  0.536457 0.273964 -0.780734 3.523849
  0.201663 0.453420 0.660069 -0.598585
  0.498621 0.337663 0.305199 0.699635
  0.968387 0.100879 1.512369 -0.449555
  0.378576 0.463514 0.482811 -1.460825
  0.745229 0.518955 0.794256 -0.465320
  0.455875 0.399491 -0.135519 0.242318
  0.277139 0.578134 -0.847930 -1.030180
  0.679130 0.196126 0.409405 0.082079
  0.611804 0.731936 -0.392087 -0.945519
  0.677396 0.417018 0.045180 0.020966
  0.806747 0.606376 -1.414712 0.290204
  0.137925 0.845872 0.511310 -0.508250
  0.859757 0.627412 1.138719 0.727773
  0.246362 0.203845 -0.734564 0.060626
  0.021515 0.230120 -1.150915 1.450256
  0.883094 0.008462 -0.439967 1.993792
  0.643362 0.560780 -1.692410 -0.421933
  0.187612 0.091713 -0.979799 -0.033218
  0.060239 0.714233 -0.695635 -0.742592
  0.491389 0.798866 -1.803453 1.258038
  0.891667 0.919637 -0.800177 1.728459
  0.009273 0.557819 0.132796 0.108136
  0.780447 0.763008 -0.375456 2.079488
  0.267495 0.504425 0.548135 -1.052294
  0.734984 0.894230 0.643734 -1.396300
  0.547438 0.352023 1.076238 -1.689936
  0.223716 0.019115 0.860775 -0.136384
  0.442165 0.644888 0.351500 0.850534
  0.561695 0.268542 0.387615 0.713509
  0.270618 0.712953 -1.637235 -0.518783
  0.065262 0.630845 1.534562 -1.037823
  0.339238 0.294240 -0.131062 0.812624
  0.677726 0.949285 0.918354 -0.222006
  0.673387 0.417051 0.545983 0.142093
  0.394627 0.973270 0.697406 1.212012
  0.200458 0.238763 2.069645 1.112450
  0.608859 0.026709 -0.455433 0.624376
  0.893556 0.724367 1.657513 1.051047
  0.087932 0.807759 -0.219846 1.243829
  0.808967 0.912373 -1.250007 -1.409948
  0.171756 0.525617 -1.710662 -1.246446
  0.895578 0.122453 0.626670 -0.162716
  0.699806 0.576160 -0.504452 0.343787
  0.967233 0.635864 -0.308254 0.391626
  0.468076 0.338725 -0.339025 0.402577
  0.828650 0.338038 -0.073104 -2.037838
  0.292451 0.796817 -1.392916 -0.775847
  0.222272 0.597549 1.099645 -0.233018
  0.579616 0.425610 1.385771 0.895915
  0.718440 0.399827 -0.634631 -1.796652
  0.019222 0.168940 -2.400204 0.562776
  0.520190 0.102574 -0.918564 -0.125273
  0.647430 0.127407 -0.583616 -1.230847
  0.871493 0.048471 0.380576 1.386232
  0.069294 0.507925 1.139750 0.528132
  0.977701 0.330971 -1.746440 0.623192
  0.004707 0.034329 -1.177350 0.592790
  0.546284 0.127816 -1.073458 0.645171
  0.876612 0.937411 1.160183 -0.118463
  0.174253 0.458511 -1.137121 -0.977701
  0.469242 0.598397 0.327449 0.794573
  0.364691 0.698185 -0.877511 -0.392450
  0.929093 0.453589 -0.733173 -0.368733
  0.783675 0.336522 -0.032573 1.028887
  0.753709 0.228090 -0.269673 1.978597
  0.563394 0.917090 -0.818272 0.628834
  0.686532 0.308002 -0.309467 0.697516
  0.844447 0.379300 -0.111035 -0.341742
  0.706931 0.601066 -0.560167 -0.271720
  0.921925 0.976801 0.123554 0.377568
  0.244210 0.654507 1.062247 0.065313
  0.694084 0.920035 -0.848051 0.274330
  0.036614 0.207610 -0.725009 1.345167
  0.179547 0.141131 -0.469297 1.837889
  0.388171 0.502535 -0.300057 -1.546961
  0.311124 0.247367 1.830805 -0.541972
  0.522494 0.006018 0.382749 0.627660
  0.760623 0.128260 0.177474 0.565656
  0.792286 0.374449 1.149162 -1.875725
  0.369804 0.234589 0.728183 -1.461126
  0.513522 0.178075 -0.285045 -1.485745
  0.168811 0.430934 -0.496078 0.299058
  0.834467 0.677790 0.171415 1.000059
  0.841829 0.594461 -0.282018 0.350428
  0.312516 0.897197 -2.038051 -0.414969
  0.487696 0.042369 0.479916 -0.905220
  0.347552 0.076624 -0.250598 0.587914
  0.911354 0.651891 -0.370590 -0.302872
  0.041508 0.063640 -0.947183 -0.452062
  0.575005 0.079971 -1.667417 1.324866
  0.603851 0.827979 0.041454 1.303720
  0.197783 0.214599 -0.341926 -1.754730
  0.859989 0.280130 -0.065952 2.000458
  0.187670 0.529988 -0.015217 -1.586104
  0.696211 0.532736 0.865217 -0.910538
  0.435037 0.307308 1.685499 -0.956608
  0.169328 0.303606 -0.773192 1.778926
  0.531317 0.992848 -1.673926 1.866464
  0.533853 0.540506 1.075523 -0.433019
  0.449701 0.584935 0.625172 2.164625
  0.749021 0.261552 0.243077 -1.051218
  0.860433 0.369142 -0.334373 -0.220609
  0.361377 0.581682 0.950605 -0.375564
  0.799333 0.889625 1.971456 -0.375186
  0.172450 0.788986 2.302364 -1.196605
  0.155002 0.460522 -1.170281 -0.216940
  0.552715 0.019115 1.033992 1.383078
  0.729244 0.127356 0.367684 -1.942914
  0.190619 0.013844 0.614839 0.353490
  0.909036 0.220865 -1.078901 0.681806
  0.853590 0.673992 0.351958 0.174067
  0.997818 0.534342 1.015968 -0.546145
  0.039982 0.622938 -0.259309 0.297965
  0.195052 0.680040 -0.813547 0.934516
  0.891990 0.708008 1.180357 0.384784
  0.960835 0.372122 0.160145 0.309673
  0.993252 0.941071 0.078162 -0.243466
  0.443485 0.095284 0.976056 -0.728831
  0.187583 0.382480 -0.794001 -0.257930
  0.644348 0.657196 0.687266 0.214586
  0.343525 0.267776 0.978684 0.112944
  0.295942 0.338576 1.301025 0.631980
  0.630362 0.726002 -0.372319 -0.124888
  0.322228 0.564779 0.515178 -1.175084
  0.890115 0.142852 1.247658 0.312960
  0.960903 0.056007 1.490354 -0.474932
  0.429118 0.619751 0.262672 0.808459
  0.905146 0.175612 -0.697819 0.654472
  0.977794 0.967282 0.166588 0.626882
  0.476449 0.703586 -0.147581 -0.469844
  0.763666 0.263952 1.504729 0.931411
  0.530462 0.002296 -0.543207 1.884634
  0.093983 0.526737 0.295178 -2.509505
  0.118880 0.314635 -0.890457 0.410601
  0.294210 0.118595 -1.693975 -0.895792
  0.110474 0.843012 0.572693 1.964475
  0.182582 0.032717 -1.549467 0.773596
  0.837450 0.588752 -1.330971 -1.042636
  0.301245 0.005883 -1.221928 -0.605283
  0.564239 0.678413 0.938036 -0.638778
  0.417550 0.177715 0.243663 0.450387
  0.921321 0.357688 -0.023519 1.979617
  0.870053 0.924696 -1.022713 -1.929061
  0.397197 0.769913 1.354262 -0.682077
  0.180155 0.171547 -0.390507 -0.539335
  0.857913 0.692718 -1.101788 0.600262
  0.789531 0.209061 -0.687143 -0.483951
  0.335037 0.237993 1.046377 0.340504
  0.153067 0.976734 0.141822 0.751340
  0.222861 0.774031 0.266783 0.824209
  0.396664 0.260082 0.924557 -0.280903
  0.874211 0.846253 0.708727 0.982953
  0.433904 0.357618 0.539710 0.109790
  0.141120 0.029469 -0.329954 0.346009
  0.559341 0.534057 1.100942 0.871615
  0.390801 0.722773 -0.866996 0.413902
  0.447260 0.664013 -2.090461 -0.585723
  0.538914 0.998312 0.720121 0.876408
  0.218816 0.802043 -1.738822 -1.560236
  0.832319 0.378506 0.509696 -0.168978
  0.375723 0.667369 -1.124055 -0.222741
  0.986270 0.430984 -1.648513 -1.245829
  0.911576 0.222808 0.299951 -0.453651
  0.094959 0.275638 -1.178067 -0.446948
  0.363625 0.054878 0.195218 -2.150501
  0.335077 0.028038 0.541776 -1.420616
  0.908293 0.431715 1.812265 0.508125
  0.207338 0.823440 -2.369917 0.003269
  0.691099 0.358859 -1.429048 0.861302
  0.170733 0.200385 -1.191075 -0.978550
  0.134667 0.854077 -1.658971 -0.297245
  0.847314 0.304108 -0.359490 1.274324
  0.203006 0.483991 -0.630402 -1.612001
  0.710531 0.804271 0.466099 -0.843674
  0.384181 0.680072 -1.024829 -0.100955
  0.344524 0.669703 2.817459 -0.130198
  0.241204 0.361128 0.828868 1.043081
  0.012558 0.014764 0.327281 0.345575
  0.278478 0.830973 0.585980 0.427757
  0.083458 0.940731 0.953960 -1.155962
  0.905092 0.487092 -0.197966 -0.168841
  0.199652 0.903208 0.714906 -1.153764
  0.591291 0.126895 1.279088 0.826077
  0.785181 0.472854 -1.601094 -0.941823
  0.930823 0.772033 -0.495223 0.339234
  0.006812 0.811204 -0.092448 -0.447956
  0.641584 0.292399 1.567900 1.261995
  0.084816 0.123276 0.171713 0.002912
  0.075345 0.200160 0.027344 0.605176
  0.005089 0.595672 -0.132401 0.135510
  0.211015 0.966574 -0.161882 1.571197
  0.179206 0.893154 -0.836828 0.670754
  0.274359 0.933219 0.847687 -1.634324
  0.951287 0.179883 -0.711631 3.047081
  0.316837 0.414839 -1.060515 -0.553105
  0.280914 0.193795 0.477944 0.113475
  0.603919 0.570398 -2.314294 -1.000599
  0.343701 0.013454 1.517332 -0.118293
  0.858941 0.830829 -0.481958 -0.976501
  0.549516 0.971728 -0.775457 0.597718
  0.338585 0.140236 -0.767476 1.122730
  0.200736 0.028227 0.005865 -0.422878
  0.052548 0.046591 0.959323 1.191546
  0.275495 0.110866 -0.711495 1.431703
  0.874748 0.550198 -0.264141 0.971960
  0.560811 0.952239 -0.587107 0.005403
  0.543737 0.995705 1.130793 -0.747114
  0.346043 0.374866 -0.565584 -0.479476
  0.903058 0.084730 0.310141 2.961928
  0.961013 0.605467 -0.639670 0.476329
  0.298007 0.166334 0.467304 -0.060313
  0.957539 0.312658 0.023560 -0.673770
  0.815045 0.891682 -0.231166 -0.095249
  0.474366 0.794763 -0.550411 0.825780
  0.562963 0.948172 0.275017 -0.288562
  0.194580 0.245727 0.082650 0.334152
  0.532098 0.931519 1.545129 0.431707
  0.066188 0.788877 0.983119 1.229032
  0.302807 0.381187 0.263853 -1.408685
  0.052252 0.373782 -0.162551 0.616657
  0.572650 0.847928 0.423052 0.967900
  0.926738 0.800792 0.441680 -0.773876
  0.885368 0.256917 -0.752866 -1.463384
  0.063767 0.369445 1.515735 0.733210
  0.537689 0.151457 -0.448524 -0.522170
  0.205330 0.994925 0.765499 1.131376
  0.271662 0.622651 1.731378 0.578889
  0.576936 0.359500 -0.959836 0.323430
  0.233155 0.601921 -0.714476 0.251221
  0.511645 0.960692 0.366467 -0.372460
  0.976364 0.416558 1.603752 -1.205138
  0.035010 0.326022 1.315847 -0.593917
  0.070450 0.601328 -0.427080 -0.194937
  0.732474 0.199114 -0.128965 0.337900
  0.009876 0.114079 0.539635 -0.120915
  0.162264 0.181254 0.032810 -1.602667
  0.948811 0.434282 -0.602377 -0.384315
  0.297922 0.566357 -0.126783 -2.278066
  0.012263 0.332282 1.349933 -0.486867
  0.976353 0.200518 -2.636222 0.061053
  0.358882 0.756949 -1.299210 -1.841958
  0.867911 0.268550 0.726256 -0.046515
  0.771828 0.348193 -0.494102 -0.519986
  0.576222 0.321495 0.518459 -1.856828
  0.802439 0.141281 0.502911 0.968692
  0.524142 0.722912 -0.223169 -0.387553
  0.816561 0.930233 -0.344799 1.509818
  0.531941 0.994645 0.026866 0.139563
  0.870339 0.036266 -1.294497 -0.619424
  0.525879 0.871612 -0.707403 -0.029932
  0.934964 0.361232 0.817030 1.767201
  0.368131 0.301406 0.858153 -0.398797
  0.039356 0.555174 -0.359113 -0.448723
  0.779639 0.783891 0.127410 2.141723
  0.865330 0.049333 -0.167626 -2.790371
  0.572056 0.076518 0.366801 -0.705308
  0.180925 0.604511 -0.426589 -0.727318
  0.589981 0.029081 0.294770 1.080118
  0.473184 0.240536 1.509909 -0.490758
  0.892672 0.876479 0.462699 -0.466072
  0.064417 0.229740 -0.333663 -1.957664
  0.541699 0.627571 0.012080 -1.657307
  0.144007 0.344653 -0.632569 1.879293
  0.954339 0.522445 0.366375 -1.816450
  0.910786 0.675020 -0.611576 -0.272565
  0.299315 0.755305 1.235430 -1.347021
  0.482145 0.844525 0.024670 -0.020241
  0.491381 0.325826 -0.150145 -0.100312
  0.777625 0.045199 -0.255183 2.278126
  0.364837 0.018695 -0.812247 0.909087
  0.829619 0.922812 -1.811734 -2.375000
  0.292040 0.245475 -1.121861 0.536727
  0.380932 0.477429 1.870248 -0.730652
  0.874118 0.636579 1.043465 -0.548474
  0.714586 0.495596 -0.594075 0.515412
  0.325352 0.105304 -1.105197 -0.186292
  0.554598 0.517772 0.396061 -1.317380
  0.871329 0.694838 0.829411 1.225001
  0.481758 0.616367 0.100599 -0.571832
  0.692218 0.226252 1.383190 0.307999
  0.073768 0.978202 0.076635 -0.165910
  0.405130 0.612652 -0.840753 -2.148452
  0.585969 0.870579 0.488571 0.339932
  0.038701 0.990616 1.456130 1.152337
  0.350895 0.537693 1.101537 1.696994
  0.962168 0.721511 0.290960 -2.212914
  0.908553 0.108043 1.322512 -1.033341
  0.316254 0.304891 -0.511713 1.080758
  0.967314 0.159348 -1.833406 0.695096
  0.056807 0.506613 -0.414358 -0.426435
  0.400772 0.947826 0.140323 -0.528459
  0.568865 0.531404 0.385894 -0.081216
  0.259199 0.510859 -0.488136 0.497738
  0.433884 0.936184 -0.241222 0.922332
  0.467435 0.900345 1.398599 1.733104
  0.223731 0.286951 0.005860 2.311723
  0.475043 0.213283 -1.752223 -0.736932
  0.183433 0.529621 -1.025828 -1.453864
  0.625809 0.559228 -0.114353 -0.979086
  0.437823 0.745139 0.428754 -0.281407
  0.884519 0.126833 -0.972513 -0.144125
  0.062719 0.211902 -0.822657 -1.261442
  0.991504 0.011787 0.284947 -0.540188
  0.475282 0.783527 -0.657325 1.602633
  0.344322 0.190071 -1.821350 -0.134492
  0.701591 0.871971 -2.095057 -0.707578
  0.935307 0.006753 0.425134 -0.458208
  0.143938 0.529114 0.731896 -0.113353
  0.444924 0.225294 0.113741 0.245935
  0.389371 0.026481 0.565575 0.319466
  0.963982 0.531129 0.437914 -0.142651
  0.426355 0.102599 -0.999067 2.151773
  0.378363 0.745500 2.078610 -0.924734
  0.354312 0.325806 -1.763260 0.094028
  0.800195 0.183619 -0.629097 -1.162546
  0.074691 0.929823 0.461804 0.667529
  0.390850 0.400001 -0.172575 -0.502309
  0.057153 0.626000 -0.106375 -0.741905
  0.545053 0.495360 0.172215 0.969646
  0.563907 0.335958 0.218870 1.063172
  0.622319 0.755168 -0.579260 1.028483
  0.686595 0.653326 -0.501303 1.760078
  0.486365 0.809209 0.762587 0.052210
  0.137366 0.743039 0.263399 1.232549
  0.976792 0.896052 -0.672439 -0.631853
  0.516851 0.464754 0.951519 -0.466867
  0.309460 0.773949 -1.705422 0.484175
  0.652453 0.574807 -0.658083 -0.975168
  0.842453 0.479432 0.484618 0.742364
  0.731056 0.605526 -2.086644 -0.520631
  0.165688 0.787314 -0.038370 -1.054213
  0.781783 0.289556 0.231843 -0.136686
  0.041756 0.291913 0.673270 -0.709278
  0.077112 0.589250 -0.247477 0.316194
  0.217801 0.032702 1.579391 -0.028249
  0.835062 0.585661 1.753731 -2.175715
  0.508424 0.395688 -0.583874 -0.270577
  0.107603 0.422209 -0.197870 -1.509332
  0.209201 0.150284 0.867182 0.095827
  0.635270 0.007472 0.847101 -1.530210
  0.941570 0.903610 0.641225 -1.262735
  0.340878 0.281481 -0.174342 -0.954263
  0.918087 0.785417 -0.552254 1.828513
  0.353126 0.556580 0.891311 -1.365221
  0.486060 0.915367 -0.164059 -0.937983
  0.287284 0.864424 0.451655 -0.734827
  0.541064 0.490468 1.332588 0.477014
  0.894598 0.434167 0.694004 -0.821388
  0.240508 0.117388 0.486966 -0.231981
  0.411149 0.341745 -0.519402 -0.589900
  0.091038 0.228150 0.257025 0.854252
  0.180940 0.632632 -0.255586 -0.405348
  0.212928 0.868135 -1.399216 0.946874
  0.655061 0.424397 -0.084297 0.377195
  0.229387 0.346176 -0.986178 -0.596099
  0.285578 0.651043 -0.097755 -0.290739
  0.609638 0.419564 0.145743 1.078381
  0.875274 0.646471 0.350833 -1.010922
  0.518154 0.847159 1.413081 0.139896
  0.844982 0.129037 0.355041 0.325444
  0.933554 0.087115 -0.060708 0.479373
  0.507914 0.493341 -0.475315 0.213799
  0.983979 0.903090 -0.458284 -3.609306
  0.534093 0.367398 -0.298718 0.926392
  0.456678 0.003057 0.611308 -0.955765
  0.446900 0.625561 -0.852886 -0.616370
  0.227258 0.833589 -0.574530 -1.107147
  0.572846 0.361833 -0.694819 -0.232541
  0.437713 0.733508 1.798578 -0.757609
  0.652263 0.837493 1.596691 1.687417
  0.158361 0.737323 0.246539 -0.632639
  0.055962 0.004806 -1.238351 0.659860
  0.869323 0.132236 1.240961 -1.016564
  0.105628 0.716217 -1.156503 -0.590328
  0.745232 0.571459 -0.884486 -1.199294
  0.948147 0.763980 -1.043448 0.009000
  0.429492 0.990489 0.142237 -0.452907
  0.696615 0.681425 0.000906 -1.926424
  0.768847 0.722712 -1.601430 0.911891
  0.041406 0.632231 0.207855 0.038349
  0.065963 0.781164 0.867958 1.115467
  0.347055 0.440647 0.254215 1.595859
  0.961535 0.702648 1.202657 1.308066
  0.184736 0.382835 1.741759 -1.012470
  0.096587 0.634952 -1.361467 1.448620
  0.203912 0.863769 -2.305627 -0.477173
  0.475303 0.197213 -1.382873 0.305854
  0.321061 0.898111 0.071882 1.491857
  0.108516 0.695084 1.788756 2.233781
  0.279501 0.001269 -0.806438 1.022262
  0.376451 0.356711 0.727359 0.239368
  0.077201 0.376586 -0.238022 0.275730
  0.089922 0.198709 -0.365982 1.197792
  0.042178 0.767080 -0.018685 -0.043202
  0.816753 0.276487 -2.096321 1.540691
  0.998567 0.212313 -2.192574 -0.588370
  0.463352 0.670066 -0.130043 -0.455497
  0.747253 0.004135 0.470156 0.324545
  0.557304 0.120013 2.530128 -0.431044
  0.045162 0.107410 -0.799806 -0.857012
  0.699174 0.221181 2.449674 -0.139486
  0.911376 0.715428 -0.509040 -0.326702
  0.081749 0.904646 -0.678473 -0.352096
  0.412610 0.297359 -1.051577 1.205236
  0.128262 0.273855 -0.491775 0.097419
  0.639491 0.936126 -0.320676 0.018419
  0.282495 0.127832 -0.367927 0.171617
  0.848474 0.655283 0.353257 -0.677592
  0.615152 0.566109 1.106946 1.360634
  0.395191 0.677535 -1.390349 -0.374982
  0.204221 0.302023 -0.040480 -0.048187
  0.808073 0.256934 1.440687 -0.449812
  0.229975 0.103846 -1.637445 -0.011013
  0.349312 0.604747 -1.183363 -0.038397
  0.831114 0.471153 -2.008896 -0.534713
  0.023097 0.036073 -1.567486 -1.351966
  0.719055 0.113738 0.594190 -0.620150
  0.877359 0.327114 0.191796 0.131959
  0.797681 0.774002 -0.449910 -0.070934
  0.475004 0.809385 0.182681 1.246567
  0.761729 0.322884 -0.774200 -0.850358
  0.865301 0.343312 -1.957826 -1.506497
  0.638808 0.521855 -1.277808 0.578017
  0.117296 0.540725 1.275807 -0.033448
  0.828042 0.564464 0.974072 2.512033
  0.198922 0.483373 -0.727954 1.068354
  0.127683 0.610809 -1.044904 -0.763950
  0.378392 0.448833 -0.354464 -1.367357
  0.952040 0.299780 1.571392 -1.158671
  0.946159 0.315116 0.294505 -1.279391
  0.338972 0.187087 -0.630850 -1.315710
  0.818217 0.398437 -2.378796 -2.149095
  0.294779 0.885015 0.693891 -1.885572
  0.194350 0.307091 -0.724061 0.160124
  0.840457 0.010606 0.065483 -1.480961
  0.651078 0.109331 -0.883761 0.240734
  0.869209 0.892696 0.823143 -0.619875
  0.405025 0.509205 -0.320726 -0.871222
  0.620138 0.875018 1.639084 -1.222416
  0.160975 0.547947 0.575391 1.149303
  0.415409 0.804113 -0.918688 1.018718
  0.109032 0.898981 0.784268 0.583578
  0.510615 0.854200 0.485889 1.061315
  0.009142 0.066246 -0.517100 -0.577313
  0.103052 0.164412 -0.840730 0.249475
  0.032640 0.658111 -0.406277 1.139290
  0.840653 0.809294 -0.786021 1.208203
  0.403143 0.033451 1.976822 -2.058723
  0.853011 0.426552 -2.811788 0.342370
  0.555071 0.039464 0.359849 -1.290111
  0.246201 0.005055 -0.581308 -1.449577
  0.658203 0.880342 -0.351687 -0.418093
  0.906920 0.433073 -0.331969 -0.958639
  0.927530 0.771746 -1.321065 0.434954
  0.263541 0.091317 0.691813 -0.283860
  0.174586 0.678201 0.379459 2.129453
  0.463841 0.114704 -0.727038 0.693668
  0.385917 0.277633 0.015735 0.795021
  0.142589 0.205299 0.848963 -2.110958
  0.262381 0.394913 -0.140743 -0.202607
  0.059072 0.180480 1.125162 1.328456
  0.937665 0.813729 -0.229684 0.779559
  0.248565 0.742694 1.409769 -0.032871
  0.482048 0.556065 0.432303 0.180876
  0.731478 0.711340 -0.679066 1.984283
  0.394659 0.218269 0.078315 0.011883
  0.304916 0.716924 1.120007 0.024112
  0.584424 0.836567 -0.590004 0.982858
  0.321128 0.465346 0.640899 0.702480
  0.975724 0.607879 -2.259940 0.774446
  0.798732 0.818680 -1.700156 1.060736
  0.126620 0.522731 -1.504603 0.807469
  0.418459 0.284621 -1.804424 0.470935
  0.156821 0.949095 -0.790867 -0.348505
  0.058570 0.964436 -0.147791 -0.461212
  0.951521 0.337862 0.093214 1.602227
  0.672666 0.708204 0.947047 0.443029
  0.684889 0.874281 0.193602 -1.476345
  0.962470 0.901833 -0.939855 0.499718
  0.891123 0.878878 2.058122 -0.262228
  0.513315 0.981639 -0.300384 2.278664
  0.122940 0.206090 -1.108477 -0.310647
  0.524776 0.566299 0.548266 0.154078
  0.485294 0.522780 -1.371505 -0.709111
  0.290120 0.329377 -1.019154 -1.228562
  0.089552 0.697498 -0.271037 0.382747
  0.116249 0.558429 -0.039218 0.172157
  0.084840 0.195570 0.934976 -2.330693
  0.725831 0.042594 -0.173800 -0.514084
  0.048542 0.742426 -0.793555 -1.019495
  0.229938 0.566033 0.549543 -1.686799
  0.956280 0.521668 0.330592 0.366083
  0.613069 0.920155 0.218786 0.609872
  0.693632 0.654671 -0.436105 -0.853475
  0.996196 0.517376 -0.102648 0.512903
  0.476795 0.141925 0.332814 -0.787523
  0.046602 0.057337 1.474816 -2.021746
  0.055962 0.825210 0.837370 -1.460789
  0.359007 0.697438 1.459135 1.695507
  0.725431 0.375272 0.904288 0.444405
  0.633905 0.807542 -0.147786 0.104196
  0.718009 0.293279 -1.159020 0.492030
  0.780192 0.753112 0.078002 2.172490
  0.432913 0.439466 -1.209797 0.586204
  0.249861 0.896601 -1.115603 0.293748
  0.321890 0.360109 -0.173288 1.490232
  0.187199 0.607155 -0.544748 0.502241
  0.815118 0.824389 -0.129710 -0.948834
  0.443731 0.004841 -0.917018 1.632550
  0.699456 0.865519 0.615011 -1.152155
  0.738370 0.742321 0.937893 1.015886
  0.676083 0.427865 2.388250 1.309118
  0.746223 0.403244 -0.349864 0.557911
  0.743849 0.465993 -0.278415 0.217553
  0.428337 0.426916 -1.027919 0.660950
  0.467112 0.862357 0.340128 0.000814
  0.861218 0.914623 -1.422794 1.502417
  0.393680 0.666054 0.671201 -0.275146
  0.676897 0.373842 0.715906 -1.351624
  0.798078 0.742185 -1.652233 1.380570
  0.473678 0.069868 0.122727 0.141120
  0.058428 0.498642 1.692535 0.685424
  0.536622 0.836179 2.111912 1.186507
  0.542186 0.088484 -1.724935 1.078844
  0.741013 0.818410 -1.200285 0.840737
  0.546172 0.937677 -0.346557 0.003673
  0.910373 0.246635 1.308310 0.269773
  0.339611 0.413252 1.564486 -1.041537
  0.017011 0.616873 -0.870925 0.260059
  0.831441 0.800095 2.262106 -1.079484
  0.456875 0.963066 -0.336446 -0.135452
  0.463234 0.409461 1.257206 0.069403
  0.327907 0.489150 -0.251862 -1.723984
  0.766952 0.845563 0.940624 -1.078005
  0.430402 0.771448 -1.305979 1.598967
  0.154416 0.655646 -0.366754 -0.105494
  0.381314 0.769987 0.641355 0.740691
  0.178324 0.673502 0.834620 -0.334603
  0.611153 0.227503 0.899711 -0.688945
  0.700694 0.819669 0.146837 -1.530443
  0.701983 0.149367 -1.189024 -0.306489
  0.709957 0.288717 -0.436361 0.718113
  0.664549 0.221118 0.233382 0.460326
  0.905274 0.397894 1.571395 -0.668585
  0.842900 0.375376 0.476084 0.010095
  0.931253 0.156612 -0.928256 -1.088049
  0.933679 0.074917 2.011722 -2.758598
  0.844901 0.438181 1.649945 0.508614
  0.488399 0.477996 -0.538118 -0.639149
  0.569676 0.446714 -0.849301 -0.004099
  0.584570 0.500030 0.234000 -0.839055
  0.245972 0.233409 0.767188 -0.540491
  0.331243 0.195842 0.711051 0.158619
  0.252466 0.761797 -1.832563 0.081091
  0.006896 0.598469 -0.072249 -1.198199
  0.726046 0.960691 0.107617 -0.205409
  0.140348 0.164500 0.807001 1.809241
  0.218059 0.844752 -0.810859 0.169977
  0.121888 0.366825 -0.758369 -0.259612
  0.646811 0.208046 -2.443264 -0.062375
  0.672575 0.768977 -0.570443 -1.957050
  0.537999 0.908964 0.955892 0.518715
  0.827590 0.785518 -0.958104 -0.844614
  0.423846 0.101757 0.035079 -0.647017
  0.566078 0.032270 0.173549 0.567117
  0.554941 0.781399 1.149390 2.838433
  0.764432 0.455007 -0.487510 -0.619274
  0.661373 0.697400 -0.148664 0.133582
  0.653452 0.707815 -1.560713 0.760845
  0.463607 0.829788 -0.289669 1.300715
  0.004846 0.683153 -0.367839 0.368668
  0.772170 0.792607 0.943043 0.088942
  0.873721 0.417511 -0.323867 0.835242
  0.195167 0.738669 -0.881435 0.989178
  0.694900 0.004911 0.130690 0.146532
  0.838728 0.895540 -1.882736 -2.212321
  0.407412 0.109008 -0.333575 0.858523
  0.711592 0.658711 2.112100 0.189527
  0.379185 0.893350 -3.000287 1.017084
  0.511970 0.399485 -0.642063 -0.160142
  0.646490 0.472785 0.177099 0.467996
  0.117692 0.083988 -1.384366 -0.169714
  0.068454 0.340317 -1.393698 1.280121
  0.313932 0.438729 -0.449167 0.698960
  0.082019 0.586910 0.652439 -0.818439
  0.735780 0.011644 0.172541 0.707241
  0.251559 0.035359 1.173449 0.150499
  0.931766 0.920027 0.295185 -0.557275
  0.938908 0.482572 0.068421 1.025370
  0.901061 0.077276 0.706464 0.180583
  0.042050 0.160140 -1.294183 0.407195
  0.240073 0.113856 1.694341 1.486462
  0.079431 0.697590 -0.255135 -1.085121
  0.121950 0.067747 0.616272 0.126003
  0.495306 0.819855 -1.968337 -0.653748
  0.242670 0.300284 0.355073 -0.247512
  0.554811 0.489223 1.636082 1.528153
  0.164131 0.287610 -1.208263 1.546203
  0.109337 0.873794 1.285843 -1.103172
  0.197648 0.323144 1.781241 -0.567001
  0.895220 0.371006 -0.766135 -0.634177
  0.733225 0.746169 -0.382529 0.143265
  0.350405 0.037781 -0.588108 -0.904803
  0.848418 0.729744 0.253657 0.129690
  0.329539 0.201386 0.307934 -1.287020
  0.223992 0.060146 -1.140771 -1.512455
  0.063757 0.130688 -1.241084 0.241339
  0.171891 0.427845 0.216952 -1.088696
  0.744547 0.506208 0.041782 0.341738
  0.119311 0.039396 1.202946 0.417999
  0.253863 0.389418 0.813936 -0.823433
  0.379543 0.057557 1.403715 0.296725
  0.283560 0.757400 0.064172 -1.281109
  0.140076 0.048005 -0.905662 -0.145023
  0.140050 0.782804 1.271802 0.183606
  0.922134 0.589559 0.644591 -0.708550
  0.292046 0.588336 -2.874830 -1.044106
  0.609156 0.883230 0.778777 -0.176768
  0.157312 0.847578 -0.654354 -1.377425
  0.524343 0.232099 1.127454 -0.182214
  0.061807 0.598409 -0.426204 -1.139558
  0.449545 0.517511 0.075278 2.812895
  0.616750 0.516055 -0.579136 2.008004
  0.596677 0.736145 -0.483561 -0.730195
  0.799708 0.085558 0.440049 0.166900
  0.865341 0.092984 -0.351332 0.502706
  0.427868 0.017041 0.398741 0.353438
  0.013347 0.062719 1.140365 1.015134
  0.603823 0.896042 1.026831 -0.819046
  0.748875 0.246475 -1.463749 1.180844
  0.470180 0.290467 0.473660 -0.058585
  0.645522 0.847141 -0.665093 -0.490015
  0.445876 0.172910 -1.718809 -0.284152
  0.603402 0.824576 -0.642712 -1.448701
  0.854680 0.547837 0.074150 1.267058
  0.711732 0.496321 0.623777 0.496823
  0.996042 0.729650 0.782990 -0.411470
  0.131699 0.909270 -0.215176 -0.587651
  0.547770 0.393836 1.570192 0.070518
  0.327521 0.230270 -1.926286 -1.648227
  0.750122 0.775112 -1.948125 0.358574
  0.608319 0.364919 -0.358950 -1.055894
  0.681116 0.717905 -0.406342 0.886933
  0.621202 0.236696 -0.015655 0.701700
  0.898699 0.629829 1.063942 0.126892
  0.784897 0.065390 -0.627857 2.290295
  0.110549 0.536508 -1.139988 0.275408
  0.864965 0.310724 0.128840 -0.171858
  0.153372 0.251717 -0.366557 -0.971036
  0.507855 0.224890 -0.555346 -0.503444
  0.979994 0.568978 -1.948923 -0.412357
  0.283465 0.473513 -2.070623 -0.555588
  0.001341 0.217178 0.859662 -1.077263
  0.984652 0.906099 -0.664342 -0.407147
  0.017193 0.143746 -1.626907 -0.387498
  0.780259 0.204794 0.959602 0.254866
  0.039010 0.498068 0.971703 1.276348
  0.477855 0.942188 1.922844 -0.730583
  0.606921 0.665426 -0.572952 0.213572
  0.336320 0.179164 1.308418 -0.271031
  0.000176 0.354675 -2.303699 -0.376088
  0.554890 0.739353 -1.648416 1.388049
  0.363466 0.995547 0.477433 -0.640709
  0.979893 0.090435 0.592782 -0.322201
  0.506392 0.922443 0.049026 0.580034
  0.707388 0.885244 -0.254348 0.313307
  0.128451 0.782222 0.784031 0.831095
  0.300931 0.819275 -1.703592 -1.231308
  0.760708 0.544658 1.727670 1.004649
  0.107211 0.895047 1.345916 1.025039
  0.187953 0.607146 -0.480982 -0.474966
  0.409779 0.024222 1.002255 -0.407367
  0.702369 0.404192 -0.783618 0.186300
  0.897984 0.728062 0.700309 -0.607721
  0.752513 0.818935 3.526027 0.686859
  0.087156 0.780250 0.357141 0.726429
  0.447896 0.380925 0.202884 -1.916852
  0.511326 0.098662 -0.501953 0.120285
  0.638393 0.889363 -0.977719 0.016747
  0.615032 0.298193 -0.524649 0.300480
  0.529957 0.346525 -0.722119 -0.168445
  0.385424 0.347930 -0.259384 -0.623906
  0.046473 0.788347 1.657617 -0.417562
  0.541198 0.376660 0.518463 -0.920249
  0.362082 0.124429 -0.155338 -1.536854
  0.571546 0.013465 1.221757 0.155705
  0.541872 0.521489 -0.068281 1.149133
  0.607304 0.462309 0.958587 0.500459
  0.732266 0.181201 0.944758 0.848420
  0.766985 0.621164 -0.988267 -0.271569
  0.894645 0.816146 -0.308109 1.004333
  0.052809 0.910433 -0.588853 -0.313240
  0.037970 0.419460 -0.575470 -0.146122
  0.075624 0.856472 -1.926873 -0.001647
  0.864558 0.479701 0.942965 -0.748188
  0.252049 0.443709 2.008420 1.663077
  0.589735 0.406264 0.581491 0.597497
  0.572210 0.194670 -0.940197 1.456422
  0.348960 0.691287 -0.633762 -0.384418
  0.518139 0.701760 -1.112843 1.721504
  0.248000 0.089888 0.552150 -0.071505
  0.184581 0.348386 -0.524528 0.071202
  0.735029 0.385264 -0.393887 1.092906
  0.085123 0.512469 0.212234 1.377952
  0.484295 0.661402 0.758685 0.172213
  0.910920 0.843255 -0.452036 -1.083515
  0.341192 0.198066 0.113206 -1.682755
  0.085443 0.172931 0.535269 0.387627
  0.528857 0.570231 -1.336156 0.346805
  0.634323 0.470583 0.430171 -0.560830
  0.318275 0.165178 1.473315 -1.622244
  0.791836 0.422986 0.464719 -0.632294
  0.182450 0.657674 -0.079385 -1.207488
  0.572664 0.363473 1.010152 -1.936736
  0.771534 0.828693 -0.654841 -0.837377
  0.263819 0.459058 -0.020602 -0.742439
  0.503918 0.660321 -0.885947 -1.027356
  0.567914 0.504810 1.129062 -1.029828
  0.062955 0.060115 0.128542 -0.749899
  0.041190 0.451323 -0.519746 0.643855
  0.667831 0.815564 -0.873766 -0.422105
  0.293004 0.605363 -0.196063 -1.354597
  0.983907 0.193565 -0.528658 0.648613
  0.336907 0.574107 -0.134429 0.997865
  0.157480 0.394000 -0.020792 -1.475984
  0.469373 0.910377 -0.970610 -0.504441
  0.651397 0.791597 -1.549271 -0.143187
  0.329570 0.040746 2.167311 -1.079861
  0.583633 0.368906 -0.302078 -0.630521
  0.461257 0.629782 -0.763902 0.149234
  0.585450 0.166403 -0.841075 -0.361073
  0.386026 0.554173 -0.376015 0.100018
  0.167355 0.063161 -0.564302 0.651467
  0.693601 0.363904 -1.711876 0.016957
  0.466323 0.635002 0.711557 -0.995230
  0.898105 0.596827 -0.326949 0.093658
  0.569059 0.458724 0.741566 0.006898
  0.461298 0.724251 -0.434220 0.698070
  0.810096 0.223115 -0.449711 -0.254173
  0.552271 0.914697 -0.551491 1.604285
  0.328903 0.503832 -0.953868 -0.955610
  0.177230 0.964783 -0.514425 0.355132
  0.908031 0.805949 -0.492740 -0.848133
  0.600970 0.255849 -0.020482 0.064200
  0.444694 0.917832 0.855836 -0.638595
  0.459246 0.585654 -0.452876 -0.307193
  0.718032 0.726986 -1.476019 0.151505
  0.103820 0.440437 -0.753403 -1.250335
  0.080064 0.179819 0.655879 0.356735
  0.906660 0.960017 1.078872 0.472340
  0.705242 0.749144 0.680827 0.430541
  0.645346 0.192368 0.341710 0.855722
  0.640841 0.042972 0.521531 0.035621
  0.204613 0.336611 0.527440 1.656075
  0.738262 0.940661 0.487734 -0.334199
  0.807192 0.756621 -1.360144 -0.232030
  0.540799 0.623251 -0.518830 -0.640094
  0.321496 0.122302 0.367639 1.827569
  0.357868 0.399307 -1.423230 0.284837
  0.862356 0.646990 1.214349 0.669290
  0.451976 0.486296 1.140839 -0.422187
  0.878486 0.936774 0.844071 -0.458975
  0.739980 0.457398 -0.733496 -0.012802
  0.608036 0.558708 0.770998 1.034941
  0.427294 0.458668 -0.447939 0.162268
  0.690908 0.534723 -0.226129 0.599637
  0.261438 0.298920 1.511719 -1.248568
  0.135255 0.205176 0.257527 0.152677
  0.015617 0.952225 0.565829 0.253983
  0.334765 0.048348 0.874201 0.813215
  0.846733 0.586114 0.331077 1.032613
  0.062826 0.262243 -0.352134 0.810482
  0.042987 0.021591 -0.978321 1.034895
  0.276428 0.752429 0.544821 0.372959
  0.365499 0.154292 0.237952 -0.402343
  0.775359 0.660926 0.139536 -0.534681
  0.536460 0.474392 -0.771321 0.981974
  0.554344 0.286223 -0.832406 -0.338928
  0.743612 0.608242 1.184605 -0.416784
  0.253369 0.218871 1.540358 -0.102480
  0.034158 0.800777 -0.157617 1.360049
  0.690023 0.749120 0.521688 -0.939563
  0.501164 0.554111 0.183444 -0.546845
  0.044601 0.762334 -1.334810 -0.427855
  0.513950 0.773970 -1.246944 -0.235198
  0.401008 0.514721 -2.474822 0.639036
  0.081025 0.239895 0.043210 -0.820630
  0.869083 0.514854 0.623435 1.073620
  0.840039 0.964725 0.719872 -0.514689
  0.989758 0.550898 0.717186 0.155699
  0.022137 0.481768 1.273178 0.481626
  0.281671 0.711454 0.550013 -0.050064
  0.736389 0.756700 -0.743712 0.147884
  0.164186 0.402835 0.198752 0.935746
  0.166671 0.934550 -1.526598 -0.469850
  0.944459 0.385834 0.236109 -1.771149
  0.691586 0.570552 2.305258 -0.353537
  0.194592 0.211808 -1.880331 -0.827314
  0.873175 0.727144 -1.598964 -0.841727
  0.652163 0.525389 0.999051 -0.352468
  0.481513 0.189407 0.474282 -1.012128
  0.067048 0.267497 -0.123858 -1.337742
  0.830807 0.512132 0.840811 1.397243
  0.179488 0.667910 -0.519887 1.086697
  0.393967 0.896350 -0.515154 -2.001011
  0.230210 0.307483 0.007589 0.126563
  0.363989 0.902068 -0.644744 -1.022968
  0.277424 0.268754 0.117789 0.958614
  0.341443 0.209292 0.350266 0.295278
  0.542027 0.891644 0.486677 -0.614831
  0.362386 0.102723 -0.943556 -0.469725
  0.536068 0.419061 -1.306515 1.439450
  0.789246 0.023868 0.853145 -1.012669
  0.102581 0.677563 -1.498082 -2.071210
  0.071354 0.106357 1.186411 0.752450
  0.677430 0.749930 -0.360384 -0.717772
  0.885143 0.351248 -0.008212 0.452749
  0.487143 0.152480 -0.593342 1.045462
  0.194207 0.663675 -0.853432 0.435445
  0.030632 0.294278 1.536332 -0.181641
  0.774462 0.552570 0.148049 0.676043
  0.102390 0.944042 0.165696 -1.954179
  0.725437 0.737028 1.050585 -1.042198
  0.408389 0.112489 -1.290983 0.750138
  0.976094 0.559853 -1.327484 0.837700
  0.302686 0.422122 -1.523885 -0.095577
  0.716177 0.878229 -0.518119 -1.595670
  0.394952 0.137401 0.198285 1.411256
  0.030762 0.232528 -1.285602 -0.593433
  0.926273 0.530310 0.904981 0.135841
  0.437797 0.483392 1.112884 1.635316
  0.634709 0.873244 0.257812 0.830534
  0.901920 0.695881 1.238866 0.267446
  0.975400 0.707165 1.122984 -0.632393
  0.766625 0.275238 -0.832301 -1.624785
  0.565366 0.637700 -0.320336 -2.333466
  0.844542 0.549820 -0.394292 -0.769707
  0.002779 0.866866 -0.215573 -1.013062
  0.341364 0.299453 0.688104 -0.490821
  0.347218 0.463495 -0.599170 -1.658682
  0.701445 0.133213 0.062913 0.202435
  0.447932 0.685340 -2.000280 0.879536
  0.601657 0.108841 0.616303 -0.115606
  0.698078 0.546921 -0.214779 0.192582
  0.912576 0.983036 0.864191 0.530222
  0.752912 0.025794 0.023559 -0.155639
  0.488670 0.410309 -0.906590 0.669229
  0.070885 0.089518 0.029753 -1.396638
  0.872960 0.424298 -0.155694 -0.719581
  0.920571 0.308484 0.761327 -0.505155
  0.325750 0.208186 0.857262 2.367907
  0.844874 0.927144 -1.328794 0.261702
  0.593235 0.073311 -3.425666 -0.568564
  0.744349 0.379141 -0.298780 -0.218826
  0.147079 0.717342 -1.745665 2.517738
  0.638485 0.895896 0.983871 0.374202
  0.273679 0.449597 0.319019 -0.305749
  0.934322 0.319824 0.442283 -0.222539
  0.232121 0.844619 -0.273227 -0.091652
  0.159974 0.312562 1.304334 -0.395624
  0.449059 0.520879 0.037595 1.893260
  0.287849 0.017460 0.995123 -0.393981
  0.437817 0.736508 1.227891 1.554406
  0.930558 0.014823 0.780066 -0.118201
  0.051501 0.820876 -0.292637 -1.165981
  0.827642 0.418676 -0.448791 -1.361650
  0.471037 0.255423 0.824853 -0.578546
  0.577088 0.392967 3.166465 -0.613906
  0.912071 0.603323 -0.148836 0.587554
  0.489564 0.001771 0.379465 -3.249974
  0.169895 0.891644 -0.166665 1.387274
  0.332937 0.323060 0.427277 -0.154314
  0.250871 0.346479 -0.256827 0.309465
  0.839193 0.416289 -1.503082 1.214077
  0.486741 0.175645 0.950026 2.844215
  0.655530 0.067505 0.636246 -0.323396
  0.438637 0.671857 -0.317907 0.528371
  0.695405 0.520368 0.154001 -0.500783
  0.247482 0.549589 0.635005 0.656026
  0.727837 0.336042 -1.295311 -1.656820
  0.479663 0.210873 0.784542 0.166501
  0.955144 0.048988 1.261029 0.326397
  0.835453 0.691705 -0.339476 1.170792
  0.888337 0.920579 -1.232016 -0.984970
  0.447375 0.656321 -0.309135 -0.454463
  0.387372 0.550257 0.521532 0.508647
  0.038383 0.564306 0.895937 0.742248
  0.237407 0.337638 -0.641834 -0.246468
  0.569997 0.014980 0.844696 -0.220393
  0.746595 0.180616 0.367122 -1.372780
  0.951851 0.934998 -1.772340 1.688182
  0.552087 0.112937 0.110377 0.427108
  0.095754 0.873386 -0.092239 -1.258474
  0.736661 0.111899 -1.901347 0.717416
  0.741591 0.554405 -1.185606 -0.278748
  0.569083 0.653822 0.035921 0.622773
  0.588486 0.183606 0.607916 0.597962
  0.300512 0.303234 -0.435359 1.126389
  0.859967 0.646224 -2.362719 0.288810
  0.973591 0.616464 0.790438 -1.260529
  0.706204 0.142704 -0.500214 0.897148
  0.122594 0.149500 -0.689765 0.203917
  0.320694 0.479418 -0.954429 1.405656
  0.558173 0.575062 -1.700730 1.650791
  0.081416 0.597798 -0.627256 1.486134
  0.368988 0.845318 -0.600852 -0.654056
  0.944279 0.958958 -0.218868 -0.202249
  0.274384 0.267625 -0.398949 -2.827630
  0.092589 0.711179 1.523541 -1.422814
  0.820210 0.721801 0.600840 -0.957203
  0.590796 0.860780 -0.150097 -0.197969
  0.789708 0.805437 -0.028780 -0.330262
  0.276628 0.843940 -0.325085 -0.515965
  0.927379 0.823837 -0.956199 -0.503050
  0.274695 0.700287 0.009833 -0.683235
  0.340836 0.586632 1.697937 0.053368
  0.256177 0.739900 -0.485472 -0.561480
  0.056982 0.304076 -2.449330 1.478277
  0.858571 0.956250 -0.565404 0.687538
  0.713378 0.188157 -0.940941 -1.322448
  0.344394 0.040349 0.363821 0.579671
  0.575040 0.454529 -1.535801 -0.348348
  0.760902 0.281908 -1.012557 -0.238903
  0.868082 0.172128 -0.101987 0.850267
  0.645592 0.053282 -0.377869 1.434713
  0.760594 0.613741 -0.755441 -0.055675
  0.390429 0.154622 -1.863818 2.216466
  0.071941 0.253595 -0.662375 0.358063
  0.877925 0.003326 0.190042 -0.479770
  0.629508 0.257492 0.273691 -1.634066
  0.000359 0.810866 0.404696 -2.161864
  0.533205 0.866619 0.270052 0.546454
  0.919647 0.222865 0.948728 -0.101499
  0.535846 0.316271 -1.159929 -1.426163
  0.705193 0.508390 -0.565844 0.266634
  0.988937 0.914280 1.258530 -0.013241
  0.045504 0.978035 1.115308 -1.227403
  0.237048 0.075195 -0.839437 1.211970
  0.487004 0.433769 -1.458394 -1.091239
  0.019592 0.393655 -0.332442 -0.478712
  0.943843 0.384717 -0.507305 1.225604
  0.237280 0.069182 -0.683924 0.913327
  0.048916 0.089783 1.246786 -1.157241
  0.548083 0.948634 -0.102200 1.554462
  0.241344 0.992696 -0.226382 -0.885760
  0.789097 0.015643 0.532681 -0.895244
  0.287076 0.057577 0.098562 0.851427
  0.114399 0.732870 -0.411627 1.240450
  0.524827 0.268127 -2.132516 -1.799476
  0.518577 0.571388 -0.724517 0.136771
  0.163118 0.938324 -0.814141 0.162834
  0.006590 0.821814 2.821330 -0.966760
  0.820075 0.237587 1.201623 2.236277
  0.723073 0.778752 0.406666 -0.471545
  0.636705 0.382531 -0.748613 -1.306341
  0.446536 0.708506 0.542377 0.055999
  0.068930 0.372920 0.720401 0.405016
  0.537872 0.521060 -0.597655 -1.554307
  0.502678 0.512346 -1.004241 -0.438520
  0.284511 0.485201 -0.990514 0.011048
  0.091288 0.578609 -1.979947 -0.009907
  0.612581 0.650223 -0.492662 1.176051
  0.101547 0.832605 2.707611 0.669831
  0.976444 0.402346 0.234121 -0.215850
  0.561171 0.271344 -0.317347 0.088512
  0.640482 0.091555 0.094232 0.742457
  0.598050 0.539858 -0.713475 -1.760468
  0.137407 0.413177 -0.184708 0.753887
  0.305753 0.877050 -0.358675 1.097994
  0.639420 0.749052 0.783119 1.043372
  0.187391 0.489444 1.620722 -0.587683
  0.855464 0.979107 -1.559643 -1.054803
  0.373303 0.466177 -0.303711 0.496216
  0.630916 0.315202 -1.059735 -0.733862
  0.008163 0.179285 0.021770 1.202441
  0.197192 0.847925 -1.272475 0.251799
  0.567312 0.775812 -0.996849 -0.911718
  0.089701 0.812071 -0.222410 0.459683
  0.725062 0.161036 -0.079132 -0.769479
  0.412180 0.848891 -1.562074 0.176886
  0.224188 0.972971 0.313134 -0.056714
  0.929673 0.186219 -1.599011 -0.618687
  0.290537 0.139714 0.011130 -3.274698
  0.840546 0.206552 -1.514940 -0.449108
  0.045555 0.639021 -0.114262 0.048274
  0.672818 0.240374 -0.124462 -1.413863
  0.377855 0.857324 -1.268783 0.681752
  0.406175 0.229411 -0.243082 0.740481
  0.844641 0.402174 0.136121 1.115809
  0.854441 0.923980 1.469296 0.381537
  0.766193 0.896586 -0.331717 -0.129160
  0.414045 0.493599 0.098215 -2.700484
  0.194033 0.895823 0.870441 0.740216
  0.631088 0.779534 -0.743436 0.822183
  0.237874 0.795425 0.906076 -1.953482
  0.118542 0.297951 -0.018787 1.950115
  0.713018 0.747991 0.699864 -1.850554
  0.504295 0.694687 -1.732570 -0.336260
  0.687188 0.839445 -0.517896 -2.685943
  0.333824 0.262903 -0.702522 0.163221
  0.878475 0.531215 -0.325617 0.336769
  0.135168 0.105251 0.086545 0.448659
  0.495490 0.288510 1.270066 1.520927
  0.050833 0.551010 -1.582767 -0.537204
  0.107319 0.045567 -0.109744 -1.262744
  0.779679 0.128473 0.240399 1.953235
  0.126364 0.125252 1.710553 0.069108
  0.252570 0.925508 0.105757 -0.767105
  0.144176 0.868845 3.850430 0.418273
  0.724244 0.444910 0.363810 0.013829
  0.708668 0.087118 -0.553610 -0.376264
  0.447983 0.184192 -0.465064 -0.787506
  0.078548 0.921693 -0.205962 0.415590
  0.019244 0.232238 -0.149144 0.399445
  0.806536 0.965047 -0.600428 1.026200
  0.338374 0.017744 -0.934969 -0.661456
  0.841727 0.501410 0.774262 -0.426037
  0.634878 0.717985 -0.591123 -1.421288
  0.875325 0.548931 -0.218878 -0.564877
  0.714533 0.953629 -0.698324 -0.700485
  0.071326 0.379401 -0.056701 -0.449876
  0.646889 0.965722 -0.533054 0.080337
  0.448836 0.235947 -0.739975 2.340357
  0.343651 0.858937 -0.180379 -0.370935
  0.546130 0.437219 -1.122980 0.312637
  0.037964 0.090666 0.429898 -0.071085
  0.344977 0.420208 0.217615 -0.429102
  0.552471 0.973329 -0.040656 0.541567
  0.174559 0.941087 -0.693227 -0.474753
  0.415936 0.230382 -1.148798 -0.534488
  0.028247 0.136116 -0.048637 0.002217
  0.320281 0.049796 0.934734 0.282514
  0.664383 0.234718 -0.571340 -0.578741
  0.938020 0.318477 -0.591752 -0.079909
  0.319572 0.911862 0.453636 -0.414064
  0.884766 0.822483 0.452916 -0.734562
  0.908019 0.805772 -1.746311 0.960705
  0.369939 0.597730 -1.075612 -0.419160
  0.529421 0.880413 -0.666198 -0.864723
  0.773603 0.589033 -1.889512 -0.217766
  0.756342 0.701431 -1.589047 0.876473
  0.731737 0.951571 -0.009643 -0.041108
  0.230955 0.630857 0.285881 0.710095
  0.242387 0.364343 -1.594668 -0.574942
  0.024053 0.456664 -1.433643 0.015754
  0.600184 0.900242 -0.226190 -0.073358
  0.001768 0.488607 -0.118528 1.055104
  0.208996 0.799848 0.225675 0.736843
  0.000225 0.505805 1.451995 0.748766
  0.828512 0.798790 -0.329808 -0.822672
  0.672259 0.828736 -0.085082 -2.819801
  0.690759 0.569979 -0.609148 -2.800612
  0.250560 0.194193 -0.767149 2.184107
  0.025727 0.109557 -0.081662 -1.539279
  0.155235 0.609960 0.389103 -1.333088
  0.848776 0.425214 -0.371405 0.267205
  0.453265 0.133307 0.284203 -0.839583
  0.490117 0.788964 -1.009766 -0.190082
  0.794934 0.108760 0.347496 0.159413
  0.139890 0.857207 0.211243 1.014151
  0.439966 0.904977 -0.230186 1.273738
  0.192829 0.453860 -0.185754 -0.585945
  0.121695 0.822113 1.581699 -1.675649
  0.445695 0.525677 -0.536707 1.239992
  0.026315 0.885935 -0.653754 -0.764988
  0.143047 0.781457 -0.107401 1.402304
  0.517003 0.279919 1.379215 -0.162646
  0.589832 0.931274 1.338602 -2.027072
  0.685158 0.758347 -0.264117 -0.927956
  0.634299 0.261847 0.228487 0.282122
  0.075701 0.504339 0.868867 0.348115
  0.255896 0.925456 0.620418 0.698460
  0.087060 0.416890 -1.302373 -1.861507
  0.088380 0.865435 -0.934974 0.410367
  0.944885 0.618509 -2.422954 0.945539
  0.519646 0.047768 -0.629687 0.909149
  0.163544 0.112634 0.155875 0.787858
  0.250379 0.488017 0.178121 1.077022
  0.611267 0.917028 -0.644087 -0.031197
  0.772373 0.084150 0.158748 -0.312156
  0.349051 0.426959 -0.130769 1.129057
  0.220905 0.486668 -0.479431 1.029011
  0.900001 0.178932 -0.125740 0.051482
  0.822238 0.698580 -0.883683 -1.758492
  0.740841 0.330369 -0.981699 0.617802
  0.581979 0.683766 0.190619 0.822455
  0.156591 0.340088 1.022513 0.611094
  0.944046 0.251094 -1.077213 2.323662
  0.070754 0.925864 -1.832860 1.407249
  0.954280 0.201953 0.297713 1.020103
  0.800207 0.133313 0.614866 -1.705674
  0.307254 0.993329 2.650058 0.112049
  0.532117 0.645170 -0.236406 1.590382
  0.350677 0.705584 -0.910632 0.108750
  0.042614 0.884068 -0.125098 1.258591
  0.619447 0.877395 0.875961 -0.489207
  0.396246 0.278582 -0.667772 -1.893448
  0.329848 0.690518 1.629508 0.859993
  0.951720 0.016597 -0.048720 -1.545036
  0.196576 0.905323 -1.361578 2.116403
  0.005594 0.809817 -1.393348 0.482749
  0.035671 0.627045 0.424416 0.630588
  0.814486 0.890587 -1.556317 0.591832
  0.253027 0.441051 -0.821437 -1.083751
  0.739456 0.271060 -0.825228 -0.391095
  0.112021 0.201232 0.298898 0.096763
  0.268243 0.374073 1.484612 -0.498475
  0.617813 0.610921 0.426298 -1.651906
  0.570146 0.362690 0.266555 -0.831978
  0.206596 0.768985 0.938756 0.094553
  0.583412 0.637091 -0.351598 -0.828125
  0.823802 0.823845 0.690200 0.277394
  0.898494 0.819961 -1.616435 0.297216
  0.027869 0.717339 -0.544819 -2.260389
  0.094010 0.811948 -1.331030 0.678636
  0.777580 0.720661 0.221906 0.258412
  0.981045 0.840078 -1.218637 1.074892
  0.678182 0.867979 0.672213 0.830362
  0.247959 0.578749 -0.551629 0.230108
  0.267468 0.104004 0.264315 0.076224
  0.633463 0.270372 1.446930 1.012137
  0.476363 0.590252 0.332131 1.129617
  0.223377 0.139479 -1.453947 0.703898
  0.877050 0.348482 1.017368 -1.243457
  0.484731 0.856106 0.470905 -1.797258
  0.662412 0.752652 0.755140 1.128572
  0.859631 0.029092 -1.366330 -1.545257
  0.656780 0.042406 0.244529 0.918931
  0.544783 0.349565 -0.496774 -0.135512
  0.273589 0.273024 0.350981 -0.732138
  0.381365 0.837863 0.196043 0.875520
  0.203941 0.046279 0.318085 0.594681
  0.032160 0.954381 1.274587 -0.830943
  0.550185 0.665462 0.268234 0.017567
  0.701431 0.839828 0.154437 0.618154
  0.485815 0.148112 0.595189 -0.243285
  0.073737 0.497431 -1.776096 -0.824500
  0.305653 0.296506 -0.324856 -1.104305
  0.144287 0.151352 -0.861289 -0.942937
  0.645594 0.127426 -0.831816 0.253029
  0.462785 0.453748 0.523977 -1.307477
  0.737834 0.134608 1.285490 0.986674
  0.077751 0.036360 -0.717418 1.300697
  0.565137 0.722666 -0.790469 -2.245961
  0.742721 0.864881 -0.835908 1.433220
  0.265103 0.651344 -1.489699 0.989947
  0.152132 0.610144 -0.677936 -0.760616
  0.412719 0.517584 -0.166323 0.799057
  0.466596 0.928687 0.116859 0.548125
  0.337692 0.983281 -0.514904 -0.100477
  0.153306 0.580553 3.737978 -1.225985
  0.915165 0.971785 0.225179 1.513108
  0.966390 0.202618 -1.019582 -0.644106
  0.931278 0.390037 0.281241 -0.236488
  0.177042 0.508590 -0.289871 -0.589228
  0.146102 0.288766 -0.411660 -2.825496
  0.897322 0.864087 -0.847134 -0.352181
  0.863209 0.458167 0.102580 0.086083
  0.112418 0.898805 -0.046403 1.443581
  0.233953 0.351752 0.544109 -0.111740
  0.148989 0.050528 2.068984 0.805422
  0.215036 0.455006 0.232455 1.608199
  0.304654 0.363500 -0.863573 -2.153720
  0.638172 0.199369 0.629902 -0.413092
  0.563848 0.652057 -0.196201 -0.430245
  0.213559 0.471648 1.103565 -1.685991
  0.244185 0.945652 -1.244181 0.968514
  0.906330 0.385674 -0.126337 -0.867932
  0.808423 0.382681 -0.375111 -1.985094
  0.398646 0.746428 1.196400 -0.140239
  0.133577 0.297845 0.381596 -1.344154
  0.130759 0.204889 -1.161716 -1.741237
  0.945014 0.468638 1.311998 -0.811754
  0.740112 0.702595 -0.212712 -0.001733
  0.023769 0.767437 0.830254 -0.157551
  0.316986 0.632801 0.568424 0.903858
  0.341184 0.554602 -1.407321 -1.641683
  0.909765 0.974512 0.646841 1.495660
  0.897104 0.924229 -0.448806 -0.499283
  0.030111 0.637058 -0.229345 0.526981
  0.142628 0.881522 0.320440 -1.607971
  0.610689 0.951289 1.026230 0.626484
  0.443867 0.396378 0.631890 -0.188885
  0.630008 0.474175 0.914838 -2.117856
  0.922120 0.199088 -1.170445 1.083065
  0.606313 0.982166 0.236797 -0.581570
  0.964672 0.789715 1.000738 0.876116
  0.745674 0.208073 0.921128 2.027371
  0.060757 0.081127 -0.863754 -1.298680
  0.839649 0.272237 -0.620483 -1.328589
  0.388384 0.249317 0.148021 -1.038374
  0.072866 0.656939 0.314804 -1.548870
  0.695809 0.742715 0.314737 0.467162
  0.389501 0.265698 1.736626 -1.179017
  0.168391 0.511669 0.893789 -0.453399
  0.077614 0.702546 -0.703763 -0.927586
  0.049661 0.341012 1.315763 1.013502
  0.148046 0.192640 -1.317867 -0.636254
  0.582408 0.597970 -0.011378 -1.022848
  0.261777 0.697702 -0.323722 0.486655
  0.481581 0.676683 -0.988415 -1.569875
  0.049082 0.078719 -0.517483 0.583765
  0.077574 0.546039 0.938141 0.098249
  0.350792 0.214612 1.539412 0.109339
  0.054713 0.095299 -0.343762 3.987709
  0.625453 0.403586 -0.476038 -0.125286
  0.635861 0.923775 0.439966 -0.194137
  0.082662 0.289169 0.068248 0.382844
  0.325280 0.193153 -0.116661 -0.466671
  0.234241 0.134436 -0.115663 -0.543278
  0.941551 0.251410 -1.774951 -0.309383
  0.375058 0.518034 -0.466136 -0.436437
  0.166240 0.376297 -0.693670 -0.407327
  0.872624 0.135140 -0.658812 -0.468024
  0.938050 0.384650 -1.400341 0.453870
  0.296874 0.879562 -1.985159 1.203675
  0.143248 0.984434 0.029360 1.756558
  0.522161 0.905725 0.627800 -0.431567
  0.587258 0.355445 0.705759 1.613222
  0.788415 0.225961 -0.718399 0.119395
  0.016759 0.616800 1.057928 0.769522
  0.791508 0.130131 -0.604416 -1.713095
  0.790995 0.433259 1.448219 -0.707333
  0.883120 0.714675 0.302088 0.125323
  0.596134 0.936123 -0.106796 -0.417284
  0.571476 0.408132 1.202544 0.242279
  0.339817 0.974312 -0.672223 -0.266147
  0.450922 0.193864 -1.169955 -1.256069
  0.077014 0.695332 1.171749 -0.424644
  0.974591 0.361430 1.236516 -0.504454
  0.809368 0.482818 -1.109823 0.158864
  0.020397 0.278945 0.362797 0.384958
  0.474834 0.620765 -0.795772 1.186855
  0.495868 0.438648 -0.183047 0.215176
  0.534536 0.401547 -1.747236 1.673529
  0.137533 0.928535 -0.159577 0.632148
  0.887726 0.916452 0.396017 -0.938471
  0.637587 0.003900 -1.076647 -1.002123
  0.047072 0.665728 -2.373588 -0.306746
  0.085665 0.097714 1.198730 0.502789
  0.944187 0.866636 1.548740 -1.486915
  0.976127 0.304273 -0.219675 -2.539005
  0.357457 0.869997 0.261217 0.221205
  0.521653 0.920158 -1.007252 -1.083467
  0.522133 0.268090 0.722528 1.247068
  0.814459 0.248184 0.475390 1.962885
  0.696809 0.181946 0.311308 -0.380005
  0.156599 0.790044 0.355967 -0.022506
  0.652960 0.366805 -1.364940 1.057905
  0.335555 0.189139 0.659655 -1.265982
  0.616523 0.582249 2.544506 -0.759909
  0.054976 0.619583 1.047486 -0.361906
  0.302700 0.469691 -0.886878 -0.283691
  0.794282 0.735161 0.241261 -0.508381
  0.579282 0.911047 1.025748 0.770348
  0.448640 0.691043 1.232693 -0.024620
  0.571591 0.589785 -0.751053 -0.994986
  0.982976 0.099699 0.410274 0.123559
  0.975015 0.066096 -0.871918 0.057564
  0.988529 0.146078 -0.549176 -0.579781
  0.377783 0.033905 -1.794360 0.297619
  0.328198 0.286838 -0.118422 -1.213190
  0.094190 0.262704 -0.025289 -2.469077
  0.275881 0.054360 0.706135 0.377056
  0.348297 0.436061 2.058138 -0.505081
  0.553171 0.811835 -0.080381 -0.653202
  0.295753 0.004732 -0.588432 0.234751
  0.281302 0.065632 -0.806560 2.045328
  0.736138 0.879330 -0.591920 -0.989452
  0.998671 0.194835 1.416360 -0.479119
  0.317158 0.855252 0.338983 -0.492411
  0.336809 0.498881 1.151434 -1.689882
  0.219312 0.039952 1.377333 0.797311
  0.053815 0.193833 -1.088018 -1.513747
  0.674750 0.402451 -1.488502 1.285093
  0.825867 0.955393 -0.957250 -1.807462
  0.155038 0.012180 -0.627500 0.703746
  0.601384 0.726849 0.654279 0.543181
  0.554914 0.875467 0.238890 -1.386446
  0.660379 0.650105 0.546877 0.826011
  0.661549 0.206811 0.650555 0.089494
  0.756777 0.124009 -0.101117 -1.476961
  0.025984 0.590417 -0.468631 0.939578
  0.191898 0.481407 -2.377932 -1.313173
  0.624189 0.961322 0.077480 -0.446723
  0.353245 0.605344 0.175086 -0.734737
  0.044145 0.786133 0.087918 0.934198
  0.600843 0.858010 1.221139 -0.787466
  0.438749 0.784233 -1.575335 0.595203
  0.527402 0.182798 0.352283 2.560514
  0.284473 0.634977 0.969300 -1.126007
  0.094099 0.762903 1.066911 -0.217535
  0.301851 0.746263 1.141047 -0.636253
  0.890666 0.730489 0.491558 -0.613771
  0.113683 0.834594 -0.032944 0.791073
  0.394421 0.148877 -0.372685 0.793352
  0.139312 0.382284 0.268251 -0.689898
  0.415899 0.905618 1.396560 -1.372626
  0.084889 0.161299 -0.496071 -1.183678
  0.557508 0.191970 0.751636 -0.122098
  0.212529 0.680013 0.412850 -1.307940
  0.213122 0.730789 -1.955981 -0.149169
  0.917147 0.119500 1.952749 -0.670107
  0.979975 0.943121 -0.564542 0.345669
  0.087967 0.830937 -0.382095 1.243607
  0.707895 0.266187 0.745201 -0.310014
  0.178528 0.373767 0.741450 0.285806
  0.018894 0.899184 0.006882 1.475018
  0.535739 0.320319 0.858471 -1.867789
  0.049024 0.212236 0.521566 -2.350016
  0.955367 0.805071 -2.319020 -0.808425
  0.274269 0.051352 -0.206578 -1.104022
  0.142768 0.706312 0.113005 1.352631
  0.825931 0.870384 -1.317319 -1.325085
  0.188208 0.214260 0.271863 -1.910423
  0.687115 0.899072 -0.618865 0.056007
  0.271583 0.843953 0.255125 0.988414
  0.573520 0.394425 1.949449 0.621491
  0.065298 0.915835 -0.155855 -0.244973
  0.355552 0.071098 0.988637 0.566403
  0.851396 0.135516 -0.472177 1.433681
  0.053747 0.138504 -1.110088 0.133387
  0.090924 0.711256 1.514844 -1.182227
  0.999184 0.893819 0.744628 0.482075
  0.139668 0.551705 1.647238 0.346790
  0.459743 0.805812 0.750445 -1.029097
  0.735680 0.951679 0.129071 0.568948
  0.482110 0.000771 -1.444514 1.033938
  0.823282 0.958897 0.374725 -1.472405
  0.997853 0.206318 0.619287 2.488806
  0.122389 0.970398 -1.509463 -0.189000
  0.084161 0.198018 -1.820595 -0.053902
  0.069430 0.232483 -1.011193 -0.495588
  0.903026 0.902209 1.162909 0.107766
  0.112816 0.834444 -1.585400 -0.026866
  0.121882 0.878964 0.036797 0.051734
  0.963562 0.001598 -0.496399 -1.208344
  0.366773 0.968587 -1.982266 1.249677
  0.162157 0.653701 0.250759 1.057772
  0.172145 0.812901 0.741894 -0.645551
  0.594532 0.575086 -0.360855 0.215664
  0.969705 0.434550 0.683758 0.957074
  0.315522 0.023205 0.842604 0.219394
  0.729629 0.311277 -0.711609 -1.809834
  0.592001 0.624485 -0.507637 1.250349
  0.965055 0.087849 0.577490 0.827175
  0.688395 0.476381 0.178039 -1.243610
  0.101377 0.565655 1.611713 0.804739
  0.234689 0.628097 -0.090377 -0.350775
  0.905376 0.449573 0.184005 0.526263
  0.974669 0.755333 -0.548994 -0.994039
  0.707017 0.292370 2.518666 -0.921023
  0.739310 0.379640 -0.227703 1.689457
  0.889892 0.195752 0.766655 0.950060
  0.328024 0.638084 -0.971430 1.028756
  0.366614 0.250509 0.537241 1.740205
  0.525382 0.112802 -0.069928 -0.312619
  0.337289 0.757034 -1.580129 -0.214796
  0.040787 0.998050 -0.400137 1.496435
  0.267132 0.186959 1.187966 0.528580
  0.645251 0.376558 0.121386 -1.986145
  0.353563 0.472382 -0.668125 0.631234
  0.608177 0.503316 0.372412 -0.883516
  0.993900 0.604389 0.355267 -1.395564
  0.765114 0.254885 0.044532 -1.444632
  0.872047 0.843303 0.910971 0.003807
  0.294073 0.756338 1.102168 0.025742
  0.602548 0.803870 0.924725 -0.571029
  0.247451 0.014758 0.856410 0.414961
  0.380844 0.903590 -0.215075 1.100697
  0.206094 0.008990 0.562781 0.112564
  0.882516 0.138652 -1.897734 -0.250104
  0.012987 0.479840 -0.117109 0.550128
  0.242007 0.019303 0.961249 -0.399388
  0.634439 0.678732 1.061552 0.310446
  0.175902 0.292863 1.292921 1.196366
  0.755830 0.559839 1.273747 1.554968
  0.790203 0.411982 0.488030 -0.301517
  0.104872 0.617443 -0.855130 -2.335470
  0.273895 0.269815 -0.831009 -0.911182
  0.174113 0.854081 0.157380 1.061039
  0.057616 0.488846 -0.782131 0.202322
  0.684083 0.033892 -2.127742 0.615763
  0.763509 0.774493 0.709970 2.503277
  0.414431 0.155918 -0.730094 0.777955
  0.938679 0.266397 -0.569337 0.992523
  0.828845 0.521681 0.406523 -0.388344
  0.122593 0.807806 0.082128 -0.459207
  0.508834 0.335942 -0.251188 -2.895186
  0.651321 0.592483 -0.252248 1.694047
  0.389068 0.888087 1.035591 -0.224172
  0.623584 0.457226 -0.800608 -0.159115
  0.911723 0.064701 -0.325061 0.509213
  0.003847 0.398078 2.267755 0.587749
  0.560191 0.580427 0.033242 -1.347704
  0.243752 0.172563 -1.681551 1.318726
  0.795805 0.667349 -0.755102 2.554659
  0.737039 0.473712 -0.378514 -0.524272
  0.144079 0.549793 0.044299 -1.007598
  0.369529 0.749501 0.512150 -0.413903
  0.004880 0.113130 0.587812 0.180143
  0.627845 0.780232 -0.116428 0.016137
  0.836326 0.610912 -0.723693 1.194734
  0.868969 0.822274 0.792064 0.966662
  0.632640 0.110256 0.011504 0.098819
  0.174429 0.336433 -0.924303 -1.405124
  0.448807 0.080503 -1.067231 0.629991
  0.353215 0.900185 0.571185 0.931874
  0.069094 0.434736 1.367336 0.036975
  0.566710 0.416834 -0.294486 1.313573
  0.872740 0.834182 0.046317 -1.749336
  0.269974 0.779069 -0.203801 0.055778
  0.428737 0.961574 0.869745 0.284210
  0.814085 0.280584 1.217188 0.000898
  0.128930 0.294386 -0.974659 1.590145
  0.785546 0.440149 1.168248 -1.646120
  0.757579 0.263040 -1.063355 -0.207373
  0.477271 0.567613 -1.253623 -0.043968
  0.714770 0.055834 1.072972 0.301393
  0.241505 0.005698 -0.379917 -0.635409
  0.184870 0.287492 -0.965093 -0.739322
  0.496853 0.504625 1.741201 0.584764
  0.179330 0.772860 -0.185175 -0.239885
  0.887946 0.056290 0.308321 1.225945
  0.924253 0.442540 1.279726 0.281290
  0.969663 0.897008 -0.368511 1.399091
  0.215732 0.678821 -2.422793 0.230031
  0.596761 0.418655 -0.639709 0.292806
  0.059300 0.090483 -0.342850 0.584126
  0.771293 0.195581 1.399210 -0.022400
  0.812041 0.066093 -0.059028 -0.528356
  0.254878 0.331765 2.564435 1.450644
  0.493503 0.953023 -0.016681 -0.237008
  0.135498 0.379199 0.698307 3.236925
  0.729681 0.593117 -0.003100 0.548337
  0.391231 0.529711 -0.119719 -0.365385
  0.948358 0.335832 1.456331 2.041150
  0.298939 0.759713 0.605081 0.505398
  0.353960 0.333814 -0.324093 1.199288
  0.518787 0.875619 0.444243 -0.847691
  0.690991 0.922982 -2.334268 0.755056
  0.017698 0.903475 -0.001009 0.907250
  0.908540 0.114232 1.665241 0.989610
  0.071935 0.194641 1.138804 -2.386593
  0.494616 0.674552 -0.083155 -0.986093
  0.542171 0.490121 -0.415720 -0.544679
  0.381756 0.481553 -0.505808 0.115877
  0.150451 0.811861 0.230050 0.200619
  0.152941 0.245060 -1.586923 0.426810
  0.290001 0.143254 0.243053 0.881121
  0.542203 0.062145 -1.410455 -0.932690
  0.067495 0.876237 1.542171 0.848064
  0.867368 0.611697 0.079745 -2.150088
  0.206247 0.288700 -0.376233 0.446344
  0.268780 0.649498 -1.632795 2.298653
  0.016278 0.320795 0.792945 1.427003
  0.664608 0.503771 0.355117 0.557416
  0.111427 0.058083 0.869810 0.850076
  0.283270 0.678513 0.070526 0.379858
  0.147657 0.766821 0.887518 2.285092
  0.421572 0.858844 -1.415745 0.128862
  0.382649 0.959245 -0.096252 0.468787
  0.587338 0.297788 -0.274767 -1.064146
  0.948712 0.639442 -0.087239 0.531180
  0.414067 0.697628 -2.013778 0.001809
  0.722666 0.786128 -0.539875 0.336239
  0.025785 0.712470 -0.282506 1.028727
  0.595392 0.614181 0.437042 1.096899
  0.760935 0.943945 -0.420667 -0.822855
  0.829232 0.010291 -0.124703 -0.182193
  0.772777 0.751708 -0.821899 -0.265014
  0.183833 0.726425 0.259342 -0.196298
  0.489701 0.313286 0.423705 -2.102155
  0.685676 0.669966 0.333528 1.329573
  0.567751 0.994347 0.369075 2.037561
  0.453723 0.836858 0.383288 1.584534
  0.563606 0.340299 1.140564 0.814966
  0.860101 0.084301 -0.319475 0.577686
  0.683491 0.758142 0.230523 -0.125233
  0.989350 0.936363 -0.099117 0.894311
  0.812072 0.434751 0.727531 -0.106488
  0.339523 0.543022 2.316792 0.103652
  0.755114 0.880872 0.305309 -1.306843
  0.192113 0.235328 0.464956 -0.527362
  0.026331 0.711960 0.197525 0.141773
  0.991328 0.535375 -0.874131 2.069138
  0.528314 0.094269 -0.866469 1.732533
  0.232301 0.604055 -0.915054 -0.454555
  0.014308 0.359700 -1.287958 2.146287
  0.224547 0.488570 -0.281212 -0.866475
  0.501321 0.747131 -0.706612 -1.004004
  0.905236 0.519430 -2.163121 -0.862250
  0.502136 0.686097 0.690023 0.801648
  0.329382 0.249163 -0.630203 -0.209139
  0.977178 0.851265 0.290533 -0.493276
  0.147173 0.545568 1.104507 0.500621
  0.279743 0.864448 1.145973 -0.278676
  0.553611 0.394213 0.413440 -1.214960
  0.146510 0.548914 -1.667587 0.560241
  0.408129 0.657907 -0.219327 -2.765102
  0.888582 0.810348 0.991400 -0.054266
  0.602769 0.819508 0.692027 -1.718323
  0.847158 0.492922 0.562295 -0.145249
  0.415016 0.926339 -0.127526 -1.309934
  0.646571 0.389089 -2.388492 -0.122364
  0.666082 0.620392 -0.446838 1.520218
  0.246870 0.836032 -0.537170 -0.899457
  0.773969 0.305836 1.206647 1.505927
  0.212625 0.488017 -0.185944 -1.369579
  0.311968 0.569985 -0.712676 -0.258128
  0.608579 0.991571 -0.918643 -2.913363
  0.645207 0.138218 0.056717 0.896827
  0.544513 0.146029 -0.938144 -0.129745
  0.077304 0.671111 -0.426851 0.236647
  0.184627 0.849208 -0.190613 0.403085
  0.563640 0.109154 1.100061 -0.281083
  0.797609 0.741984 -0.449075 -0.340610
  0.381192 0.445383 0.003396 -0.825624
  0.826945 0.834692 -0.601630 -0.459596
  0.326189 0.683838 -1.073011 -2.157776
  0.859299 0.641007 -0.069742 -1.081597
  0.893735 0.418250 0.171810 0.497593
  0.664668 0.953838 -1.239452 -0.609635
  0.563697 0.360085 0.176203 -1.648256
  0.002692 0.428586 -0.316957 0.220299
  0.213210 0.109706 -1.023378 0.809567
  0.072195 0.234023 -0.904947 -0.539181
  0.325494 0.438715 -1.183810 -0.760185
  0.274693 0.791286 0.021399 1.163132
  0.724838 0.132745 -1.484845 0.345166
  0.477539 0.122607 0.101530 0.013414
  0.185137 0.788423 0.912397 1.282916
  0.208025 0.694415 1.222530 1.316007
  0.755242 0.817433 -0.147018 -0.227865
  0.515328 0.867726 -0.307640 -0.736763
  0.762654 0.697120 0.985695 2.397358
  0.889719 0.372510 -1.096861 1.926735
  0.289350 0.884929 0.304803 0.260202
  0.924730 0.163371 0.241016 0.372854
  0.582184 0.618180 1.005626 -2.064274
  0.832818 0.778001 1.015654 -0.079380
  0.585383 0.260779 1.028179 -0.459572
  0.352365 0.177976 0.936916 -2.450238
  0.133042 0.344472 2.295340 -0.370185
  0.120986 0.559892 1.021777 -0.687608
  0.950772 0.904991 -0.009328 1.020499
  0.538192 0.124627 1.162544 -0.727928
  0.698126 0.536863 1.144035 -1.364283
  0.784872 0.460624 -2.677170 -0.917292
  0.804178 0.837282 -2.002713 -0.041099
  0.298399 0.662534 -0.295610 -0.856752
  0.846415 0.063619 -0.255311 0.523322
  0.685202 0.501461 1.442527 0.764794
  0.517893 0.618854 -0.040375 0.797163
  0.108976 0.220729 1.226616 -0.683712
  0.828898 0.278469 0.626149 -0.022877
  0.476503 0.789693 -0.336260 2.439541
  0.505588 0.305664 0.873852 -0.406493
  0.892159 0.477434 -0.392113 1.095965
  0.480281 0.831208 1.918489 -1.313934
  0.021312 0.603728 -0.619779 -1.156051
  0.434105 0.411720 -0.538789 -0.656980
  0.968996 0.687013 1.422762 -1.710974
  0.072131 0.338545 -0.188147 0.026881
  0.990545 0.942668 -1.415376 0.370235
  0.525695 0.338328 -0.802878 1.695882
  0.154359 0.008905 -0.487911 1.404834
  0.384225 0.799848 0.376707 1.493195
  0.902250 0.770493 1.198689 -2.390468
  0.302981 0.789855 0.560745 -1.972173
  0.371245 0.023418 -0.471461 1.093781
  0.290473 0.614681 -0.233180 -0.703946
  0.248342 0.276179 0.374767 2.473737
  0.759739 0.358219 0.193445 -0.153702
  0.369818 0.695877 -0.608010 0.700319
  0.123393 0.820281 2.760352 0.951876
  0.173205 0.918849 -1.335496 -0.574971
  0.216531 0.013226 -1.430776 0.256775
  0.623604 0.653225 -0.032456 -0.585244
  0.057427 0.273065 0.280721 -0.630491
  0.761436 0.918069 -0.376612 0.415867
  0.132895 0.224098 0.191744 0.130456
  0.081132 0.710547 1.849468 0.632738
  0.896322 0.754071 -0.820632 -0.268780
  0.588279 0.579581 1.776796 -0.447971
  0.110644 0.875572 -1.243017 1.984894
  0.840969 0.839557 0.309905 -1.891169
  0.854747 0.653257 0.386397 0.005177
  0.313635 0.377537 -0.705656 1.341937
  0.897509 0.835890 0.792739 1.465643
  0.775262 0.743699 0.071926 -0.390237
  0.371448 0.324443 -1.221729 0.559857
  0.876835 0.777714 0.615846 -0.337160
  0.423485 0.919628 -0.351224 0.764118
  0.970616 0.210417 -0.888906 -0.394295
  0.084097 0.842778 1.232679 0.432711
  0.423434 0.412909 1.280306 -0.626490
  0.241494 0.112742 -1.943021 0.427497
  0.401802 0.564143 1.395471 -2.226977
  0.380906 0.664288 -0.015559 -0.233836
  0.515966 0.622674 0.237728 -2.712701
  0.927777 0.079959 -0.487979 0.859043
  0.934858 0.073493 0.037911 0.413531
  0.718198 0.261486 0.183855 0.757125
  0.683109 0.008218 1.005725 0.025597
  0.177094 0.644354 -0.998651 0.549448
  0.257905 0.300583 0.528519 0.217363
  0.504471 0.033141 -1.146052 -1.246394
  0.783887 0.672492 2.221495 0.276538
  0.448101 0.816026 -0.708109 0.686039
  0.146487 0.573515 -1.135512 1.406236
  0.011812 0.764943 -0.902256 -0.382247
  0.641431 0.678376 0.987266 1.083787
  0.136622 0.316167 -0.509693 1.087019
  0.212615 0.949441 -0.264660 -0.429830
  0.214681 0.138095 0.631027 1.183173
  0.883709 0.759855 0.715471 1.289103
  0.498206 0.340202 1.128129 1.119523
  0.255137 0.137774 -0.569514 -0.998515
  0.263630 0.382077 -1.101267 1.865784
  0.753655 0.837489 2.644255 0.102728
  0.056712 0.701740 1.547774 0.178017
  0.890486 0.283594 1.177285 1.092786
  0.812998 0.274500 -0.412668 -0.381827
  0.545370 0.195752 -1.592655 -1.473506
  0.659376 0.582186 -1.250197 -0.297514
  0.252696 0.280349 0.705383 2.731644
  0.596706 0.803391 -2.274184 0.710620
  0.376302 0.098531 0.381485 2.472912
  0.529089 0.756715 -1.069936 -1.498150
  0.567712 0.893123 -0.773448 0.041650
  0.277545 0.270185 1.191542 0.379620
  0.947288 0.728677 -0.677416 0.468252
  0.298261 0.684672 -0.527692 -0.143156
  0.836269 0.619327 1.243423 -0.645227
  0.276095 0.253359 0.104565 0.471081
  0.500696 0.579249 -1.245125 0.338533
  0.734934 0.184818 -0.422606 -1.039347
  0.748490 0.658075 0.890139 -0.932659
  0.725334 0.923378 -0.300780 0.106086
  0.922401 0.037581 -0.838272 -1.159467
  0.935382 0.539642 0.506114 -1.436376
  0.530001 0.993110 -0.446472 -2.252976
  0.640983 0.193386 -0.763094 -0.455133
  0.575796 0.853817 0.625819 1.269873
  0.777401 0.740634 0.685213 -1.534229
  0.979608 0.969853 0.349982 -1.659768
  0.601854 0.529778 0.354356 -0.307544
  0.335548 0.146932 -1.915874 0.223910
  0.670021 0.625206 0.902402 1.338245
  0.141554 0.331218 -0.152014 0.182203
  0.088396 0.759820 -0.132349 0.339405
  0.480207 0.197440 0.328507 1.322407
  0.077428 0.955266 -0.032373 1.022939
  0.447116 0.030194 1.538638 0.126832
  0.779300 0.102713 -0.373131 0.611610
  0.595913 0.282497 0.008551 1.207380
  0.297028 0.958374 1.505145 -1.824722
  0.921544 0.456861 -0.961884 0.680362
  0.657790 0.095381 0.251859 -0.693817
  0.211197 0.898153 1.664703 -1.810613
  0.428532 0.782126 1.748148 -0.852136
  0.562318 0.719826 -0.130356 -1.427886
  0.239829 0.531950 0.946442 -2.170010
  0.040630 0.795327 1.851784 -0.668728
  0.091892 0.727826 0.455027 0.359954
  0.917852 0.502360 -0.276743 0.739415
  0.789416 0.960065 0.371108 -0.436650
  0.192952 0.710754 0.688264 0.577763
  0.664224 0.025543 0.694244 0.000432
  0.620599 0.185029 1.194666 -0.599429
  0.009682 0.746867 0.142084 1.585086
  0.151595 0.891013 -0.843465 0.765307
  0.250020 0.285012 -0.931471 -0.481378
  0.924450 0.317444 -0.236004 -0.368861
  0.811394 0.229017 -1.718248 0.971709
  0.312094 0.156869 -0.045087 0.032801
  0.314573 0.818422 -1.758640 -0.816099
  0.801415 0.051986 -1.573234 -0.730013
  0.284657 0.709001 0.500934 0.784536
  0.203278 0.861315 1.155704 1.634161
  0.681742 0.976749 -1.227212 -1.867028
  0.642261 0.853123 -1.844028 1.308002
  0.905249 0.292487 0.209572 0.973183
  0.919451 0.500451 -0.562344 0.556241
  0.558347 0.742687 -0.121710 -0.941052
  0.869678 0.409310 1.724760 1.623659
  0.559297 0.587535 -1.193669 -0.302146
  0.431678 0.558302 -0.117047 0.155521
  0.691336 0.883416 -0.078095 1.105795
  0.451805 0.255272 0.400615 -0.356555
  0.626937 0.826364 1.876314 0.958984
  0.061300 0.314622 0.438978 0.865537
  0.118847 0.740242 -0.456294 -0.611211
  0.587207 0.211630 -0.676998 0.008321
  0.922765 0.339257 1.111147 0.553828
  0.130285 0.185933 2.099916 -0.143636
  0.705228 0.643960 1.967935 1.762112
  0.692772 0.137871 -0.679981 -0.599905
  0.895084 0.488103 -0.105629 -0.684863
  0.589953 0.789417 -0.296512 -0.696969
  0.080565 0.131088 0.145526 0.730380
  0.819908 0.749255 -1.537780 -0.149341
  0.491792 0.111701 -0.407156 2.969130
  0.833266 0.534295 -0.677131 0.541371
  0.010749 0.449852 -0.319773 -1.368616
  0.885360 0.546101 -0.244093 1.565212
  0.669064 0.310178 0.428523 -1.756486
  0.006549 0.446429 1.422466 -1.227330
  0.264158 0.492672 -1.492250 0.092901
  0.866105 0.166799 0.402325 1.421947
  0.985704 0.977356 0.639843 0.425160
  0.533211 0.446045 2.189919 -0.297551
  0.297124 0.185412 -1.420268 0.105069
  0.719222 0.686172 0.050471 0.704759
  0.110555 0.393495 0.208281 -0.127785
  0.736308 0.887425 -1.595474 -0.757335
  0.323848 0.813522 0.432440 0.268181
  0.372651 0.544570 -0.232846 0.160454
  0.887927 0.163704 -0.158225 -0.235002
  0.884152 0.750878 1.824697 0.062763
  0.092229 0.420936 -2.837139 0.311656
  0.891437 0.841930 1.143329 1.352527
  0.637806 0.664011 0.131709 -1.454765
  0.790380 0.796318 -1.762336 -0.420634
  0.052111 0.149027 -0.364716 -1.049292
  0.868565 0.671449 0.147214 -0.381925
  0.840910 0.436849 0.074288 1.428472
  0.544991 0.766217 -1.815793 1.865371
  0.691769 0.457889 2.229035 0.458422
  0.979300 0.006921 0.080463 0.617237
  0.156355 0.585771 1.339970 1.175657
  0.875721 0.006794 -1.143832 -1.488366
  0.914288 0.688767 -0.815916 -1.216678
  0.630279 0.055381 -0.813978 -0.412650
  0.516115 0.491607 -0.781825 0.460381
  0.557115 0.794563 0.215725 0.343364
  0.080822 0.184036 -0.331571 -2.050306
  0.684876 0.870728 0.109185 1.852222
  0.460275 0.934885 -0.995278 -1.262278
  0.416943 0.276874 0.186525 -2.140878
  0.590833 0.637588 -1.390485 0.118227
  0.155301 0.299216 -0.606840 0.024000
  0.462617 0.487264 0.089744 -0.776441
  0.900439 0.786786 0.486949 0.684800
  0.954292 0.516705 0.011212 0.107906
  0.370959 0.853449 0.405195 -0.181671
  0.954149 0.253746 -0.708252 -1.067446
  0.723557 0.038495 0.659303 -0.352621
  0.654389 0.911566 0.634703 2.397327
  0.784059 0.609042 -0.850444 0.854875
  0.071013 0.656309 0.164063 -0.596057
  0.957051 0.591019 -1.500043 -1.023704
  0.359833 0.465358 -0.721219 -1.156754
  0.083066 0.457972 -1.631487 -1.174702
  0.621456 0.069127 0.311273 -0.129051
  0.252915 0.405503 -0.629584 -0.358258
  0.373907 0.550542 -0.063328 -1.411715
  0.612512 0.558072 -0.225287 0.200488
  0.927360 0.859337 -0.640330 -1.218782
  0.182564 0.832660 -0.165997 1.042696
  0.583479 0.483772 0.743876 -0.429028
  0.619338 0.894594 0.998780 0.101325
  0.655564 0.665368 -0.198593 0.359510
  0.729957 0.359411 -0.516637 -0.155449
  0.976528 0.199167 -0.391098 -0.394901
  0.603661 0.126566 1.714112 1.590954
  0.291810 0.551339 -1.201521 0.604903
  0.578310 0.722086 0.716521 -1.167794
  0.054074 0.936689 -0.502418 1.838290
  0.469354 0.880647 1.616415 0.798720
  0.754563 0.912911 -1.626941 -0.648402
  0.889135 0.267705 0.685234 0.352674
  0.085015 0.947340 -0.765441 -1.202897
  0.294785 0.164759 0.315148 0.031997
  0.045510 0.231087 -1.082251 -0.969206
  0.205137 0.280130 -1.725356 -1.548750
  0.351267 0.353820 -0.516322 0.556305
  0.295644 0.304804 -0.099080 0.790269
  0.495520 0.161550 0.873574 0.525809
  0.398588 0.871166 -0.553411 0.590142
  0.964227 0.272814 0.038446 -1.208976
  0.417036 0.830909 -1.093435 0.580203
  0.583189 0.749502 0.201431 0.876160
  0.903285 0.719773 0.901017 0.363829
  0.276089 0.913622 -0.431650 -0.858058
  0.707977 0.913486 1.419778 -0.182199
  0.113100 0.094602 -1.100552 -0.781723
  0.967896 0.785353 0.079822 2.210867
  0.639713 0.684361 0.195301 -1.372116
  0.382412 0.889579 -0.101499 0.180763
  0.756050 0.182865 -1.711911 0.876600
  0.692380 0.309088 -0.301883 -0.202766
  0.430902 0.235013 -1.048604 -0.453322
  0.536667 0.939973 -2.859164 -0.203733
  0.619162 0.223439 2.329745 0.203366
  0.064509 0.928525 0.524561 1.660096
  0.058635 0.475114 1.028916 -0.450030
  0.658216 0.197252 1.111800 -0.589324
  0.574660 0.874357 0.577923 -0.493842
  0.239792 0.458362 -0.831465 -0.155875
  0.635277 0.337457 -1.151775 -0.269294
  0.942828 0.338518 -0.124316 -0.697375
  0.980191 0.807746 -1.230258 -0.137578
  0.342596 0.555800 -0.356533 -0.515652
  0.107887 0.410147 -1.276593 0.988943
  0.323758 0.057599 -0.821911 -0.755244
  0.313426 0.921350 -0.429397 0.522431
  0.339930 0.439469 -0.197843 0.088528
  0.465975 0.740717 -1.151022 -0.547972
  0.030748 0.691103 1.040807 -0.007666
  0.618214 0.280063 0.486888 -0.617604
  0.942485 0.431597 0.309737 0.852974
  0.168231 0.168186 0.391067 0.608965
  0.986151 0.888108 -1.484210 -1.296912
  0.714404 0.980329 -0.083551 2.812139
  0.847147 0.671295 -0.061361 -1.156341
  0.140756 0.054917 -1.361244 -0.799774
  0.996463 0.880123 0.178156 1.400047
  0.762990 0.058056 -0.289440 -1.267221
  0.386750 0.004727 0.918093 1.546507
  0.035618 0.122824 0.098784 -0.582715
  0.398552 0.357825 0.180308 0.328557
  0.151293 0.935654 -0.927494 -0.430316
  0.556515 0.833791 -0.310038 1.219920
  0.671732 0.540005 0.595547 -2.002706
  0.509411 0.398311 -0.497887 -0.187757
  0.971101 0.920200 0.027065 0.344280
  0.659170 0.719436 1.069550 -0.242202
  0.847287 0.755027 -0.613650 1.731561
  0.877940 0.186203 0.422422 1.471150
  0.331492 0.459891 -0.721433 0.880340
  0.758532 0.389366 1.783634 1.123253
  0.069479 0.775316 -0.302940 0.568021
  0.031464 0.418579 1.721415 1.503429
  0.541389 0.942096 -0.200502 0.473644
  0.852009 0.304577 -1.096203 1.071860
  0.485265 0.922242 -0.239996 -0.274705
  0.673468 0.119904 -0.393679 -0.805747
  0.497040 0.307869 1.554175 -0.290977
  0.567200 0.714279 -0.730389 -0.434539
  0.597220 0.619176 -0.210622 0.799569
  0.067750 0.495610 1.799813 -1.083286
  0.313636 0.730171 -1.101283 -1.082490
  0.720602 0.411459 -0.074735 0.092793
  0.319053 0.147768 -0.559260 -0.929199
  0.086527 0.694992 0.868906 1.179694
  0.778053 0.562116 -0.383666 -0.139421
  0.328694 0.846362 1.525844 -0.110724
  0.507560 0.448895 -1.140354 0.613826
  0.724558 0.937962 -0.575932 0.452582
  0.165419 0.656982 0.555473 0.548052
  0.666208 0.885423 -1.718858 1.145451
  0.916604 0.107284 -0.357038 0.978560
  0.218407 0.234586 1.829733 0.913119
  0.378115 0.256908 0.936431 1.562069
  0.868294 0.556495 0.847371 -1.203494
  0.730706 0.719501 1.481243 1.059095
  0.126042 0.991750 0.194206 0.319856
  0.668683 0.768672 1.648022 -1.548198
  0.554221 0.590848 1.988384 -0.129839
  0.790013 0.842720 0.418259 -0.380826
  0.568749 0.007291 -0.799855 -1.060669
  0.629501 0.196551 -0.162299 0.295357
  0.636373 0.469170 -0.594419 0.009989
  0.824056 0.578843 0.135214 -1.801828
  0.556267 0.572808 0.656090 0.734488
  0.300136 0.046058 -1.697964 -0.656058
  0.195091 0.695743 -0.706660 -0.714954
  0.883450 0.888624 0.401191 0.152771
  0.611178 0.935494 -1.553255 -1.255879
  0.267722 0.861542 0.086419 0.666175
  0.618646 0.057555 -0.542400 0.807889
  0.530596 0.421452 0.853061 0.759179
  0.256215 0.090973 -0.617900 0.951564
  0.685922 0.138028 -0.567321 2.565100
  0.188479 0.662353 -1.976317 -0.669389
  0.931076 0.346318 0.124070 0.212641
  0.197149 0.513034 -0.920223 -2.068945
  0.959862 0.062996 -0.211140 1.136086
  0.002210 0.460190 -1.044283 -0.707676
  0.948799 0.572632 -1.009169 -0.053809
  0.688178 0.602855 -0.855437 -0.638671
  0.621394 0.287409 -0.500381 -0.785199
  0.451472 0.429673 0.939134 1.575574
  0.180610 0.759444 -0.079746 -0.183902
  0.827234 0.644039 -1.114744 -0.903586
  0.493310 0.513427 0.262887 -0.956681
  0.840193 0.066787 0.783188 -1.184448
  0.970555 0.632498 0.344783 -0.369497
  0.087573 0.277773 1.054615 1.137612
  0.268904 0.968582 0.798386 1.125571
  0.647919 0.954376 -0.295387 0.313177
  0.858021 0.539527 -0.545600 0.547107
  0.376453 0.687447 0.799565 0.253834
  0.465268 0.295424 -0.229311 0.061478
  0.654102 0.855316 0.803226 -0.135922
  0.643118 0.701731 -0.151138 0.104344
  0.638920 0.264881 1.138545 -1.980316
  0.262671 0.790941 0.670318 0.217648
  0.194879 0.597574 0.528806 -0.958852
  0.261296 0.730327 0.736473 0.044806
  0.496865 0.356309 -0.496477 -1.078362
  0.725990 0.316927 -1.084812 0.003847
  0.664169 0.304921 -0.685225 -0.168539
  0.850247 0.611889 -0.889849 -1.041322
  0.308987 0.594228 0.418123 0.203398
  0.228928 0.586747 -0.687102 1.717698
  0.664886 0.993340 -0.169612 1.444947
  0.602405 0.985615 -0.228353 0.469058
  0.470320 0.547671 1.057777 0.784026
  0.910989 0.025217 -1.381893 -0.555113
  0.101394 0.978152 0.075395 -1.604284
  0.857070 0.002072 0.536741 -0.787254
  0.742906 0.511898 -0.580440 -0.870746
  0.017459 0.577321 -1.030977 -1.407451
  0.379413 0.106854 -0.244737 1.347027
  0.614656 0.868225 0.098183 -0.657026
  0.209081 0.086653 -0.674573 -1.193826
  0.820696 0.922662 -1.635899 1.880335
  0.529927 0.446583 -1.486070 0.876090
  0.530196 0.841132 0.408096 1.754976
  0.568260 0.734213 1.481696 -1.585425
  0.397117 0.292768 1.448800 -1.087031
  0.333588 0.893693 0.212021 1.052159
  0.238971 0.916974 -0.514668 1.477969
  0.186846 0.341894 -0.840455 0.751808
  0.908607 0.410224 0.639307 2.581775
  0.157763 0.704395 -1.261440 0.585299
  0.037125 0.085571 -0.405817 -1.272599
  0.559207 0.453657 -0.324311 0.277551
  0.074924 0.695683 -2.186520 -0.487413
  0.140201 0.608160 0.393183 -0.115274
  0.555663 0.477988 1.021308 -2.663731
  0.445948 0.456381 -0.950055 -0.817638
  0.747580 0.164836 0.404955 0.582834
  0.553106 0.014150 0.256913 0.934155
  0.910469 0.390131 0.049493 1.027463
  0.158098 0.590858 0.663690 -0.537104
  0.272681 0.071959 -2.789978 -1.904903
  0.113465 0.453743 -0.633627 0.439922
  0.515218 0.909126 -0.398947 1.361483
  0.954255 0.227245 0.678492 -0.307359
  0.774157 0.247779 -1.037071 0.281938
  0.695117 0.000425 -1.237508 -1.542592
  0.354154 0.498723 0.289972 -1.056991
  0.208862 0.551521 -0.578585 0.831532
  0.212685 0.077809 0.446093 -0.423948
  0.651518 0.276717 -0.323183 -0.494305
  0.696343 0.573643 -2.457007 0.027690
  0.614624 0.105197 1.518001 1.431468
  0.051976 0.940120 0.902044 -0.602001
  0.625312 0.251411 -1.061663 -1.241769
  0.207818 0.906213 1.437484 1.238419
  0.932965 0.746161 0.558322 1.561050
  0.141431 0.377445 0.240532 -0.902262
  0.000933 0.316610 0.359849 0.677067
  0.237008 0.048995 -1.343017 0.924792
  0.922746 0.842338 -1.036740 -1.508820
  0.827625 0.654334 -0.210441 -0.541337
  0.883770 0.673613 -1.381733 0.176771
  0.967450 0.913901 -0.473721 -0.138205
  0.649698 0.460793 -1.187504 1.848699
  0.043545 0.327782 -1.121811 1.371704
  0.698924 0.728327 0.187941 -0.562229
  0.849501 0.563088 -1.016569 -1.923899
  0.173567 0.420201 -0.513295 0.891979
  0.527435 0.933829 -0.492319 0.955333
  0.043931 0.711012 -0.178886 -1.057234
  0.762164 0.992987 1.693900 0.293695
  0.146527 0.158589 -0.110633 -0.768092
  0.207964 0.607772 -0.920187 0.801691
  0.539434 0.164054 1.473961 0.008436
  0.097529 0.612742 -1.945076 1.009140
  0.774799 0.714490 1.024164 -1.975110
  0.710026 0.784465 0.046437 1.352757
  0.271097 0.716964 0.036744 -0.924207
  0.508799 0.349976 -0.407812 -0.487166
  0.115000 0.040027 0.432223 -3.325869
  0.765328 0.712477 3.002696 0.944916
  0.423203 0.372005 -0.189379 -0.457275
  0.946222 0.290311 -0.527816 -0.075912
  0.790006 0.107343 1.604543 0.642913
  0.933792 0.407089 0.702491 -0.412076
  0.663610 0.848887 -1.129444 -0.429847
  0.130624 0.820956 1.025720 0.659161
  0.343390 0.609954 0.692271 1.550105
  0.045007 0.723198 -0.880263 -1.419802
  0.946421 0.896159 -0.004342 -0.305095
  0.663253 0.316321 0.665936 -1.348469
  0.724601 0.344203 0.183676 0.997080
  0.589793 0.884253 2.146573 -0.254234
  0.600669 0.244022 -1.128991 0.902049
  0.595277 0.061249 -0.922791 0.243533
  0.935910 0.909743 0.323642 -0.036292
  0.168094 0.040239 1.158467 0.838373
  0.438993 0.113277 0.162658 -1.250315
  0.833732 0.027434 -0.771943 -0.955643
  0.159806 0.455364 -0.506684 0.067800
  0.422206 0.472538 0.364337 1.356747
  0.427322 0.679384 -0.224902 0.946222
  0.509477 0.914082 1.328368 -0.112664
  0.629827 0.123510 0.694891 1.189323
  0.865489 0.194950 -1.940589 -1.236310
  0.933052 0.787973 0.395097 -0.247009
  0.857523 0.336208 0.932494 1.138351
  0.824730 0.596432 1.171771 -0.418588
  0.644834 0.727773 0.409318 0.324688
  0.659330 0.829099 -0.846398 -1.299008
  0.299383 0.843125 0.140218 -0.465189
  0.963146 0.183586 1.817871 -0.161845
  0.322054 0.041336 -0.401933 1.983054
  0.075601 0.407348 -0.022380 0.811366
  0.592539 0.270485 2.102577 0.115069
  0.768495 0.519309 -0.663055 -0.791370
  0.152424 0.644469 0.649306 -1.143144
  0.424903 0.435462 -0.396526 -1.233681
  0.543040 0.309946 -0.213083 0.343197
  0.952782 0.407438 1.398908 -2.286307
  0.253904 0.012649 -0.879118 0.352880
  0.927025 0.303566 1.051337 -0.143291
  0.124030 0.997347 0.891558 0.038470
