# omega0=1, alpha=0.2
# theta0=-0.8, theta_dot0=0.1234
# t_start=0, t_end=250, h=0.00911928
#   t          theta(t)                 thetadot(t)       
100.093 -2.958274979381128e+00 3.715524325224836e-01
1.001844321983948e+02 -2.921767340481815e+00 4.295431778336781e-01
1.002756250185281e+02 -2.879851415710702e+00 4.902004073468100e-01
1.003668178386614e+02 -2.832274270020238e+00 5.537377418470316e-01
1.004580106587947e+02 -2.778763765810517e+00 6.203615715060391e-01
1.005492034789280e+02 -2.719029574199038e+00 6.902628511007675e-01
1.006403962990614e+02 -2.652765077658855e+00 7.636056460122319e-01
1.007315891191947e+02 -2.579650490957097e+00 8.405117523092634e-01
1.008227819393280e+02 -2.499357589426043e+00 9.210407178119550e-01
1.009139747594613e+02 -2.411556491333052e+00 1.005164691562703e+00
1.010051675795946e+02 -2.315924983105770e+00 1.092737784956881e+00
1.010963603997279e+02 -2.212160885013336e+00 1.183460112062305e+00
1.011875532198612e+02 -2.099997906110785e+00 1.276837469644310e+00
1.012787460399945e+02 -1.979225299362479e+00 1.372138787209355e+00
1.013699388601278e+02 -1.849711365050650e+00 1.468355043905564e+00
1.014611316802611e+02 -1.711430429442587e+00 1.564165228712544e+00
1.015523245003944e+02 -1.564492327794643e+00 1.657916856666009e+00
1.016435173205277e+02 -1.409172661357388e+00 1.747630057040159e+00
1.017347101406610e+02 -1.245941248321175e+00 1.831034588271986e+00
1.018259029607943e+02 -1.075485393974261e+00 1.905647444821520e+00
1.019170957809276e+02 -8.987240860706409e-01 1.968894284897859e+00
1.020082886010609e+02 -7.168092404113260e-01 2.018270591406079e+00
1.020994814211942e+02 -5.311109094042064e-01 2.051529190962768e+00
1.021906742413275e+02 -3.431850136129903e-01 2.066871645662819e+00
1.022818670614608e+02 -1.547245130746630e-01 2.063115107871061e+00
1.023730598815941e+02 3.250242419031657e-02 2.039806306670412e+00
1.024642527017274e+02 2.167213955052342e-01 1.997261661102037e+00
1.025554455218607e+02 3.962206739685194e-01 1.936525799826968e+00
1.026466383419940e+02 5.694128578461570e-01 1.859256349550065e+00
1.027378311621273e+02 7.348834163767377e-01 1.767556110390809e+00
1.028290239822606e+02 8.914226012551687e-01 1.663781015752117e+00
1.029202168023939e+02 1.038039837423564e+00 1.550352302645855e+00
1.030114096225272e+02 1.173962063177961e+00 1.429595355986936e+00
1.031026024426605e+02 1.298619133900600e+00 1.303618563105454e+00
1.031937952627938e+02 1.411620188043451e+00 1.174236233155396e+00
1.032849880829271e+02 1.512724891036474e+00 1.042932345401610e+00
1.033761809030604e+02 1.601812954627947e+00 9.108574945616191e-01
1.034673737231937e+02 1.678854539758621e+00 7.788497616432255e-01
1.035585665433270e+02 1.743883311432837e+00 6.474706330451359e-01
1.036497593634603e+02 1.796973169944131e+00 5.170486526327823e-01
1.037409521835936e+02 1.838219105677704e+00 3.877254883857996e-01
1.038321450037269e+02 1.867722229883995e+00 2.595010354582164e-01
1.039233378238602e+02 1.885578802735307e+00 1.322758015938469e-01
1.040145306439935e+02 1.891872978713128e+00 5.890039218973854e-03
1.041057234641268e+02 1.886672980861447e+00 -1.198400890472126e-01
1.041969162842601e+02 1.870030465795790e+00 -2.450885461647435e-01
1.042881091043934e+02 1.841982921877789e+00 -3.699867008087738e-01
1.043793019245267e+02 1.802559029538171e+00 -4.945909487109416e-01
1.044704947446600e+02 1.751786984024019e+00 -6.188500520800650e-01
1.045616875647933e+02 1.689705816313386e+00 -7.425720809658378e-01
1.046528803849266e+02 1.616379726458489e+00 -8.653915838315615e-01
1.047440732050599e+02 1.531915343512189e+00 -9.867385930626362e-01
1.048352660251932e+02 1.436481627451781e+00 -1.105812244026518e+00
1.049264588453265e+02 1.330331817956018e+00 -1.221563038361494e+00
1.050176516654598e+02 1.213826414593255e+00 -1.332688889006607e+00
1.051088444855931e+02 1.087455671230252e+00 -1.437650695480971e+00
1.052000373057264e+02 9.518595695317917e-01 -1.534712862421439e+00
1.052912301258597e+02 8.078428098298706e-01 -1.622012439053376e+00
1.053824229459930e+02 6.563821648200990e-01 -1.697657146748093e+00
1.054736157661263e+02 4.986237330514101e-01 -1.759847612482417e+00
1.055648085862596e+02 3.358683165104958e-01 -1.807013380084361e+00
1.056560014063929e+02 1.695443444210848e-01 -1.837947089666004e+00
1.057471942265262e+02 1.169345751204209e-03 -1.851918288533248e+00
1.058383870466595e+02 -1.676973396492312e-01 -1.848749095777027e+00
1.059295798667928e+02 -3.355064949220633e-01 -1.828838883108029e+00
1.060207726869261e+02 -5.007706761666320e-01 -1.793133399708359e+00
1.061119655070594e+02 -6.621106670961263e-01 -1.743043295386415e+00
1.062031583271927e+02 -8.182926733951725e-01 -1.680325235247241e+00
1.062943511473260e+02 -9.682536483738827e-01 -1.606943683986459e+00
1.063855439674593e+02 -1.111113852627567e+00 -1.524932110688493e+00
1.064767367875926e+02 -1.246177345364311e+00 -1.436269325815407e+00
1.065679296077259e+02 -1.372922306501954e+00 -1.342781354885103e+00
1.066591224278592e+02 -1.490983768134014e+00 -1.246073384631119e+00
1.067503152479925e+02 -1.600131507161696e+00 -1.147491263245801e+00
1.068415080681258e+02 -1.700245631371203e+00 -1.048108547489901e+00
1.069327008882591e+02 -1.791291932069563e+00 -9.487333029762641e-01
1.070238937083924e+02 -1.873298522243733e+00 -8.499284984838915e-01
1.071150865285257e+02 -1.946334739134418e+00 -7.520404280468457e-01
1.072062793486590e+02 -2.010492830019374e+00 -6.552306857829239e-01
1.072974721687923e+02 -2.065872588064254e+00 -5.595084506567308e-01
1.073886649889256e+02 -2.112568862872251e+00 -4.647609849342499e-01
1.074798578090589e+02 -2.150661724181104e+00 -3.707811991924038e-01
1.075710506291922e+02 -2.180208987153319e+00 -2.772918583212064e-01
1.076622434493255e+02 -2.201240793702939e+00 -1.839665150511008e-01
1.077534362694588e+02 -2.213755968930966e+00 -9.044760014023386e-02
1.078446290895921e+02 -2.217719921593118e+00 3.637683833559188e-03
1.079358219097254e+02 -2.213063923088403e+00 9.866288543349176e-02
1.080270147298587e+02 -2.199685674423593e+00 1.949883868756690e-01
1.081182075499921e+02 -2.177451150878342e+00 2.929471480946872e-01
1.082094003701254e+02 -2.146197796686457e+00 3.928292043131437e-01
1.083005931902587e+02 -2.105739223941393e+00 4.948640367106144e-01
1.083917860103920e+02 -2.055871646852131e+00 5.992000219035791e-01
1.084829788305253e+02 -1.996382347586613e+00 7.058803459042489e-01
1.085741716506586e+02 -1.927060512524768e+00 8.148150916536224e-01
1.086653644707919e+02 -1.847710782019333e+00 9.257497365538881e-01
1.087565572909252e+02 -1.758169801278876e+00 1.038231089234966e+00
1.088477501110585e+02 -1.658325918325713e+00 1.151572796084196e+00
1.089389429311918e+02 -1.548141918856537e+00 1.264823949041885e+00
1.090301357513251e+02 -1.427680293869061e+00 1.376745919216041e+00
1.091213285714584e+02 -1.297129997085719e+00 1.485804066604793e+00
1.092125213915917e+02 -1.156832990618965e+00 1.590181985908002e+00
1.093037142117250e+02 -1.007308173360892e+00 1.687825819969107e+00
1.093949070318583e+02 -8.492696722989094e-01 1.776524227318990e+00
1.094860998519916e+02 -6.836361428834083e-01 1.854025343033197e+00
1.095772926721249e+02 -5.115278834551978e-01 1.918185583072915e+00
1.096684854922582e+02 -3.342493899200996e-01 1.967137344401541e+00
1.097596783123915e+02 -1.532565003794371e-01 1.999455427946275e+00
1.098508711325248e+02 2.989065673262082e-02 2.014297799441920e+00
1.099420639526581e+02 2.135854713719324e-01 2.011497226581679e+00
1.100332567727914e+02 3.962381059741539e-01 1.991587141018558e+00
1.101244495929247e+02 5.763378604503402e-01 1.955756496949261e+00
1.102156424130580e+02 7.525084309406583e-01 1.905741374383778e+00
1.103068352331913e+02 9.235510748754062e-01 1.843671906492711e+00
1.103980280533246e+02 1.088472700112164e+00 1.771898952762140e+00
1.104892208734579e+02 1.246498162204019e+00 1.692824842583875e+00
1.105804136935912e+02 1.397068073646627e+00 1.608757511827122e+00
1.106716065137245e+02 1.539824852929254e+00 1.521799712704583e+00
1.107627993338578e+02 1.674590441872087e+00 1.433777123722948e+00
1.108539921539911e+02 1.801339165442517e+00 1.346202891371675e+00
1.109451849741244e+02 1.920168784752010e+00 1.260272193155001e+00
1.110363777942577e+02 2.031272118760008e+00 1.176878772180593e+00
1.111275706143910e+02 2.134910870683621e+00 1.096645508428038e+00
1.112187634345243e+02 2.231392619433156e+00 1.019962262821842e+00
1.113099562546576e+02 2.321051391654708e+00 9.470258425488658e-01
1.114011490747909e+02 2.404231835268527e+00 8.778785594701857e-01
1.114923418949242e+02 2.481276759484436e+00 8.124432477402943e-01
1.115835347150575e+02 2.552517663114697e+00 7.505536791281201e-01
1.116747275351908e+02 2.618267812754734e+00 6.919800657961795e-01
1.117659203553241e+02 2.678817427758650e+00 6.364498186705321e-01
1.118571131754574e+02 2.734430557901562e+00 5.836639991168119e-01
1.119483059955907e+02 2.785343286033365e+00 5.333100242801961e-01
1.120394988157240e+02 2.831762940926132e+00 4.850712135512618e-01
1.121306916358573e+02 2.873868058051830e+00 4.386337339940754e-01
1.122218844559906e+02 2.911808874346174e+00 3.936914434308373e-01
1.123130772761239e+02 2.945708185302506e+00 3.499490590754114e-01
1.124042700962572e+02 2.975662428475458e+00 3.071240080720180e-01
1.124954629163905e+02 3.001742886899410e+00 2.649472501462049e-01
1.125866557365238e+02 3.023996929687411e+00 2.231633047946603e-01
1.126778485566571e+02 3.042449225994401e+00 1.815296670845509e-01
1.127690413767904e+02 3.057102883468253e+00 1.398157571690578e-01
1.128602341969237e+02 3.067940474106195e+00 9.780151848360022e-02
1.129514270170570e+02 3.074924919853079e+00 5.527575750878670e-02
1.130426198371903e+02 3.078000218022809e+00 1.203430323841569e-02
1.131338126573236e+02 3.077091993335624e+00 -3.212194350812958e-02
1.132250054774569e+02 3.072107869638948e+00 -7.738900239862197e-02
1.133161982975902e+02 3.062937660794507e+00 -1.239617743091990e-01
1.134073911177235e+02 3.049453387349908e+00 -1.720358860677292e-01
1.134985839378568e+02 3.031509134079462e+00 -2.218093167055217e-01
1.135897767579901e+02 3.008940773943284e+00 -2.734836768770406e-01
1.136809695781234e+02 2.981565597219793e+00 -3.272649786290606e-01
1.137721623982567e+02 2.949181901351334e+00 -3.833636885230233e-01
1.138633552183900e+02 2.911568618334631e+00 -4.419938023127492e-01
1.139545480385233e+02 2.868485083280793e+00 -5.033706135331253e-01
1.140457408586566e+02 2.819671081050491e+00 -5.677067721725472e-01
1.141369336787899e+02 2.764847348473376e+00 -6.352061459016629e-01
1.142281264989232e+02 2.703716758015234e+00 -7.060549115036757e-01
1.143193193190565e+02 2.635966464468534e+00 -7.804092302159389e-01
1.144105121391898e+02 2.561271357466134e+00 -8.583788179909272e-01
1.145017049593231e+02 2.479299225153650e+00 -9.400057420573114e-01
1.145928977794564e+02 2.389718090455331e+00 -1.025237905029502e+00
1.146840905995897e+02 2.292206218311029e+00 -1.113896979855059e+00
1.147752834197230e+02 2.186465290930520e+00 -1.205641109862871e+00
1.148664762398563e+02 2.072237182082636e+00 -1.299923568988792e+00
1.149576690599896e+02 1.949324597526159e+00 -1.395949850092937e+00
1.150488618801229e+02 1.817615550373788e+00 -1.492637316693575e+00
1.151400547002562e+02 1.677111175653180e+00 -1.588583497977259e+00
1.152312475203895e+02 1.527955744675586e+00 -1.682051020062085e+00
1.153224403405228e+02 1.370466943222403e+00 -1.770978493937351e+00
1.154136331606561e+02 1.205163615872679e+00 -1.853026634964218e+00
1.155048259807894e+02 1.032787417417231e+00 -1.925666595733999e+00
1.155960188009227e+02 8.543143886904673e-01 -1.986312316887629e+00
1.156872116210561e+02 6.709526553595081e-01 -2.032490709605563e+00
1.157784044411894e+02 4.841234453185254e-01 -2.062033890579976e+00
1.158695972613227e+02 2.954244763658933e-01 -2.073268937518248e+00
1.159607900814560e+02 1.065772631059326e-01 -2.065175844228934e+00
1.160519829015893e+02 -8.063745928725802e-02 -2.037486136929064e+00
1.161431757217226e+02 -2.644498471381407e-01 -1.990703678795138e+00
1.162343685418559e+02 -4.431691939152481e-01 -1.926043592271464e+00
1.163255613619892e+02 -6.152432575205908e-01 -1.845300855114029e+00
1.164167541821225e+02 -7.793032694836484e-01 -1.750672345031447e+00
1.165079470022558e+02 -9.341917063617269e-01 -1.644561708693598e+00
1.165991398223891e+02 -1.078972558321612e+00 -1.529394780520114e+00
1.166903326425224e+02 -1.212926064507486e+00 -1.407466161388200e+00
1.167815254626557e+02 -1.335531335656127e+00 -1.280828027493766e+00
1.168727182827890e+02 -1.446440868604387e+00 -1.151223187988479e+00
1.169639111029223e+02 -1.545450814453006e+00 -1.020057720416916e+00
1.170551039230556e+02 -1.632470244724776e+00 -8.884048046708076e-01
1.171462967431889e+02 -1.707491829910696e+00 -7.570303136527669e-01
1.172374895633222e+02 -1.770565508649936e+00 -6.264314960259539e-01
1.173286823834555e+02 -1.821776011091470e+00 -4.968818392947617e-01
1.174198752035888e+02 -1.861224562629652e+00 -3.684772444207075e-01
1.175110680237221e+02 -1.889014738949538e+00 -2.411805419322935e-01
1.176022608438554e+02 -1.905242245913250e+00 -1.148629225464347e-01
1.176934536639887e+02 -1.909988322321629e+00 1.065801471411546e-02
1.177846464841220e+02 -1.903316473150564e+00 1.355831498744740e-01
1.178758393042553e+02 -1.885272302888009e+00 2.600988008933053e-01
1.179670321243886e+02 -1.855886305951671e+00 3.843447433163954e-01
1.180582249445219e+02 -1.815179561144295e+00 5.083823648047923e-01
1.181494177646552e+02 -1.763172349420122e+00 6.321623305438311e-01
1.182406105847885e+02 -1.699895748979855e+00 7.554916597068985e-01
1.183318034049218e+02 -1.625406237997890e+00 8.780008730502749e-01
1.184229962250551e+02 -1.539803231355737e+00 9.991128689531614e-01
1.185141890451884e+02 -1.443249273319561e+00 1.118016380410155e+00
1.186053818653217e+02 -1.335992289690011e+00 1.233648142039709e+00
1.186965746854550e+02 -1.218388872639534e+00 1.344689024806752e+00
1.187877675055883e+02 -1.090927058149149e+00 1.449580017310561e+00
1.188789603257216e+02 -9.542465265225810e-01 1.546563583348072e+00
1.189701531458549e+02 -8.091537211716529e-01 1.633754140584977e+00
1.190613459659882e+02 -6.566291857766233e-01 1.709237903231598e+00
1.191525387861215e+02 -4.978246191837888e-01 1.771197256762307e+00
1.192437316062548e+02 -3.340478545443558e-01 1.818048953998257e+00
1.193349244263881e+02 -1.667351976456195e-01 1.848580143969489e+00
1.194261172465214e+02 2.587824298902228e-03 1.862063304710439e+00
1.195173100666547e+02 1.723545325513519e-01 1.858332008183077e+00
1.196085028867880e+02 3.410097697820850e-01 1.837804584241588e+00
1.196996957069213e+02 5.070621501663233e-01 1.801451260092748e+00
1.197908885270546e+02 6.691309020534599e-01 1.750710089855428e+00
1.198820813471879e+02 8.259832038611337e-01 1.687365337933370e+00
1.199732741673212e+02 9.765594134139939e-01 1.613406845233020e+00
1.200644669874545e+02 1.119985337988469e+00 1.530889452052252e+00
1.201556598075878e+02 1.255572308638644e+00 1.441808331423125e+00
1.202468526277211e+02 1.382807028651393e+00 1.348000607124138e+00
1.203380454478544e+02 1.501333836711728e+00 1.251077640855515e+00
1.204292382679877e+02 1.610932181761422e+00 1.152387263962132e+00
1.205204310881210e+02 1.711491867950246e+00 1.053001742515485e+00
1.206116239082543e+02 1.802988151876701e+00 9.537255164870581e-01
1.207028167283876e+02 1.885458207429323e+00 8.551164408724955e-01
1.207940095485209e+02 1.958979925522269e+00 7.575148999736320e-01
1.208852023686542e+02 2.023653552121704e+00 6.610762967971235e-01
1.209763951887875e+02 2.079586315213110e+00 5.658036777895753e-01
1.210675880089208e+02 2.126879950121690e+00 4.715784135198196e-01
1.211587808290541e+02 2.165620888220024e+00 3.781878096358020e-01
1.212499736491874e+02 2.195872805982483e+00 2.853492426027467e-01
1.213411664693207e+02 2.217671218976227e+00 1.927309221343859e-01
1.214323592894540e+02 2.231019831140896e+00 9.996971885050000e-02
1.215235521095873e+02 2.235888400144756e+00 6.686707624068736e-03
1.216147449297206e+02 2.232211945261139e+00 -8.749879500045761e-02
1.217059377498539e+02 2.219891198913723e+00 -1.829558461989481e-01
1.217971305699872e+02 2.198794282914136e+00 -2.800282510726328e-01
1.218883233901205e+02 2.168759672796233e+00 -3.790197874075478e-01
1.219795162102538e+02 2.129600595966270e+00 -4.801773904169513e-01
1.220707090303871e+02 2.081111087974308e+00 -5.836714752818603e-01
1.221619018505204e+02 2.023074000047064e+00 -6.895727275410645e-01
1.222530946706537e+02 1.955271300388577e+00 -7.978249752418659e-01
1.223442874907870e+02 1.877497026985329e+00 -9.082142322903016e-01
1.224354803109203e+02 1.789573210312155e+00 -1.020334734120498e+00
1.225266731310536e+02 1.691368964513216e+00 -1.133553826408094e+00
1.226178659511869e+02 1.582822716372544e+00 -1.246978923773961e+00
1.227090587713202e+02 1.463967176569094e+00 -1.359431348815713e+00
1.228002515914535e+02 1.334956144537137e+00 -1.469433470377370e+00
1.228914444115868e+02 1.196091592513395e+00 -1.575216773535848e+00
1.229826372317201e+02 1.047848758168789e+00 -1.674758712234582e+00
1.230738300518534e+02 8.908963111319693e-01 -1.765854719259695e+00
1.231650228719867e+02 7.261082296501055e-01 -1.846228001126096e+00
1.232562156921201e+02 5.545640466241568e-01 -1.913673619937926e+00
1.233474085122534e+02 3.775347906438491e-01 -1.966225582553566e+00
1.234386013323867e+02 1.964533375368961e-01 -2.002327933852072e+00
1.235297941525200e+02 1.286988824393374e-02 -2.020985617099192e+00
1.236209869726533e+02 -1.716044392566415e-01 -2.021870468268617e+00
1.237121797927866e+02 -3.553608803725337e-01 -2.005363329073719e+00
1.238033726129199e+02 -5.368568609473090e-01 -1.972524078134236e+00
1.238945654330532e+02 -7.146739556475952e-01 -1.924994593168379e+00
1.239857582531865e+02 -8.875645437749173e-01 -1.864851493076853e+00
1.240769510733198e+02 -1.054483648323308e+00 -1.794432740750799e+00
1.241681438934531e+02 -1.214604740313899e+00 -1.716163372977452e+00
1.242593367135864e+02 -1.367320437218656e+00 -1.632401424833791e+00
1.243505295337197e+02 -1.512230620925956e+00 -1.545317673659558e+00
1.244417223538530e+02 -1.649121368264820e+00 -1.456814680444789e+00
1.245329151739863e+02 -1.777938259042694e+00 -1.368483754376088e+00
1.246241079941196e+02 -1.898757275403088e+00 -1.281593932342453e+00
1.247153008142529e+02 -2.011755854018669e+00 -1.197104950217976e+00
1.248064936343862e+02 -2.117185900471723e+00 -1.115695997243050e+00
1.248976864545195e+02 -2.215349867245303e+00 -1.037803080495986e+00
1.249888792746528e+02 -2.306580413312211e+00 -9.636594241009000e-01
1.250800720947861e+02 -2.391223732138499e+00 -8.933350066204089e-01
1.251712649149194e+02 -2.469626349157684e+00 -8.267728185320785e-01
1.252624577350527e+02 -2.542125024668481e+00 -7.638205800429917e-01
1.253536505551860e+02 -2.609039323260990e+00 -7.042574843959722e-01
1.254448433753193e+02 -2.670666397573092e+00 -6.478160665124233e-01
1.255360361954526e+02 -2.727277558830848e+00 -5.941996057497904e-01
1.256272290155859e+02 -2.779116251644407e+00 -5.430956194127851e-01
1.257184218357192e+02 -2.826397103822692e+00 -4.941860453600480e-01
1.258096146558525e+02 -2.869305775871460e+00 -4.471546896532599e-01
1.259008074759858e+02 -2.907999384951081e+00 -4.016924585353372e-01
1.259920002961191e+02 -2.942607322236372e+00 -3.575008228792968e-01
1.260831931162524e+02 -2.973232320126581e+00 -3.142938898636969e-01
1.261743859363857e+02 -2.999951656745101e+00 -2.717993879715243e-01
1.262655787565190e+02 -3.022818410256552e+00 -2.297588109653048e-01
1.263567715766523e+02 -3.041862695535754e+00 -1.879269155941967e-01
1.264479643967856e+02 -3.057092831530591e+00 -1.460707265337318e-01
1.265391572169189e+02 -3.068496400126716e+00 -1.039681699124618e-01
1.266303500370522e+02 -3.076041167242720e+00 -6.140643296815309e-02
1.267215428571855e+02 -3.079675844983679e+00 -1.818013112206854e-02
1.268127356773188e+02 -3.079330680617593e+00 2.591064557710118e-02
1.269039284974521e+02 -3.074917864522722e+00 7.106233753102492e-02
1.269951213175854e+02 -3.066331755666935e+00 1.174698995927891e-01
1.270863141377187e+02 -3.053448930203950e+00 1.653286814475466e-01
1.271775069578520e+02 -3.036128067010806e+00 2.148361050171150e-01
1.272686997779853e+02 -3.014209694101774e+00 2.661930151702793e-01
1.273598925981186e+02 -2.987515832564463e+00 3.196045471998299e-01
1.274510854182519e+02 -2.955849590792124e+00 3.752803122226515e-01
1.275422782383852e+02 -2.918994782241606e+00 4.334336489251019e-01
1.276334710585185e+02 -2.876715665708800e+00 4.942796263965642e-01
1.277246638786518e+02 -2.828756939169062e+00 5.580314086610184e-01
1.278158566987851e+02 -2.774844157441401e+00 6.248945093402898e-01
1.279070495189184e+02 -2.714684790807356e+00 6.950583803598275e-01
1.279982423390517e+02 -2.647970196013150e+00 7.686847026624913e-01
1.280894351591850e+02 -2.574378831241174e+00 8.458916982528676e-01
1.281806279793183e+02 -2.493581108909281e+00 9.267337911703286e-01
1.282718207994516e+02 -2.405246337480603e+00 1.011176053811251e+00
1.283630136195849e+02 -2.309052244077890e+00 1.099063144018754e+00
1.284542064397182e+02 -2.204697575693835e+00 1.190082941799546e+00
1.285453992598515e+02 -2.091918223110798e+00 1.283725912978125e+00
1.286365920799848e+02 -1.970507166305809e+00 1.379242427136724e+00
1.287277849001181e+02 -1.840338267050086e+00 1.475601853966681e+00
1.288189777202514e+02 -1.701393500604271e+00 1.571459162502272e+00
1.289101705403847e+02 -1.553792606929941e+00 1.665136680302719e+00
1.290013633605180e+02 -1.397823371006445e+00 1.754630125750251e+00
1.290925561806513e+02 -1.233969887651203e+00 1.837648257870387e+00
1.291837490007846e+02 -1.062935379947746e+00 1.911693625471077e+00
1.292749418209179e+02 -8.856556475688570e-01 1.974187243895413e+00
1.293661346410512e+02 -7.032992865465065e-01 2.022632506647649e+00
1.294573274611845e+02 -5.172516708580527e-01 2.054804247545360e+00
1.295485202813178e+02 -3.290813959325147e-01 2.068939844037148e+00
1.296397131014511e+02 -1.404902851822837e-01 2.063903643199617e+00
1.297309059215844e+02 4.674929212395107e-02 2.039296563456340e+00
1.298220987417177e+02 2.308637808651480e-01 1.995490572055965e+00
1.299132915618510e+02 4.101472057700577e-01 1.933581376741268e+00
1.300044843819843e+02 5.830221784260766e-01 1.855268297165563e+00
1.300956772021176e+02 7.480874267974094e-01 1.762683257250708e+00
1.301868700222509e+02 9.041484940729392e-01 1.658197633885570e+00
1.302780628423842e+02 1.050230905343774e+00 1.544235223205365e+00
1.303692556625175e+02 1.185577424107326e+00 1.423113264705560e+00
1.304604484826508e+02 1.309632609025175e+00 1.296924194106116e+00
1.305516413027841e+02 1.422018606183311e+00 1.167461567139533e+00
1.306428341229174e+02 1.522506080514600e+00 1.036186476189051e+00
1.307340269430507e+02 1.610983640851140e+00 9.042265888977757e-01
1.308252197631840e+02 1.687428310195498e+00 7.723984727394761e-01
1.309164125833173e+02 1.751878753147119e+00 6.412443823841768e-01
1.310076054034506e+02 1.804412236433969e+00 5.110763098673938e-01
1.310987982235839e+02 1.845125732926489e+00 3.820221114833235e-01
1.311899910437172e+02 1.874121196426516e+00 2.540704552577725e-01
1.312811838638505e+02 1.891494813566575e+00 1.271129338217518e-01
1.313723766839838e+02 1.897329945715913e+00 9.828798460345348e-04
1.314635695041171e+02 1.891693470818887e+00 -1.245087798304411e-01
1.315547623242504e+02 1.874635289060853e+00 -2.495398353220077e-01
1.316459551443837e+02 1.846190838924038e+00 -3.742442960349517e-01
1.317371479645170e+02 1.806386557868694e+00 -4.986801734734239e-01
1.318283407846504e+02 1.755248293538614e+00 -6.227969204899569e-01
1.319195336047837e+02 1.692812706694664e+00 -7.464024151701669e-01
1.320107264249170e+02 1.619141684979480e+00 -8.691301259026923e-01
1.321019192450503e+02 1.534339685415101e+00 -9.904080782488127e-01
1.321931120651836e+02 1.438573723141360e+00 -1.109432423772754e+00
1.322843048853169e+02 1.332095411045865e+00 -1.225149670420798e+00
1.323754977054502e+02 1.215264031683982e+00 -1.336252747549844e+00
1.324666905255835e+02 1.088569117701659e+00 -1.441196693081041e+00
1.325578833457168e+02 9.526504955741110e-01 -1.538239411238248e+00
1.326490761658501e+02 8.083133181989314e-01 -1.625511199935314e+00
1.327402689859834e+02 6.565354182261851e-01 -1.701113309824159e+00
1.328314618061167e+02 4.984645076115469e-01 -1.763240810736543e+00
1.329226546262500e+02 3.354034418823575e-01 -1.810319255659939e+00
1.330138474463833e+02 1.687829743615664e-01 -1.841139421296091e+00
1.331050402665166e+02 1.230166040604198e-04 -1.854971471572626e+00
1.331962330866499e+02 -1.690148815906793e-01 -1.851640676578086e+00
1.332874259067832e+02 -3.370796870330574e-01 -1.831551817052869e+00
1.333786187269165e+02 -5.025827150429635e-01 -1.795657741727074e+00
1.334698115470498e+02 -6.641442047443192e-01 -1.745377134852025e+00
1.335610043671831e+02 -8.205305617641735e-01 -1.682474824714546e+00
1.336521971873164e+02 -9.706796616018526e-01 -1.608922845263946e+00
1.337433900074497e+02 -1.113713328821312e+00 -1.526761099707488e+00
1.338345828275830e+02 -1.248937708763400e+00 -1.437973383140742e+00
1.339257756477163e+02 -1.375833451652207e+00 -1.344389163018549e+00
1.340169684678496e+02 -1.494038306140201e+00 -1.247615610972136e+00
1.341081612879829e+02 -1.603324887742054e+00 -1.148999307945411e+00
1.341993541081162e+02 -1.703576162525902e+00 -1.049613555439382e+00
1.342905469282495e+02 -1.794760722219893e+00 -9.502654497897537e-01
1.343817397483828e+02 -1.876909368917737e+00 -8.515165260982875e-01
1.344729325685161e+02 -1.950093985062626e+00 -7.537113861352296e-01
1.345641253886494e+02 -2.014409203085656e+00 -6.570098275176491e-01
1.346553182087827e+02 -2.069957036827970e+00 -5.614192315667386e-01
1.347465110289160e+02 -2.116834394887702e+00 -4.668251180914856e-01
1.348377038490493e+02 -2.155123250346914e+00 -3.730187259887228e-01
1.349288966691826e+02 -2.184883171878380e+00 -2.797211998468632e-01
1.350200894893159e+02 -2.206145907700265e+00 -1.866044735462007e-01
1.351112823094492e+02 -2.218911738805979e+00 -9.330928274946713e-02
1.352024751295825e+02 -2.223147367921251e+00 5.390457033505359e-04
1.352936679497158e+02 -2.218785176236890e+00 9.531624815294537e-02
1.353848607698491e+02 -2.205723754863895e+00 1.913853661097181e-01
1.354760535899824e+02 -2.183829698125433e+00 2.890826788544608e-01
1.355672464101157e+02 -2.152940728352516e+00 3.887024182186917e-01
1.356584392302490e+02 -2.112870303903977e+00 4.904793816483407e-01
1.357496320503823e+02 -2.063413939596632e+00 5.945686403059293e-01
1.358408248705156e+02 -2.004357535020330e+00 7.010217104524331e-01
1.359320176906489e+02 -1.935488050905644e+00 8.097588677807458e-01
1.360232105107822e+02 -1.856606881356009e+00 9.205377961330899e-01
1.361144033309155e+02 -1.767546219190914e+00 1.032919536687653e+00
1.362055961510488e+02 -1.668188576580647e+00 1.146233787036318e+00
1.362967889711821e+02 -1.558489375057740e+00 1.259546988216301e+00
1.363879817913154e+02 -1.438502133609521e+00 1.371638232677185e+00
1.364791746114487e+02 -1.308405252070540e+00 1.480989579143424e+00
1.365703674315820e+02 -1.168528731717281e+00 1.585798433804604e+00
1.366615602517153e+02 -1.019378466539013e+00 1.684019634817635e+00
1.367527530718486e+02 -8.616551085433172e-01 1.773443072497206e+00
1.368439458919819e+02 -6.962641471652901e-01 1.851808576504669e+00
1.369351387121152e+02 -5.243139607997325e-01 1.916953413062015e+00
1.370263315322485e+02 -3.470993739830659e-01 1.966979930476115e+00
1.371175243523818e+02 -1.660697390445287e-01 2.000423505012523e+00
1.372087171725151e+02 1.721739147317937e-02 2.016396414625305e+00
1.372999099926484e+02 2.011536926895946e-01 2.014683799893259e+00
1.373911028127817e+02 3.841433636726039e-01 1.995774339443528e+00
1.374822956329150e+02 5.646659624114264e-01 1.960819529740258e+00
1.375734884530483e+02 7.413324888552585e-01 1.911528526445350e+00
1.376646812731816e+02 9.129295958380402e-01 1.850016646827951e+00
1.377558740933149e+02 1.078448787783777e+00 1.778631888038694e+00
1.378470669134482e+02 1.237099744978075e+00 1.699784089466659e+00
1.379382597335815e+02 1.388308970190448e+00 1.615796588502427e+00
1.380294525537148e+02 1.531706429809792e+00 1.528792622370688e+00
1.381206453738481e+02 1.667103610978321e+00 1.440620779639754e+00
1.382118381939814e+02 1.794466498035352e+00 1.352817342355495e+00
1.383030310141147e+02 1.913886568234005e+00 1.266599244302155e+00
1.383942238342480e+02 2.025552237302923e+00 1.182879594705785e+00
1.384854166543813e+02 2.129722441552710e+00 1.102297746890260e+00
1.385766094745146e+02 2.226703357745514e+00 1.025257025650760e+00
1.386678022946479e+02 2.316828705742347e+00 9.519648371622988e-01
1.387589951147812e+02 2.400443673579597e+00 8.824715260310133e-01
1.388501879349145e+02 2.477892240061432e+00 8.167057635009494e-01
1.389413807550478e+02 2.549507520476536e+00 7.545053484534836e-01
1.390325735751811e+02 2.615604696626014e+00 6.956430755123102e-01
1.391237663953144e+02 2.676476085255067e+00 6.398478192071390e-01
1.392149592154477e+02 2.732387926747158e+00 5.868212640284385e-01
1.393061520355811e+02 2.783578521988369e+00 5.362508400422331e-01
1.393973448557144e+02 2.830257398352160e+00 4.878194549676523e-01
1.394885376758477e+02 2.872605238707753e+00 4.412125860085896e-01
1.395797304959810e+02 2.910774356209856e+00 3.961232362462205e-01
1.396709233161143e+02 2.944889540470742e+00 3.522551894522469e-01
1.397621161362476e+02 2.975049136972002e+00 3.093249250776634e-01
1.398533089563809e+02 3.001326251457272e+00 2.670624882711834e-01
1.399445017765142e+02 3.023769995195566e+00 2.252115512108014e-01
1.400356945966475e+02 3.042406706240069e+00 1.835288529249662e-01
1.401268874167808e+02 3.057241096998582e+00 1.417831651388373e-01
1.402180802369141e+02 3.068257290419697e+00 9.975390094518492e-02
1.403092730570474e+02 3.075419716660917e+00 5.722946050465349e-02
1.404004658771807e+02 3.078673849948984e+00 1.400539277924980e-02
1.404916586973140e+02 3.077946772114095e+00 -3.011755610416653e-02
1.405828515174473e+02 3.073147555578829e+00 -7.533543925563697e-02
1.406740443375806e+02 3.064167464987174e+00 -1.218430772770841e-01
1.407652371577139e+02 3.050879983748894e+00 -1.698359146842946e-01
1.408564299778472e+02 3.033140680157894e+00 -2.195116631141388e-01
1.409476227979805e+02 3.010786938082530e+00 -2.710716045953998e-01
1.410388156181138e+02 2.983637590259535e+00 -3.247213942388831e-01
1.411300084382471e+02 2.951492508781356e+00 -3.806711581553412e-01
1.412212012583804e+02 2.914132228371555e+00 -4.391346283051082e-01
1.413123940785137e+02 2.871317704483393e+00 -5.003269908659456e-01
1.414035868986470e+02 2.822790341119780e+00 -5.644610492075958e-01
1.414947797187803e+02 2.768272463403080e+00 -6.317412193592059e-01
1.415859725389136e+02 2.707468457776349e+00 -7.023547910984128e-01
1.416771653590469e+02 2.640066857955309e+00 -7.764598131184097e-01
1.417683581791802e+02 2.565743715624440e+00 -8.541689159262602e-01
1.418595509993135e+02 2.484167657338405e+00 -9.355284022687531e-01
1.419507438194468e+02 2.395007085639819e+00 -1.020492057438464e+00
1.420419366395801e+02 2.297940020644278e+00 -1.108889422430164e+00
1.421331294597134e+02 2.192667079571725e+00 -1.200388807534691e+00
1.422243222798467e+02 2.078928029957316e+00 -1.294456183426768e+00
1.423155150999800e+02 1.956522194769324e+00 -1.390312334913281e+00
1.424067079201133e+02 1.825332698004761e+00 -1.486892306260443e+00
1.424979007402466e+02 1.685354085269446e+00 -1.582813097419089e+00
1.425890935603799e+02 1.536722221041129e+00 -1.676357491796017e+00
1.426802863805132e+02 1.379744576204708e+00 -1.765483269678214e+00
1.427714792006465e+02 1.214928159814731e+00 -1.847867112531338e+00
1.428626720207798e+02 1.043001578484640e+00 -1.920990358549665e+00
1.429538648409131e+02 8.649272588643155e-01 -1.982268770479548e+00
1.430450576610464e+02 6.819000098318001e-01 -2.029220641869112e+00
1.431362504811797e+02 4.953290476140624e-01 -2.059658035772606e+00
1.432274433013130e+02 3.068024140684041e-01 -2.071877094575551e+00
1.433186361214463e+02 1.180351845043587e-01 -2.064818283140741e+00
1.434098289415796e+02 -6.919448822671066e-02 -2.038168795725191e+00
1.435010217617129e+02 -2.531152566332783e-01 -1.992388014565156e+00
1.435922145818462e+02 -4.320310255506593e-01 -1.928651064655969e+00
1.436834074019795e+02 -6.043808684857956e-01 -1.848721152057991e+00
1.437746002221128e+02 -7.687849022871156e-01 -1.754773860740352e+00
1.438657930422461e+02 -9.240730525650653e-01 -1.649202592132016e+00
1.439569858623794e+02 -1.069296298098037e+00 -1.534433074880573e+00
1.440481786825127e+02 -1.203722248634332e+00 -1.412768016122754e+00
1.441393715026460e+02 -1.326818408437721e+00 -1.286273506908321e+00
1.442305643227793e+02 -1.438227109401166e+00 -1.156709675514202e+00
1.443217571429126e+02 -1.537735991555929e+00 -1.025501243919259e+00
1.444129499630459e+02 -1.625247313574822e+00 -8.937397708420202e-01
1.445041427831792e+02 -1.700748554328970e+00 -7.622081683520466e-01
1.445953356033125e+02 -1.764285928718876e+00 -6.314187696837509e-01
1.446865284234458e+02 -1.815941718842865e+00 -5.016579373294218e-01
1.447777212435791e+02 -1.855815774595941e+00 -3.730322352972191e-01
1.448689140637124e+02 -1.884011173169895e+00 -2.455130996337167e-01
1.449601068838457e+02 -1.900623821656610e+00 -1.189785042932101e-01
1.450512997039790e+02 -1.905735705505865e+00 6.748729517931628e-03
1.451424925241123e+02 -1.899411491018303e+00 1.318655699607372e-01
1.452336853442456e+02 -1.881698249439123e+00 2.565555153786197e-01
1.453248781643789e+02 -1.852628156047694e+00 3.809564404176364e-01
1.454160709845122e+02 -1.812224106876552e+00 5.051286263324987e-01
1.455072638046455e+02 -1.760508267813216e+00 6.290223512853269e-01
1.455984566247788e+02 -1.697513605783291e+00 7.524449366885602e-01
1.456896494449121e+02 -1.623298428547257e+00 8.750279017332974e-01
1.457808422650454e+02 -1.537963856631089e+00 9.961958710943866e-01
1.458720350851787e+02 -1.441673947831442e+00 1.115140070753361e+00
1.459632279053120e+02 -1.334677878190349e+00 1.230800517670534e+00
1.460544207254453e+02 -1.217333155394085e+00 1.341862132557554e+00
1.461456135455786e+02 -1.090128329979429e+00 1.446770623826205e+00
1.462368063657119e+02 -9.537031430052018e-01 1.543773644994376e+00
1.463279991858452e+02 -8.088636155960555e-01 1.630990954832880e+00
1.464191920059785e+02 -6.565893911732551e-01 1.706513829398119e+00
1.465103848261118e+02 -4.980308385598238e-01 1.768528930048923e+00
1.466015776462451e+02 -3.344941265460195e-01 1.815455984216908e+00
1.466927704663784e+02 -1.674137016564581e-01 1.846083380367702e+00
1.467839632865117e+02 1.686791340834638e-03 1.859682840978013e+00
1.468751561066451e+02 1.712423946321287e-01 1.856085170597269e+00
1.469663489267784e+02 3.396993361596435e-01 1.835704167351450e+00
1.470575417469117e+02 5.055671390416071e-01 1.799504237780684e+00
1.471487345670450e+02 6.674653741599503e-01 1.748916943202144e+00
1.472399273871783e+02 8.241609644398404e-01 1.685720029421410e+00
1.473311202073116e+02 9.745934387249775e-01 1.611897362307908e+00
1.474223130274449e+02 1.117887271739652e+00 1.529498767451144e+00
1.475135058475782e+02 1.253352057978667e+00 1.440515595181704e+00
1.476046986677115e+02 1.380472472599026e+00 1.346782393430700e+00
1.476958914878448e+02 1.498890645282008e+00 1.249909109525348e+00
1.477870843079781e+02 1.608383733466019e+00 1.151243145509828e+00
1.478782771281114e+02 1.708839247298407e+00 1.051857104112751e+00
1.479694699482447e+02 1.800230206474808e+00 9.525563050649710e-01
1.480606627683780e+02 1.882591645237184e+00 8.538998260323498e-01
1.481518555885113e+02 1.955999435632208e+00 7.562294538156650e-01
1.482430484086446e+02 2.020551936103322e+00 6.597020529129466e-01
1.483342412287779e+02 2.076354619910213e+00 5.643221107149387e-01
1.484254340489112e+02 2.123507596379794e+00 4.699723757994668e-01
1.485166268690445e+02 2.162095793176499e+00 3.764414584813867e-01
1.486078196891778e+02 2.192181499242801e+00 2.834479833334008e-01
1.486990125093111e+02 2.213798955302640e+00 1.906613919432990e-01
1.487902053294444e+02 2.226950704315127e+00 9.771983223639122e-02
1.488813981495777e+02 2.231605464566201e+00 4.245784037473837e-03
1.489725909697110e+02 2.227697353725604e+00 -9.013980037528600e-02
1.490637837898443e+02 2.215126366971607e+00 -1.858039865263141e-01
1.491549766099776e+02 2.193760092267140e+00 -2.830880836913802e-01
1.492461694301109e+02 2.163436728321067e+00 -3.822926980693845e-01
1.493373622502442e+02 2.123969553012215e+00 -4.836607246328372e-01
1.494285550703775e+02 2.075153068286304e+00 -5.873574615444530e-01
1.495197478905108e+02 2.016771115545584e+00 -6.934471896514337e-01
1.496109407106441e+02 1.948607303384071e+00 -8.018658526282215e-01
1.497021335307774e+02 1.870458102243429e+00 -9.123899610280755e-01
1.497933263509107e+02 1.782148917490216e+00 -1.024602589722325e+00
1.498845191710440e+02 1.683553327491472e+00 -1.137858392796981e+00
1.499757119911773e+02 1.574615437658560e+00 -1.251250927667412e+00
1.500669048113106e+02 1.455374929614100e+00 -1.363587175005475e+00
1.501580976314439e+02 1.325993865122598e+00 -1.473375732224785e+00
1.502492904515772e+02 1.186783655157990e+00 -1.578836326144032e+00
1.503404832717105e+02 1.038229890479173e+00 -1.677938428976716e+00
1.504316760918438e+02 8.810120769365745e-01 -1.768475175138466e+00
1.505228689119771e+02 7.160149113880100e-01 -1.848174908292655e+00
1.506140617321104e+02 5.443277889092867e-01 -1.914846469863179e+00
1.507052545522437e+02 3.672299354404879e-01 -1.966546544536501e+00
1.507964473723770e+02 1.861599829443964e-01 -2.001749761853687e+00
1.508876401925103e+02 2.670821752705797e-03 -2.019497254186984e+00
1.509788330126436e+02 -1.816271716332713e-01 -2.019499289210956e+00
1.510700258327769e+02 -3.651294340492997e-01 -2.002173506688005e+00
1.511612186529102e+02 -5.463007315875723e-01 -1.968611266393139e+00
1.512524114730435e+02 -7.237324958388817e-01 -1.920477789221159e+00
1.513436042931768e+02 -8.961886575767042e-01 -1.859863381836005e+00
1.514347971133101e+02 -1.062636590280542e+00 -1.789109937170718e+00
1.515259899334434e+02 -1.222262067404830e+00 -1.710637774518519e+00
1.516171827535767e+02 -1.374469255219927e+00 -1.626793479457563e+00
1.517083755737100e+02 -1.518868318754540e+00 -1.539731901719660e+00
1.517995683938433e+02 -1.655254045448091e+00 -1.451337384254018e+00
1.518907612139766e+02 -1.783579031823991e+00 -1.363182575130058e+00
1.519819540341099e+02 -1.903924608945383e+00 -1.276518782808130e+00
1.520731468542432e+02 -2.016472023775185e+00 -1.192289837365356e+00
1.521643396743765e+02 -2.121475643870367e+00 -1.111161310223538e+00
1.522555324945098e+02 -2.219239252376379e+00 -1.033558015869152e+00
1.523467253146431e+02 -2.310095926076337e+00 -9.597043220818520e-01
1.524379181347764e+02 -2.394391566898365e+00 -8.896634616629636e-01
1.525291109549097e+02 -2.472471878809930e+00 -8.233734972198340e-01
1.526203037750430e+02 -2.544672422321675e+00 -7.606787282174881e-01
1.527114965951763e+02 -2.611311307594235e+00 -7.013561364907925e-01
1.528026894153096e+02 -2.672684076007033e+00 -6.451369872964574e-01
1.528938822354429e+02 -2.729060345799844e+00 -5.917240022087582e-01
1.529850750555762e+02 -2.780681842793362e+00 -5.408046617604033e-01
1.530762678757095e+02 -2.827761490418393e+00 -4.920612337747249e-01
1.531674606958428e+02 -2.870483286871198e+00 -4.451780991003644e-01
1.532586535159761e+02 -2.909002746900749e+00 -3.998468891366682e-01
1.533498463361094e+02 -2.943447729451009e+00 -3.557698784351752e-01
1.534410391562427e+02 -2.973919509461505e+00 -3.126620026984788e-01
1.535322319763760e+02 -3.000493982742785e+00 -2.702518044296350e-01
1.536234247965093e+02 -3.023222917609755e+00 -2.282815486750042e-01
1.537146176166426e+02 -3.042135186698185e+00 -1.865067010134742e-01
1.538058104367759e+02 -3.057237927985163e+00 -1.446949192373256e-01
1.538970032569092e+02 -3.068517596335198e+00 -1.026246785009258e-01
1.539881960770425e+02 -3.075940876689520e+00 -6.008362631165812e-02
1.540793888971758e+02 -3.079455438025374e+00 -1.686674783534258e-02
1.541705817173091e+02 -3.078990514088530e+00 2.722558704148888e-02
1.542617745374424e+02 -3.074457303252078e+00 7.238962601643556e-02
1.543529673575757e+02 -3.065749186258468e+00 1.188202134165625e-01
1.544441601777091e+02 -3.052741767639775e+00 1.667126631529977e-01
1.545353529978424e+02 -3.035292754889248e+00 2.162644256699562e-01
1.546265458179757e+02 -3.013241699632167e+00 2.676764243144603e-01
1.547177386381090e+02 -2.986409637847547e+00 3.211539034014275e-01
1.548089314582423e+02 -2.954598682445161e+00 3.769065875732612e-01
1.549001242783756e+02 -2.917591642118204e+00 4.351478989110596e-01
1.549913170985089e+02 -2.875151766353008e+00 4.960929141470472e-01
1.550825099186422e+02 -2.827022748770067e+00 5.599546697866339e-01
1.551737027387755e+02 -2.772929160452760e+00 6.269383404607810e-01
1.552648955589088e+02 -2.712577532082455e+00 6.972327312228498e-01
1.553560883790421e+02 -2.645658358276018e+00 7.709984489109916e-01
1.554472811991754e+02 -2.571849357895774e+00 8.483520701513196e-01
1.555384740193087e+02 -2.490820386441058e+00 9.293456341219619e-01
1.556296668394420e+02 -2.402240453740877e+00 1.013940901001753e+00
1.557208596595753e+02 -2.305787340100717e+00 1.101978092316200e+00
1.558120524797086e+02 -2.201160308677165e+00 1.193139341937925e+00
1.559032452998419e+02 -2.088096355834098e+00 1.286907916974756e+00
1.559944381199752e+02 -1.966390292349420e+00 1.382525481987354e+00
1.560856309401085e+02 -1.835918670418528e+00 1.478951290738809e+00
1.561768237602418e+02 -1.696667131633840e+00 1.574829099242000e+00
1.562680165803751e+02 -1.548760133318734e+00 1.668469523798378e+00
1.563592094005084e+02 -1.392491234562410e+00 1.757857000413962e+00
1.564504022206417e+02 -1.228351267304363e+00 1.840690681214285e+00
1.565415950407750e+02 -1.057050935867505e+00 1.914466658528074e+00
1.566327878609083e+02 -8.795339084114515e-01 1.976604151877220e+00
1.567239806810416e+02 -6.969765511357642e-01 2.024610678140105e+00
1.568151735011749e+02 -5.107713336287909e-01 2.056271789029142e+00
1.569063663213082e+02 -3.224926724365005e-01 2.069841980831408e+00
1.569975591414415e+02 -1.338464007754372e-01 2.064207925494887e+00
1.570887519615748e+02 5.339329865832253e-02 2.038995977146190e+00
1.571799447817081e+02 2.374534188675061e-01 1.994603996305049e+00
1.572711376018414e+02 4.166308107753735e-01 1.932151330785779e+00
1.573623304219747e+02 5.893528767244459e-01 1.853356430731858e+00
1.574535232421080e+02 7.542246164194996e-01 1.760364412058154e+00
1.575447160622413e+02 9.100587560020537e-01 1.655553446790210e+00
1.576359088823746e+02 1.055888344746763e+00 1.541348151717012e+00
1.577271017025079e+02 1.190963511058745e+00 1.420061663638154e+00
1.578182945226412e+02 1.314735631376586e+00 1.293778759876216e+00
1.579094873427745e+02 1.426832862711523e+00 1.164283183300439e+00
1.580006801629078e+02 1.527030935657287e+00 1.033025292738324e+00
1.580918729830411e+02 1.615222541535332e+00 9.011220617891449e-01
1.581830658031744e+02 1.691387838627278e+00 7.693800642993467e-01
1.582742586233077e+02 1.755567763112716e+00 6.383326513389848e-01
1.583654514434410e+02 1.807841098318077e+00 5.082841748223683e-01
1.584566442635743e+02 1.848305695774890e+00 3.793561337227214e-01
1.585478370837076e+02 1.877063863975763e+00 2.515320433345579e-01
1.586390299038409e+02 1.894211724438206e+00 1.246994179288282e-01
1.587302227239742e+02 1.899832244839055e+00 -1.311562719769866e-03
1.588214155441075e+02 1.893991658538624e+00 -1.266923443576313e-01
1.589126083642408e+02 1.876739035419832e+00 -2.516224369187928e-01
1.590038011843741e+02 1.848108852596324e+00 -3.762370192073015e-01
1.590949940045074e+02 1.808126501697749e+00 -5.005947956144283e-01
1.591861868246407e+02 1.756816741251250e+00 -6.246454806920759e-01
1.592773796447740e+02 1.694215137884062e+00 -7.481968020329427e-01
1.593685724649073e+02 1.620382517660943e+00 -8.708816625837199e-01
1.594597652850406e+02 1.535422347135496e+00 -9.921270902001175e-01
1.595509581051739e+02 1.439500762506836e+00 -1.111127784892977e+00
1.596421509253072e+02 1.332868651324136e+00 -1.226828337020622e+00
1.597333437454405e+02 1.215884766539880e+00 -1.337919306177303e+00
1.598245365655738e+02 1.089038345929087e+00 -1.442852966246823e+00
1.599157293857071e+02 9.529691869089962e-01 -1.539884181102096e+00
1.600069222058404e+02 8.084826963323622e-01 -1.627140119085272e+00
1.600981150259737e+02 6.565572408816043e-01 -1.702719064622895e+00
1.601893078461070e+02 4.983413183962899e-01 -1.764813581654039e+00
1.602805006662403e+02 3.351387662392868e-01 -1.811847479634829e+00
1.603716934863736e+02 1.683814338195596e-01 -1.842610808593820e+00
1.604628863065069e+02 -4.096576247842390e-04 -1.856374175430906e+00
1.605540791266402e+02 -1.696719433393224e-01 -1.852964473562267e+00
1.606452719467735e+02 -3.378535721202259e-01 -1.832789143298979e+00
1.607364647669068e+02 -5.034653209022824e-01 -1.796804451372052e+00
1.608276575870401e+02 -6.651272231417040e-01 -1.746432897277843e+00
1.609188504071734e+02 -8.216058303352092e-01 -1.683443142618935e+00
1.610100432273067e+02 -9.718395012355669e-01 -1.609810738014238e+00
1.611012360474400e+02 -1.114950840177317e+00 -1.527578540961177e+00
1.611924288675733e+02 -1.250247010404334e+00 -1.438732601085075e+00
1.612836216877066e+02 -1.377209852107822e+00 -1.345103907054331e+00
1.613748145078399e+02 -1.495478410811325e+00 -1.248300467428112e+00
1.614660073279732e+02 -1.604826647796264e+00 -1.149669118651591e+00
1.615572001481065e+02 -1.705138876526146e+00 -1.050282964634683e+00
1.616483929682398e+02 -1.796385002451506e+00 -9.509485818837087e-01
1.617395857883731e+02 -1.878597083840005e+00 -8.522267811880672e-01
1.618307786085064e+02 -1.951848187675862e+00 -7.544613315793625e-01
1.619219714286398e+02 -2.016234052849471e+00 -6.578111607529018e-01
1.620131642487731e+02 -2.071857720505335e+00 -5.622827898415074e-01
1.621043570689064e+02 -2.118817049571100e+00 -4.677609131805987e-01
1.621955498890397e+02 -2.157194890059083e+00 -3.740359849718654e-01
1.622867427091730e+02 -2.187051617546988e+00 -2.808283958450871e-01
1.623779355293063e+02 -2.208419718941315e+00 -1.878093324644974e-01
1.624691283494396e+02 -2.221300144745076e+00 -9.461875339283526e-02
1.625603211695729e+02 -2.225660193158585e+00 -8.811297302248090e-04
1.626515139897062e+02 -2.221432756952647e+00 9.378027028602466e-02
1.627427068098395e+02 -2.208516838917281e+00 1.897296971407883e-01
1.628338996299728e+02 -2.186779321804847e+00 2.873049398604916e-01
1.629250924501061e+02 -2.156058061213431e+00 3.868021412834424e-01
1.630162852702394e+02 -2.116166451973768e+00 4.884585234106203e-01
1.631074780903727e+02 -2.066899696306219e+00 5.924322156421546e-01
1.631986709105060e+02 -2.008043068827654e+00 6.987785463328006e-01
1.632898637306393e+02 -1.939382519130501e+00 8.074224640403745e-01
1.633810565507726e+02 -1.860717961827568e+00 9.181272594380510e-01
1.634722493709059e+02 -1.771879555634521e+00 1.030460525099111e+00
1.635634421910392e+02 -1.672747141020638e+00 1.143759365271032e+00
1.636546350111725e+02 -1.563272761569644e+00 1.257098250404204e+00
1.637458278313058e+02 -1.443505812810376e+00 1.369264506476440e+00
1.638370206514391e+02 -1.313619834274753e+00 1.478747994001454e+00
1.639282134715724e+02 -1.173939306895886e+00 1.583752633718748e+00
1.640194062917057e+02 -1.024964107599679e+00 1.682237461797760e+00
1.641105991118390e+02 -8.673886357855850e-01 1.771993157549109e+00
1.642017919319723e+02 -7.021122498467779e-01 1.850755954019174e+00
1.642929847521056e+02 -5.302377510184921e-01 1.916354502337970e+00
1.643841775722389e+02 -3.530554060914978e-01 1.966877456093303e+00
1.644753703923722e+02 -1.720114676823427e-01 2.000842084804053e+00
1.645665632125055e+02 1.133781006517381e-02 2.017339558694344e+00
1.646577560326388e+02 1.953834129961329e-01 2.016132897150674e+00
1.647489488527721e+02 3.785268723573805e-01 1.997689879132848e+00
1.648401416729054e+02 5.592433084789750e-01 1.963144396263626e+00
1.649313344930387e+02 7.361378896385122e-01 1.914192833066796e+00
1.650225273131720e+02 9.079905252567839e-01 1.852943341788704e+00
1.651137201333053e+02 1.073785580091220e+00 1.781742326031901e+00
1.652049129534386e+02 1.232725678610384e+00 1.703002895560617e+00
1.652961057735719e+02 1.384230745498299e+00 1.619055383500209e+00
1.653872985937052e+02 1.527924927416643e+00 1.532032445444689e+00
1.654784914138385e+02 1.663614813292043e+00 1.443793268911919e+00
1.655696842339718e+02 1.791262469346618e+00 1.355884881814587e+00
1.656608770541051e+02 1.910956411450461e+00 1.269534352098459e+00
1.657520698742384e+02 2.022882970943144e+00 1.185663829853725e+00
1.658432626943717e+02 2.127299764345962e+00 1.104920372882161e+00
1.659344555145050e+02 2.224512287421047e+00 1.027713612977395e+00
1.660256483346383e+02 2.314854092505716e+00 9.542559286100560e-01
1.661168411547716e+02 2.398670597694924e+00 8.846014383077457e-01
1.662080339749049e+02 2.476306307808880e+00 8.186815600468255e-01
1.662992267950382e+02 2.548095074621288e+00 7.563359913824881e-01
1.663904196151715e+02 2.614352957423424e+00 6.973387477731915e-01
1.664816124353048e+02 2.675373236735928e+00 6.414193988624722e-01
1.665728052554381e+02 2.731423161168349e+00 5.882799287041376e-01
1.666639980755714e+02 2.782742053293204e+00 5.376077791691821e-01
1.667551908957047e+02 2.829540453503652e+00 4.890856689767931e-01
1.668463837158380e+02 2.872000033967570e+00 4.423987541502416e-01
1.669375765359713e+02 2.910274063892831e+00 3.972396375399422e-01
1.670287693561046e+02 2.944488250420027e+00 3.533116640533103e-01
1.671199621762379e+02 2.974741815957893e+00 3.103308658672316e-01
1.672111549963712e+02 3.001108702875150e+00 2.680268546513174e-01
1.673023478165045e+02 3.023638820792277e+00 2.261428988926291e-01
1.673935406366378e+02 3.042359271100609e+00 1.844353749560908e-01
1.674847334567711e+02 3.057275498645788e+00 1.426727405586920e-01
1.675759262769044e+02 3.068372332591781e+00 1.006341483236055e-01
1.676671190970377e+02 3.075614888111664e+00 5.810779424604260e-02
1.677583119171710e+02 3.078949308442881e+00 1.488908049264144e-02
1.678495047373043e+02 3.078303333645528e+00 -2.922133663805283e-02
1.679406975574376e+02 3.073586688714421e+00 -7.441954493270538e-02
1.680318903775709e+02 3.064691290097638e+00 -1.209003478600486e-01
1.681230831977042e+02 3.051491276745690e+00 -1.688591261519695e-01
1.682142760178375e+02 3.033842880163818e+00 -2.184934884692013e-01
1.683054688379708e+02 3.011584158225656e+00 -2.700045851266375e-01
1.683966616581041e+02 2.984534630465768e+00 -3.235979251746023e-01
1.684878544782374e+02 2.952494869028627e+00 -3.794834938618372e-01
1.685790472983707e+02 2.915246120331622e+00 -4.378749137070376e-01
1.686702401185040e+02 2.872550058786732e+00 -4.989873276088815e-01
1.687614329386373e+02 2.824148806606286e+00 -5.630336072291422e-01
1.688526257587706e+02 2.769765393641780e+00 -6.302184069048169e-01
1.689438185789039e+02 2.709104878837839e+00 -7.007294986287915e-01
1.690350113990372e+02 2.641856409911838e+00 -7.747257486609086e-01
1.691262042191705e+02 2.567696558586861e+00 -8.523210506357196e-01
1.692173970393038e+02 2.486294331136988e+00 -9.335635443650232e-01
1.693085898594371e+02 2.397318310739842e+00 -1.018409568944363e+00
1.693997826795704e+02 2.300446426922222e+00 -1.106692084458393e+00
1.694909754997038e+02 2.195378849709820e+00 -1.198083824111700e+00
1.695821683198371e+02 2.081854446191098e+00 -1.292056288798408e+00
1.696733611399704e+02 1.959671082470071e+00 -1.387836933419819e+00
1.697645539601037e+02 1.828709768086302e+00 -1.484368527557315e+00
1.698557467802370e+02 1.688962190483268e+00 -1.580276597045881e+00
1.699469396003703e+02 1.540560559067900e+00 -1.673852777401156e+00
1.700381324205036e+02 1.383807894092035e+00 -1.763063302894013e+00
1.701293252406369e+02 1.219206037008754e+00 -1.845591947608539e+00
1.702205180607702e+02 1.047477884615362e+00 -1.918924654168938e+00
1.703117108809035e+02 8.695798909796505e-01 -1.980478164271657e+00
1.704029037010368e+02 6.867010050061180e-01 -2.027767199689456e+00
1.704940965211701e+02 5.002451360367778e-01 -2.058595239314184e+00
1.705852893413034e+02 3.117960252402513e-01 -2.071245040802920e+00
1.706764821614367e+02 1.230658525739365e-01 -2.064639856008450e+00
1.707676749815700e+02 -6.416844051368679e-02 -2.038447477301357e+00
1.708588678017033e+02 -2.481349254559792e-01 -1.993107728970982e+00
1.709500606218366e+02 -4.271352138346180e-01 -1.929778062593634e+00
1.710412534419699e+02 -5.996046255894020e-01 -1.850207560088854e+00
1.711324462621032e+02 -7.641584393480478e-01 -1.756562249751746e+00
1.712236390822365e+02 -9.196210928056956e-01 -1.651230827416985e+00
1.713148319023698e+02 -1.065037856710965e+00 -1.536638792348671e+00
1.714060247225031e+02 -1.199670785565750e+00 -1.415092267996438e+00
1.714972175426364e+02 -1.322982266572773e+00 -1.288663357997757e+00
1.715884103627697e+02 -1.434610140684777e+00 -1.159119741690899e+00
1.716796031829030e+02 -1.534338280038209e+00 -1.027894310604086e+00
1.717707960030363e+02 -1.622065920844431e+00 -8.960867036299920e-01
1.718619888231696e+02 -1.697778233195719e+00 -7.644873427232839e-01
1.719531816433029e+02 -1.761519770820501e+00 -6.336152226922849e-01
1.720443744634362e+02 -1.813371718471507e+00 -5.037624011597696e-01
1.721355672835695e+02 -1.853433303462611e+00 -3.750401654774947e-01
1.722267601037028e+02 -1.881807369122836e+00 -2.474237683384240e-01
1.723179529238361e+02 -1.898589899183753e+00 -1.207941954532556e-01
1.724091457439694e+02 -1.903863198017174e+00 5.023411038249546e-03
1.725003385641027e+02 -1.897692435221940e+00 1.302242791879979e-01
1.725915313842360e+02 -1.880125321258364e+00 2.549906520967599e-01
1.726827242043693e+02 -1.851194765970976e+00 3.794595574947995e-01
1.727739170245026e+02 -1.810924460742216e+00 5.036907831223193e-01
1.728651098446359e+02 -1.759337397046677e+00 6.276344336774925e-01
1.729563026647692e+02 -1.696467369206419e+00 7.510979635812542e-01
1.730474954849025e+02 -1.622373486223000e+00 8.737133341924920e-01
1.731386883050358e+02 -1.537157614955759e+00 9.949059350074757e-01
1.732298811251691e+02 -1.440984474437112e+00 1.113868096010358e+00
1.733210739453024e+02 -1.334103785394148e+00 1.229541286596935e+00
1.734122667654357e+02 -1.216873452152713e+00 1.340612217780573e+00
1.735034595855690e+02 -1.089782244731671e+00 1.445528682223416e+00
1.735946524057023e+02 -9.534699233985828e-01 1.542540622363217e+00
1.736858452258356e+02 -8.087423155937434e-01 1.629770149194454e+00
1.737770380459689e+02 -6.565786607432994e-01 1.705310763766219e+00
1.738682308661022e+02 -4.981287350081290e-01 1.767351001556091e+00
1.739594236862355e+02 -3.346979683094641e-01 1.814311886344521e+00
1.740506165063688e+02 -1.677199839058294e-01 1.844982334744471e+00
1.741418093265021e+02 1.282405157464722e-03 1.858633715982671e+00
1.742330021466354e+02 1.707449997192338e-01 1.855095594174770e+00
1.743241949667687e+02 3.391146365928474e-01 1.834779750649900e+00
1.744153877869020e+02 5.049012361699197e-01 1.798648009838816e+00
1.745065806070353e+02 6.667245156137704e-01 1.748129058621242e+00
1.745977734271686e+02 8.233512795939566e-01 1.684997761523886e+00
1.746889662473019e+02 9.737206853967624e-01 1.611235347326976e+00
1.747801590674352e+02 1.116956614110610e+00 1.528889432048592e+00
1.748713518875685e+02 1.252367888757539e+00 1.439949685398524e+00
1.749625447077018e+02 1.379438285029289e+00 1.346249526964384e+00
1.750537375278351e+02 1.497808954147292e+00 1.249398289497311e+00
1.751449303479684e+02 1.607256039584868e+00 1.150743195678026e+00
1.752361231681017e+02 1.707666037342714e+00 1.051357006843203e+00
1.753273159882350e+02 1.799010979066587e+00 9.520454405823884e-01
1.754185088083683e+02 1.881324954717179e+00 8.533681231095576e-01
1.755097016285016e+02 1.954682946146289e+00 7.556674684110130e-01
1.756008944486349e+02 2.019182480285971e+00 6.591009935020509e-01
1.756920872687682e+02 2.074928258148681e+00 5.636738286154492e-01
1.757832800889015e+02 2.122019674233250e+00 4.692693369333772e-01
1.758744729090348e+02 2.160540995919731e+00 3.756767107172529e-01
1.759656657291681e+02 2.190553903693646e+00 2.826151314205289e-01
1.760568585493014e+02 2.212092080109212e+00 1.897545904281858e-01
1.761480513694347e+02 2.225157560776598e+00 9.673380576749087e-02
1.762392441895680e+02 2.229718610897759e+00 3.175884103840346e-03
1.763304370097013e+02 2.225708956506673e+00 -9.129749307830758e-02
1.764216298298346e+02 2.213028274374058e+00 -1.870525044577345e-01
1.765128226499679e+02 2.191543924562306e+00 -2.844293494439910e-01
1.766040154701012e+02 2.161093992093314e+00 -3.837272258152717e-01
1.766952082902345e+02 2.121491786399223e+00 -4.851872368432537e-01
1.767864011103678e+02 2.072532025295562e+00 -5.889724145596424e-01
1.768775939305011e+02 2.013998997852884e+00 -6.951442072830891e-01
1.769687867506345e+02 1.945677047688831e+00 -8.036350766576241e-01
1.770599795707678e+02 1.867363729806896e+00 -9.142173425049480e-01
1.771511723909011e+02 1.778885949376907e+00 -1.026469166383863e+00
1.772423652110344e+02 1.680119263674675e+00 -1.139739625848790e+00
1.773335580311677e+02 1.571010290001132e+00 -1.253116203957783e+00
1.774247508513010e+02 1.451601787532506e+00 -1.365399613750677e+00
1.775159436714343e+02 1.322059458806343e+00 -1.475092460489159e+00
1.776071364915676e+02 1.182698865826554e+00 -1.580409391749712e+00
1.776983293117009e+02 1.034010142866609e+00 -1.679316488448204e+00
1.777895221318342e+02 8.766775398756745e-01 -1.769606014596224e+00
1.778807149519675e+02 7.115904327392536e-01 -1.849008722884752e+00
1.779719077721008e+02 5.398425054996235e-01 -1.915339655581685e+00
1.780631005922341e+02 3.627165292975489e-01 -1.966665580388988e+00
1.781542934123674e+02 1.816535999706315e-01 -2.001474633697698e+00
1.782454862325007e+02 -1.792279004742419e-03 -2.018823849498319e+00
1.783366790526340e+02 -1.860111221102986e-01 -2.018440307661693e+00
1.784278718727673e+02 -3.694002674325567e-01 -2.000757673808008e+00
1.785190646929006e+02 -5.504277460057034e-01 -1.966880947653341e+00
1.786102575130339e+02 -7.276893413455393e-01 -1.918485391531662e+00
1.787014503331672e+02 -8.999540611449418e-01 -1.857667117002918e+00
1.787926431533005e+02 -1.066194689007834e+00 -1.786769564591024e+00
1.788838359734338e+02 -1.225602373057493e+00 -1.708210847219318e+00
1.789750287935671e+02 -1.377586313248802e+00 -1.624332437476148e+00
1.790662216137004e+02 -1.521761146941545e+00 -1.537282152976482e+00
1.791574144338337e+02 -1.657925441781223e+00 -1.448936338112816e+00
1.792486072539670e+02 -1.786034832189390e+00 -1.360859476504314e+00
1.793398000741003e+02 -1.906172958393336e+00 -1.274295139545233e+00
1.794309928942336e+02 -2.018522705687662e+00 -1.190180229025093e+00
1.795221857143669e+02 -2.123339493121776e+00 -1.109174394012268e+00
1.796133785345002e+02 -2.220927663658420e+00 -1.031697587964924e+00
1.797045713546335e+02 -2.311620457676967e+00 -9.579703370254935e-01
1.797957641747668e+02 -2.395763633180940e+00 -8.880529513495062e-01
1.798869569949001e+02 -2.473702520750444e+00 -8.218813611366178e-01
1.799781498150334e+02 -2.545772143903072e+00 -7.592983876637449e-01
1.800693426351667e+02 -2.612289965853902e+00 -7.000800588300944e-01
1.801605354553000e+02 -2.673550813458774e+00 -6.439570936427892e-01
1.802517282754333e+02 -2.729823555343714e+00 -5.906319751125292e-01
1.803429210955666e+02 -2.781349156774708e+00 -5.397921699354499e-01
1.804341139156999e+02 -2.828339787010286e+00 -4.911200898171388e-01
1.805253067358332e+02 -2.870978708327351e+00 -4.443003642780605e-01
1.806164995559665e+02 -2.909420725412704e+00 -3.990249371813041e-01
1.807076923760998e+02 -2.943793017333814e+00 -3.549964281474800e-01
1.807988851962331e+02 -2.974196211196891e+00 -3.119301272461665e-01
1.808900780163664e+02 -3.000705587049055e+00 -2.695549235455371e-01
1.809812708364997e+02 -3.023372328208075e+00 -2.276134085693617e-01
1.810724636566330e+02 -3.042224750830561e+00 -1.858613456862364e-01
1.811636564767663e+02 -3.057269462033327e+00 -1.440666559877350e-01
1.812548492968996e+02 -3.068492408112228e+00 -1.020080397522915e-01
1.813460421170329e+02 -3.075859784145160e+00 -5.947332937009956e-02
1.814372349371662e+02 -3.079318784236856e+00 -1.625765385790711e-02
1.815284277572995e+02 -3.078798178514643e+00 2.783851380019161e-02
1.816196205774328e+02 -3.074208709321074e+00 7.301135769119388e-02
1.817108133975661e+02 -3.065443305451343e+00 1.194556957258991e-01
1.818020062176994e+02 -3.052377120330368e+00 1.673668491155980e-01
1.818931990378327e+02 -3.034867408322750e+00 2.169423043706442e-01
1.819843918579660e+02 -3.012753263576341e+00 2.683830428185463e-01
1.820755846780993e+02 -2.985855258649855e+00 3.218943793285369e-01
1.821667774982326e+02 -2.953975036489468e+00 3.776861090748658e-01
1.822579703183659e+02 -2.916894930014070e+00 4.359717078314592e-01
1.823491631384992e+02 -2.874377709627295e+00 4.969662669756524e-01
1.824403559586325e+02 -2.826166591383339e+00 5.608827696402666e-01
1.825315487787658e+02 -2.771985678147973e+00 6.279262318164572e-01
1.826227415988991e+02 -2.711541053399682e+00 6.982851475670312e-01
1.827139344190324e+02 -2.644522802028989e+00 7.721196020959458e-01
1.828051272391657e+02 -2.570608292972023e+00 8.495453694202113e-01
1.828963200592990e+02 -2.489467120883202e+00 9.306133230583404e-01
1.829875128794323e+02 -2.400768161053431e+00 1.015283602917237e+00
1.830787056995656e+02 -2.304189231376252e+00 1.103394259944212e+00
1.831698985196989e+02 -2.199429859104073e+00 1.194624617125509e+00
1.832610913398322e+02 -2.086227592962214e+00 1.288454421778652e+00
1.833522841599655e+02 -1.964378150560196e+00 1.384121085211594e+00
1.834434769800988e+02 -1.833759410735780e+00 1.480578923365820e+00
1.835346698002321e+02 -1.694358817788142e+00 1.576466226013493e+00
1.836258626203654e+02 -1.546303143680630e+00 1.670087910504016e+00
1.837170554404987e+02 -1.389888775756217e+00 1.759422937028106e+00
1.838082482606320e+02 -1.225609840691154e+00 1.842165815882675e+00
1.838994410807653e+02 -1.054180695673985e+00 1.915809551809121e+00
1.839906339008986e+02 -8.765488442661976e-01 1.977772565279710e+00
1.840818267210319e+02 -6.938944326306689e-01 2.025564470215107e+00
1.841730195411652e+02 -5.076133734364601e-01 2.056976130706377e+00
1.842642123612985e+02 -3.192828974752579e-01 2.070270463778884e+00
1.843554051814318e+02 -1.306107633658393e-01 2.064345075346441e+00
1.844465980015651e+02 5.662799463715837e-02 2.038838735919217e+00
1.845377908216985e+02 2.406606690221441e-01 1.994161907858826e+00
1.846289836418318e+02 4.197855172236442e-01 1.931445408284695e+00
1.847201764619651e+02 5.924322995720115e-01 1.852416933652052e+00
1.848113692820984e+02 7.572090878284861e-01 1.759227939520799e+00
1.849025621022317e+02 9.129321160393941e-01 1.654259820514365e+00
1.849937549223650e+02 1.058638100001779e+00 1.539937515369189e+00
1.850849477424983e+02 1.193580750675733e+00 1.418572101029981e+00
1.851761405626316e+02 1.317214755810225e+00 1.292244582096329e+00
1.852673333827649e+02 1.429171187708452e+00 1.162733897770661e+00
1.853585262028982e+02 1.529228230387660e+00 1.031485170437099e+00
1.854497190230315e+02 1.617280549521207e+00 8.996101683912254e-01
1.855409118431648e+02 1.693309817093674e+00 7.679106093703553e-01
1.856321046632981e+02 1.757358063589567e+00 6.369155239341009e-01
1.857232974834314e+02 1.809504800496299e+00 5.069255609476478e-01
1.858144903035647e+02 1.849848298469182e+00 3.780591413625765e-01
1.859056831236980e+02 1.878491031559154e+00 2.502972882214859e-01
1.859968759438313e+02 1.895529083893230e+00 1.235255452580799e-01
1.860880687639646e+02 1.901045227085884e+00 -2.427429350836549e-03
1.861792615840979e+02 1.895105377433733e+00 -1.277542247066547e-01
1.862704544042312e+02 1.877758198338392e+00 -2.526351778292269e-01
1.863616472243645e+02 1.849037697491164e+00 -3.772060279683400e-01
1.864528400444978e+02 1.808968756735970e+00 -5.015258090857111e-01
1.865440328646311e+02 1.757575604405296e+00 -6.255443562902527e-01
1.866352256847644e+02 1.694893275078830e+00 -7.490693178046804e-01
1.867264185048977e+02 1.620982079149964e+00 -8.717333158373824e-01
1.868176113250310e+02 1.535945002589336e+00 -9.929628876868557e-01
1.869088041451643e+02 1.439947755719377e+00 -1.111952022548718e+00
1.869999969652976e+02 1.333240875332418e+00 -1.227644373940079e+00
1.870911897854309e+02 1.216182859166781e+00 -1.338729345592217e+00
1.871823826055642e+02 1.089262804194806e+00 -1.443657865019782e+00
1.872735754256975e+02 9.531204964262568e-01 -1.540683317003701e+00
1.873647682458308e+02 8.085614688964613e-01 -1.627931349469608e+00
1.874559610659641e+02 6.565643504288592e-01 -1.703498808245332e+00
1.875471538860974e+02 4.982780230119095e-01 -1.765577045027569e+00
1.876383467062307e+02 3.350068027595344e-01 -1.812589030072176e+00
1.877295395263640e+02 1.681830725147528e-01 -1.843324470459224e+00
1.878207323464973e+02 -6.716074364301952e-04 -1.857054199798606e+00
1.879119251666306e+02 -1.699941803848073e-01 -1.853605911958743e+00
1.880031179867639e+02 -3.382323998928865e-01 -1.833388350194914e+00
1.880943108068972e+02 -5.038967844160910e-01 -1.797359450577592e+00
1.881855036270305e+02 -6.656072712484161e-01 -1.746943572052442e+00
1.882766964471638e+02 -8.221304869016299e-01 -1.683911241202338e+00
1.883678892672971e+02 -9.724050291495711e-01 -1.610239716642166e+00
1.884590820874304e+02 -1.115553885232191e+00 -1.527973287980360e+00
1.885502749075637e+02 -1.250884716606899e+00 -1.439099095047517e+00
1.886414677276970e+02 -1.377879944748110e+00 -1.345448859311869e+00
1.887326605478303e+02 -1.496179247806638e+00 -1.248630989296289e+00
1.888238533679636e+02 -1.605557242846568e+00 -1.149992439154215e+00
1.889150461880969e+02 -1.705898899346780e+00 -1.050606211029692e+00
1.890062390082302e+02 -1.797174761927847e+00 -9.512786240223101e-01
1.890974318283635e+02 -1.879417499672174e+00 -8.525701331997857e-01
1.891886246484968e+02 -1.952700755275813e+00 -7.548241002365264e-01
1.892798174686301e+02 -2.017120805197927e+00 -6.581990283937679e-01
1.893710102887634e+02 -2.072781189573149e+00 -5.627010200009344e-01
1.894622031088967e+02 -2.119780228878706e+00 -4.682143682641390e-01
1.895533959290300e+02 -2.158201199042405e+00 -3.745291467921332e-01
1.896445887491633e+02 -2.188104867625539e+00 -2.813653812158571e-01
1.897357815692966e+02 -2.209524080523387e+00 -1.883938970992694e-01
1.898269743894299e+02 -2.222460113821525e+00 -9.525427799665605e-02
1.899181672095632e+02 -2.226880555593300e+00 -1.570582415743826e-03
1.900093600296965e+02 -2.222718548040882e+00 9.303440120891061e-02
1.901005528498298e+02 -2.209873295228758e+00 1.889255062246232e-01
1.901917456699631e+02 -2.188211821747940e+00 2.864412499189161e-01
1.902829384900964e+02 -2.157572050162223e+00 3.858786976016287e-01
1.903741313102297e+02 -2.117767347233964e+00 4.874762425535487e-01
1.904653241303630e+02 -2.068592766742499e+00 5.913934927683271e-01
1.905565169504963e+02 -2.009833283772207e+00 6.976876211806591e-01
1.906477097706296e+02 -1.941274361445505e+00 8.062858393586451e-01
1.907389025907629e+02 -1.862715200983197e+00 9.169541557609902e-01
1.908300954108962e+02 -1.773984978736530e+00 1.029263341801846e+00
1.909212882310295e+02 -1.674962243259090e+00 1.142554099748309e+00
1.910124810511628e+02 -1.565597402898440e+00 1.255904806144034e+00
1.911036738712961e+02 -1.445937854956305e+00 1.368106799785203e+00
1.911948666914294e+02 -1.316154781177292e+00 1.477653753723904e+00
1.912860595115627e+02 -1.176569981531246e+00 1.582752786607281e+00
1.913772523316960e+02 -1.027680407159036e+00 1.681365017799744e+00
1.914684451518293e+02 -8.701774128352601e-01 1.771281562337346e+00
1.915596379719626e+02 -7.049573663706838e-01 1.850236962615947e+00
1.916508307920959e+02 -5.331203423979092e-01 1.916055738424512e+00
1.917420236122292e+02 -3.559543718654707e-01 1.966819933177868e+00
1.918332164323625e+02 -1.749041767961244e-01 2.001038043329478e+00
1.919244092524958e+02 8.474645156224567e-03 2.017790982394528e+00
1.920156020726292e+02 1.925727692034982e-01 2.016830992755898e+00
1.921067948927625e+02 3.757904508114143e-01 1.998615644665323e+00
1.921979877128958e+02 5.566006687896372e-01 1.964270203974482e+00
1.922891805330291e+02 7.336057655752942e-01 1.915484770245827e+00
1.923803733531624e+02 9.055823745346812e-01 1.854363937504548e+00
1.924715661732957e+02 1.071511385303561e+00 1.783253269846686e+00
1.925627589934290e+02 1.230591982775574e+00 1.704567417974779e+00
1.926539518135623e+02 1.382240880662293e+00 1.620640085047088e+00
1.927451446336956e+02 1.526079381303595e+00 1.533608491570145e+00
1.928363374538289e+02 1.661911676709796e+00 1.445336978085576e+00
1.929275302739622e+02 1.789697913192710e+00 1.357377807240786e+00
1.930187230940955e+02 1.909525153116585e+00 1.270962990703260e+00
1.931099159142288e+02 2.021578702375188e+00 1.187019093771820e+00
1.932011087343621e+02 2.126115525613095e+00 1.106196940200293e+00
1.932923015544954e+02 2.223440779076068e+00 1.028909247046452e+00
1.933834943746287e+02 2.313887926854822e+00 9.553708268684619e-01
1.934746871947620e+02 2.397802493490657e+00 8.856376469280477e-01
1.935658800148953e+02 2.475529235280628e+00 8.196424717335044e-01
1.936570728350286e+02 2.547402358693332e+00 7.572259304196275e-01
1.937482656551619e+02 2.613738346932374e+00 6.981626381140815e-01
1.938394584752952e+02 2.674830946844372e+00 6.421825065080877e-01
1.939306512954285e+02 2.730947895269753e+00 5.889876676986299e-01
1.940218441155618e+02 2.782329009709354e+00 5.382655703034546e-01
1.941130369356951e+02 2.829185321309403e+00 4.896988410266286e-01
1.942042297558284e+02 2.871698981403106e+00 4.429724786915921e-01
1.942954225759617e+02 2.910023722069360e+00 3.977788897640872e-01
1.943866153960950e+02 2.944285694396306e+00 3.538212033603996e-01
1.944778082162283e+02 2.974584544754946e+00 3.108152312479409e-01
1.945690010363616e+02 3.000994619591267e+00 2.684903709290992e-01
1.946601938564949e+02 3.023566213663892e+00 2.265896907832596e-01
1.947513866766282e+02 3.042326796110914e+00 1.848693866151313e-01
1.948425794967615e+02 3.057282164097145e+00 1.430977588478742e-01
1.949337723168948e+02 3.068417485917081e+00 1.010538284531159e-01
1.950249651370281e+02 3.075698205092216e+00 5.852568675929105e-02
1.951161579571614e+02 3.079070784916414e+00 1.530865876835192e-02
1.952073507772947e+02 3.078463279718653e+00 -2.879664907361179e-02
1.952985435974280e+02 3.073785725431620e+00 -7.398634795613011e-02
1.953897364175613e+02 3.064930348455959e+00 -1.204552398835958e-01
1.954809292376946e+02 3.051771598873401e+00 -1.683986816890863e-01
1.955721220578279e+02 3.034166022394370e+00 -2.180142392039368e-01
1.956633148779612e+02 3.011951995686782e+00 -2.695030058795497e-01
1.957545076980945e+02 2.984949362657619e+00 -3.230704265934676e-01
1.958457005182278e+02 2.952959025673382e+00 -3.789264242304273e-01
1.959368933383611e+02 2.915762566527615e+00 -4.372845729730297e-01
1.960280861584944e+02 2.873121998179380e+00 -4.983599975896042e-01
1.961192789786277e+02 2.824779780882522e+00 -5.623656029533325e-01
1.962104717987610e+02 2.770459276152708e+00 -6.295061551535974e-01
1.963016646188943e+02 2.709865859549743e+00 -6.999696508654616e-01
1.963928574390276e+02 2.642688968183093e+00 -7.739153365269217e-01
1.964840502591609e+02 2.568605419491766e+00 -8.514576927676021e-01
1.965752430792942e+02 2.487284400262535e+00 -9.326457130282984e-01
1.966664358994275e+02 2.398394581670880e+00 -1.017436923266815e+00
1.967576287195608e+02 2.301613855173338e+00 -1.105665873046106e+00
1.968488215396941e+02 2.196642186911615e+00 -1.197007352544261e+00
1.969400143598274e+02 2.083218029242028e+00 -1.290935435897010e+00
1.970312071799607e+02 1.961138574553182e+00 -1.386680683539074e+00
1.971224000000940e+02 1.830283852385449e+00 -1.483189464613938e+00
1.972135928202273e+02 1.690644223495294e+00 -1.579091281388758e+00
1.973047856403606e+02 1.542350198697710e+00 -1.672681903346582e+00
1.973959784604939e+02 1.385702727795612e+00 -1.761931520347447e+00
1.974871712806272e+02 1.221201245852491e+00 -1.844527235922957e+00
1.975783641007605e+02 1.049565988007190e+00 -1.917957170902036e+00
1.976695569208938e+02 8.717506209328160e-01 -1.979638562283047e+00
1.977607497410271e+02 6.889413548810654e-01 -2.027084509383621e+00
1.978519425611604e+02 5.025396145237699e-01 -2.058094530237840e+00
1.979431353812937e+02 3.141271220226354e-01 -2.070945175481220e+00
1.980343282014270e+02 1.254146911032534e-01 -2.064551690889010e+00
1.981255210215603e+02 -6.182131883694916e-02 -2.038572823814727e+00
1.982167138416936e+02 -2.458087247510627e-01 -1.993439261393138e+00
1.983079066618269e+02 -4.248480829763980e-01 -1.930300179985708e+00
1.983990994819602e+02 -5.973729735898744e-01 -1.850898030040288e+00
1.984902923020935e+02 -7.619964251944508e-01 -1.757394334393809e+00
1.985814851222268e+02 -9.175403180487673e-01 -1.652175547544593e+00
1.986726779423601e+02 -1.063047258849643e+00 -1.537667022399556e+00
1.987638707624934e+02 -1.197776706169441e+00 -1.416176446680439e+00
1.988550635826267e+02 -1.321188653503494e+00 -1.289778710261436e+00
1.989462564027600e+02 -1.432918838949202e+00 -1.160245006392373e+00
1.990374492228933e+02 -1.532749368685215e+00 -1.029012037152836e+00
1.991286420430266e+02 -1.620578060944734e+00 -8.971832161526681e-01
1.992198348631599e+02 -1.696389001442933e+00 -7.655524777060929e-01
1.993110276832932e+02 -1.760225962557095e+00 -6.346419350997680e-01
1.994022205034265e+02 -1.812169611734395e+00 -5.047463140724074e-01
1.994934133235598e+02 -1.852318881479864e+00 -3.759791163070013e-01
1.995846061436932e+02 -1.880776502601289e+00 -2.483173848494316e-01
1.996757989638265e+02 -1.897638492002856e+00 -1.216435189997549e-01
1.997669917839598e+02 -1.902987300976100e+00 4.216249151585492e-03
1.998581846040931e+02 -1.896888332649239e+00 1.294563300002587e-01
1.999493774242264e+02 -1.879389594897071e+00 2.542583764294400e-01
2.000405702443597e+02 -1.850524339830594e+00 3.787590175698279e-01
2.001317630644930e+02 -1.810316629727879e+00 5.030178084429895e-01
2.002229558846263e+02 -1.758789841249672e+00 6.269847712502301e-01
2.003141487047596e+02 -1.695978154853357e+00 7.504674217195794e-01
2.004053415248929e+02 -1.621941053506527e+00 8.730979275058608e-01
2.004965343450262e+02 -1.536780752385247e+00 9.943020356243435e-01
2.005877271651595e+02 -1.440662279044332e+00 1.113272592446857e+00
2.006789199852928e+02 -1.333835608211181e+00 1.228951746859667e+00
2.007701128054261e+02 -1.216658828951467e+00 1.340027047426809e+00
2.008613056255594e+02 -1.089620813148786e+00 1.444947261777066e+00
2.009524984456927e+02 -9.533613292594653e-01 1.541963402875787e+00
2.010436912658260e+02 -8.086861133531638e-01 1.629198681606278e+00
2.011348840859593e+02 -6.565742151589258e-01 1.704747639099834e+00
2.012260769060926e+02 -4.981751329653420e-01 1.766799686494874e+00
2.013172697262259e+02 -3.347939505329445e-01 1.813776452716390e+00
2.014084625463592e+02 -1.678639056038011e-01 1.844467100001883e+00
2.014996553664925e+02 1.092578114287937e-03 1.858142830827610e+00
2.015908481866258e+02 1.705116564797700e-01 1.854632627574844e+00
2.016820410067591e+02 3.388404511299309e-01 1.834347326780073e+00
2.017732338268924e+02 5.045890681812270e-01 1.798247543814436e+00
2.018644266470257e+02 6.663772930130739e-01 1.747760619972940e+00
2.019556194671590e+02 8.229718746877377e-01 1.684660071244741e+00
2.020468122872923e+02 9.733117963396866e-01 1.610925892360199e+00
2.021380051074256e+02 1.116520660990580e+00 1.528604665533817e+00
2.022291979275589e+02 1.251906930399598e+00 1.439685274356727e+00
2.023203907476922e+02 1.378953959137913e+00 1.346000610874375e+00
2.024115835678255e+02 1.497302440388830e+00 1.249159720828851e+00
2.025027763879588e+02 1.606728043030355e+00 1.150509743643201e+00
2.025939692080921e+02 1.707116788447971e+00 1.051123515622914e+00
2.026851620282254e+02 1.798440245955036e+00 9.518069413378853e-01
2.027763548483587e+02 1.880732063736438e+00 8.531199045373073e-01
2.028675476684920e+02 1.954066807256140e+00 7.554051135717833e-01
2.029587404886253e+02 2.018541614600161e+00 6.588203917027854e-01
2.030499333087586e+02 2.074260825751111e+00 5.633711709132191e-01
2.031411261288919e+02 2.121323501134058e+00 4.689411029627011e-01
2.032323189490252e+02 2.159813599670200e+00 3.753196534640886e-01
2.033235117691585e+02 2.189792517736034e+00 2.822262655683936e-01
2.034147045892918e+02 2.211293677413750e+00 1.893311891417198e-01
2.035058974094251e+02 2.224318877738221e+00 9.627341031660315e-02
2.035970902295584e+02 2.228836172856820e+00 2.676330560633822e-03
2.036882830496917e+02 2.224779106645314e+00 -9.183802577182824e-02
2.037794758698250e+02 2.212047208140720e+00 -1.876354205458292e-01
2.038706686899583e+02 2.190507732197876e+00 -2.850555318233398e-01
2.039618615100916e+02 2.159998712265202e+00 -3.843968961864215e-01
2.040530543302249e+02 2.120333474364232e+00 -4.858997762866845e-01
2.041442471503582e+02 2.071306839349228e+00 -5.897261415898312e-01
2.042354399704915e+02 2.012703307983114e+00 -6.959361130816653e-01
2.043266327906248e+02 1.944307570188018e+00 -8.044605217440119e-01
2.044178256107581e+02 1.865917690907315e+00 -9.150697261688583e-01
2.045090184308914e+02 1.777361279507327e+00 -1.027339590243930e+00
2.046002112510247e+02 1.678514821413715e+00 -1.140616585965888e+00
2.046914040711580e+02 1.569326110976621e+00 -1.253985361233574e+00
2.047825968912913e+02 1.449839348267458e+00 -1.366243707738743e+00
2.048737897114246e+02 1.320221938997961e+00 -1.475891443278634e+00
2.049649825315579e+02 1.180791385371279e+00 -1.581140860397230e+00
2.050561753516912e+02 1.032039943312937e+00 -1.679956479557476e+00
2.051473681718245e+02 8.746540757135529e-01 -1.770130187031961e+00
2.052385609919578e+02 7.095253382207767e-01 -1.849393892512267e+00
2.053297538120911e+02 5.377494095479143e-01 -1.915565565687420e+00
2.054209466322244e+02 3.606107054733232e-01 -1.966716709688169e+00
2.055121394523577e+02 1.795514594716598e-01 -2.001341785524255e+00
2.056033322724910e+02 -3.873819082517046e-03 -2.018505256621838e+00
2.056945250926243e+02 -1.880553408157769e-01 -2.017942042260807e+00
2.057857179127576e+02 -3.713913435011989e-01 -2.000093265967277e+00
2.058769107328909e+02 -5.523513917935468e-01 -1.966070260441731e+00
2.059681035530242e+02 -7.295333067992673e-01 -1.917552935134623e+00
2.060592963731575e+02 -9.017084684992037e-01 -1.856640070671391e+00
2.061504891932908e+02 -1.067852184791123e+00 -1.785675793852780e+00
2.062416820134241e+02 -1.227158108587394e+00 -1.707077159424774e+00
2.063328748335574e+02 -1.379037783308116e+00 -1.623183234364280e+00
2.064240676536907e+02 -1.523107926442817e+00 -1.536138543994553e+00
2.065152604738240e+02 -1.659168862166687e+00 -1.447815697065229e+00
2.066064532939573e+02 -1.787177635027696e+00 -1.359775369924086e+00
2.066976461140906e+02 -1.907218955747706e+00 -1.273257529947472e+00
2.067888389342239e+02 -2.019476467768992e+00 -1.189195854378825e+00
2.068800317543572e+02 -2.124206075258416e+00 -1.108247237832256e+00
2.069712245744905e+02 -2.221712377688361e+00 -1.030829374282110e+00
2.070624173946238e+02 -2.312328687826756e+00 -9.571610051900967e-01
2.071536102147572e+02 -2.396400693238983e+00 -8.873010836761809e-01
2.072448030348905e+02 -2.474273547550719e+00 -8.211845503681405e-01
2.073359958550238e+02 -2.546282021423196e+00 -7.586535409959027e-01
2.074271886751571e+02 -2.612743274239522e+00 -6.994836413963832e-01
2.075183814952904e+02 -2.673951797722812e+00 -6.434053177457554e-01
2.076095743154237e+02 -2.730176109140259e+00 -5.901209429388831e-01
2.077007671355570e+02 -2.781656817369596e+00 -5.393179776977104e-01
2.077919599556903e+02 -2.828605738275023e+00 -4.906789007476401e-01
2.078831527758236e+02 -2.871205789221936e+00 -4.438884570244774e-01
2.079743455959569e+02 -2.909611441974794e+00 -3.986387351507019e-01
2.080655384160902e+02 -2.943949556651978e+00 -3.546325143579031e-01
2.081567312362235e+02 -2.974320456219607e+00 -3.115852483456106e-01
2.082479240563568e+02 -3.000799131378455e+00 -2.692259858807617e-01
2.083391168764901e+02 -3.023436490259756e+00 -2.272974685392618e-01
2.084303096966234e+02 -3.042260586919814e+00 -1.855555960906208e-01
2.085215025167567e+02 -3.057277778084538e+00 -1.437684096701836e-01
2.086126953368900e+02 -3.068473769791632e+00 -1.017147115211982e-01
2.087038881570233e+02 -3.075814525295740e+00 -5.918241695169984e-02
2.087950809771566e+02 -3.079247013555264e+00 -1.596671847775934e-02
2.088862737972899e+02 -3.078699784459692e+00 2.813186670363993e-02
2.089774666174232e+02 -3.074083363287319e+00 7.330949715104727e-02
2.090686594375565e+02 -3.065290463284728e+00 1.197609828362165e-01
2.091598522576898e+02 -3.052196022311137e+00 1.676816529517959e-01
2.092510450778231e+02 -3.034657077799153e+00 2.172690155243577e-01
2.093422378979564e+02 -3.012512504507092e+00 2.687240836195353e-01
2.094334307180897e+02 -2.985582652410370e+00 3.222522095382723e-01
2.095246235382230e+02 -2.953668938424131e+00 3.780632254615290e-01
2.096158163583563e+02 -2.916553466382542e+00 4.363706355652104e-01
2.097070091784896e+02 -2.873998775806089e+00 4.973895402114104e-01
2.097982019986229e+02 -2.825747852453779e+00 5.613328979879626e-01
2.098893948187562e+02 -2.771524573335885e+00 6.284056486594614e-01
2.099805876388895e+02 -2.711034806235173e+00 6.987961354335788e-01
2.100717804590228e+02 -2.643968438563608e+00 7.726641896214193e-01
2.101629732791561e+02 -2.570002670909830e+00 8.501251940397846e-01
2.102541660992894e+02 -2.488806973015296e+00 9.312294537217659e-01
2.103453589194227e+02 -2.400050156864467e+00 1.015936318231367e+00
2.104365517395560e+02 -2.303410061004582e+00 1.104082779776576e+00
2.105277445596893e+02 -2.198586343816376e+00 1.195346790513621e+00
2.106189373798226e+02 -2.085316825717896e+00 1.289206381674844e+00
2.107101301999559e+02 -1.963397668802967e+00 1.384896891647558e+00
2.108013230200892e+02 -1.832707400949791e+00 1.481370230969915e+00
2.108925158402225e+02 -1.693234347336445e+00 1.577262028275191e+00
2.109837086603558e+02 -1.545106409928823e+00 1.670874428862191e+00
2.110749014804891e+02 -1.388621355756442e+00 1.760183732765263e+00
2.111660943006224e+02 -1.224274917589168e+00 1.842882200105189e+00
2.112572871207557e+02 -1.052783231987993e+00 1.916461346322682e+00
2.113484799408890e+02 -8.750956693122975e-01 1.978339220455904e+00
2.114396727610223e+02 -6.923942138116559e-01 2.026026477209596e+00
2.115308655811556e+02 -5.060764504048214e-01 2.057316586753144e+00
2.116220584012889e+02 -3.177209742987387e-01 2.070476582473318e+00
2.117132512214222e+02 -1.290364745183761e-01 2.064409404297646e+00
2.118044440415555e+02 5.820160770805005e-02 2.038759870448942e+00
2.118956368616888e+02 2.422207181378201e-01 1.993944572572451e+00
2.119868296818221e+02 4.213198055213730e-01 1.931099897904482e+00
2.120780225019554e+02 5.939297832092456e-01 1.851958025269732e+00
2.121692153220887e+02 7.586602217416638e-01 1.758673475060566e+00
2.122604081422220e+02 9.143290641715317e-01 1.653629189815618e+00
2.123516009623553e+02 1.059974810732668e+00 1.539250247024019e+00
2.124427937824886e+02 1.194852914497974e+00 1.417846707250862e+00
2.125339866026219e+02 1.318419672261983e+00 1.291497729693658e+00
2.126251794227552e+02 1.430307571994978e+00 1.161979910782188e+00
2.127163722428885e+02 1.530295988323116e+00 1.030735823152988e+00
2.128075650630218e+02 1.618280544388972e+00 8.988747032255393e-01
2.128987578831551e+02 1.694243645677274e+00 7.671959085933985e-01
2.129899507032884e+02 1.758227852404776e+00 6.362263713249114e-01
2.130811435234217e+02 1.810313028001525e+00 5.062649426738222e-01
2.131723363435550e+02 1.850597645081900e+00 3.774285501169241e-01
2.132635291636883e+02 1.879184256651494e+00 2.496970079893680e-01
2.133547219838216e+02 1.896168927385835e+00 1.229549047721045e-01
2.134459148039549e+02 1.901634332546278e+00 -2.969838624880006e-03
2.135371076240882e+02 1.895646233462180e+00 -1.282703649847926e-01
2.136283004442215e+02 1.878253095281009e+00 -2.531274115485028e-01
2.137194932643548e+02 1.849488696998886e+00 -3.776769884283900e-01
2.138106860844881e+02 1.809377672276661e+00 -5.019782884431080e-01
2.139018789046214e+02 1.757943991457010e+00 -6.259812041446888e-01
2.139930717247547e+02 1.695222430327587e+00 -7.494933441691476e-01
2.140842645448880e+02 1.621273048535865e+00 -8.721471933805478e-01
2.141754573650213e+02 1.536198598437987e+00 -9.933690498487703e-01
2.142666501851546e+02 1.440164583400124e+00 -1.112352556573696e+00
2.143578430052879e+02 1.333421369830395e+00 -1.228040911109513e+00
2.144490358254212e+02 1.216327331572342e+00 -1.339122954878979e+00
2.145402286455545e+02 1.089371497352810e+00 -1.444048960633427e+00
2.146314214656879e+02 9.531936478535127e-01 -1.541071594063099e+00
2.147226142858212e+02 8.085993776635020e-01 -1.628315764146411e+00
2.148138071059545e+02 6.565674432258041e-01 -1.703877617801949e+00
2.149049999260878e+02 4.982469134077793e-01 -1.765947918130188e+00
2.149961927462211e+02 3.349423371145532e-01 -1.812949228389202e+00
2.150873855663544e+02 1.680863564664326e-01 -1.843671090091101e+00
2.151785783864877e+02 -7.992063537240052e-04 -1.857384448287559e+00
2.152697712066210e+02 -1.701510557442179e-01 -1.853917387150199e+00
2.153609640267543e+02 -3.384167534939597e-01 -1.833679284322990e+00
2.154521568468876e+02 -5.041066928419753e-01 -1.797628888072731e+00
2.155433496670209e+02 -6.658407648181582e-01 -1.747191461579838e+00
2.156345424871542e+02 -8.223856328939519e-01 -1.684138437957720e+00
2.157257353072875e+02 -9.726800115062313e-01 -1.610447905687200e+00
2.158169281274208e+02 -1.115847074451348e+00 -1.528164849862432e+00
2.159081209475541e+02 -1.251194725725413e+00 -1.439276939431749e+00
2.159993137676874e+02 -1.378205669642377e+00 -1.345616251185479e+00
2.160905065878207e+02 -1.496519892070420e+00 -1.248791387208322e+00
2.161816994079540e+02 -1.605912328972485e+00 -1.150149358111112e+00
2.162728922280873e+02 -1.706268268776344e+00 -1.050763115951554e+00
2.163640850482206e+02 -1.797558566813922e+00 -9.514388542482285e-01
2.164552778683539e+02 -1.879816189061459e+00 -8.527368548615923e-01
2.165464706884872e+02 -1.953115058025987e+00 -7.550002813146091e-01
2.166376635086205e+02 -2.017551711430554e+00 -6.583874305576115e-01
2.167288563287538e+02 -2.073229931927073e+00 -5.629042014726113e-01
2.168200491488871e+02 -2.120248264327576e+00 -4.684346925230570e-01
2.169112419690204e+02 -2.158690191600211e+00 -3.747687926621115e-01
2.170024347891537e+02 -2.188616671888877e+00 -2.816263505457225e-01
2.170936276092870e+02 -2.210060725678397e+00 -1.886780167594328e-01
2.171848204294203e+02 -2.223023787460359e+00 -9.556319322593977e-02
2.172760132495536e+02 -2.227473586421185e+00 -1.905738669682700e-03
2.173672060696869e+02 -2.223343386294227e+00 9.267179079808655e-02
2.174583988898202e+02 -2.210532489355465e+00 1.885345108005654e-01
2.175495917099535e+02 -2.188907989618776e+00 2.860212914233646e-01
2.176407845300868e+02 -2.158307842792711e+00 3.854296450198754e-01
2.177319773502201e+02 -2.118545402720241e+00 4.869985327097470e-01
2.178231701703534e+02 -2.069415651892518e+00 5.908882795935169e-01
2.179143629904867e+02 -2.010703420812391e+00 6.971569535705047e-01
2.180055558106200e+02 -1.942193937302032e+00 8.057328646437535e-01
2.180967486307533e+02 -1.863686057112385e+00 9.163833410311034e-01
2.181879414508866e+02 -1.775008480479421e+00 1.028680698551026e+00
2.182791342710199e+02 -1.676039129407066e+00 1.141967388520881e+00
2.183703270911532e+02 -1.566727618743695e+00 1.255323687608872e+00
2.184615199112865e+02 -1.447120375638394e+00 1.367542888413934e+00
2.185527127314198e+02 -1.317387436512286e+00 1.477120522680772e+00
2.186439055515531e+02 -1.177849298307311e+00 1.582265271517460e+00
2.187350983716864e+02 -1.029001489285992e+00 1.680939277413509e+00
2.188262911918197e+02 -8.715338825216005e-01 1.770933879736459e+00
2.189174840119530e+02 -7.063413891965113e-01 1.849982812557847e+00
2.190086768320863e+02 -5.345227544201173e-01 1.915908600263534e+00
2.190998696522196e+02 -3.573649171110598e-01 1.966790083237333e+00
2.191910624723529e+02 -1.763118493544365e-01 2.001131498853993e+00
2.192822552924862e+02 7.081176461440349e-03 2.018008774195133e+00
2.193734481126195e+02 1.912046903313806e-01 2.017168905611797e+00
2.194646409327528e+02 3.744583323932799e-01 1.999064487559891e+00
2.195558337528861e+02 5.553140438661286e-01 1.964816575319210e+00
2.196470265730194e+02 7.323727952435255e-01 1.916112193963400e+00
2.197382193931527e+02 9.044096273498117e-01 1.855054189272541e+00
2.198294122132860e+02 1.070403738934965e+00 1.783987701552502e+00
2.199206050334193e+02 1.229552640038872e+00 1.705328119052280e+00
2.200117978535526e+02 1.381271479805082e+00 1.621410776232026e+00
2.201029906736859e+02 1.525180173809128e+00 1.534375110045777e+00
2.201941834938192e+02 1.661081744714924e+00 1.446087966871742e+00
2.202853763139525e+02 1.788935401568797e+00 1.358104157404354e+00
2.203765691340858e+02 1.908827496577588e+00 1.271658101382624e+00
2.204677619542191e+02 2.020942834041682e+00 1.187678515900483e+00
2.205589547743524e+02 2.125538059115212e+00 1.106818060898258e+00
2.206501475944857e+02 2.222918160881581e+00 1.029490958309667e+00
2.207413404146190e+02 2.313416558849916e+00 9.559132083648767e-01
2.208325332347523e+02 2.397378827992478e+00 8.861416806912470e-01
2.209237260548856e+02 2.475149845838320e+00 8.201097972723537e-01
2.210149188750189e+02 2.547063990495966e+00 7.576586422940124e-01
2.211061116951522e+02 2.613437950627563e+00 6.985631239606895e-01
2.211973045152855e+02 2.674565699274113e+00 6.425533212713658e-01
2.212884973354188e+02 2.730715210191992e+00 5.893314388771556e-01
2.213796901555521e+02 2.782126541090195e+00 5.385849288999613e-01
2.214708829756854e+02 2.829010961300028e+00 4.899963732443328e-01
2.215620757958187e+02 2.871550854689269e+00 4.432506940098826e-01
2.216532686159520e+02 2.909900177913453e+00 3.980402016981057e-01
2.217444614360853e+02 2.944185297385478e+00 3.540679198693745e-01
2.218356542562186e+02 2.974506065019858e+00 3.110495523571809e-01
2.219268470763519e+02 3.000937023062311e+00 2.687143916487507e-01
2.220180398964852e+02 3.023528652777215e+00 2.268054078382470e-01
2.221092327166185e+02 3.042308601257587e+00 1.850787078491383e-01
2.222004255367519e+02 3.057282836018157e+00 1.433025144379028e-01
2.222916183568852e+02 3.068436689178030e+00 1.012557832794532e-01
2.223828111770185e+02 3.075735762719151e+00 5.872655342742984e-02
2.224740039971518e+02 3.079126674233388e+00 1.551011088193988e-02
2.225651968172851e+02 3.078537629394008e+00 -2.859296373090404e-02
2.226563896374184e+02 3.073878813709924e+00 -7.377879465346987e-02
2.227475824575517e+02 3.065042602522405e+00 -1.202421849349169e-01
2.228387752776850e+02 3.051903595263575e+00 -1.681784816092237e-01
2.229299680978183e+02 3.034318488320987e+00 -2.177852315380371e-01
2.230211609179516e+02 3.012125811101997e+00 -2.692635023667924e-01
2.231123537380849e+02 2.985145562800300e+00 -3.228187095325199e-01
2.232035465582182e+02 2.953178803759869e+00 -3.786607471819786e-01
2.232947393783515e+02 2.916007276126209e+00 -4.370031672706566e-01
2.233859321984848e+02 2.873393154656583e+00 -4.980610865374502e-01
2.234771250186181e+02 2.825079061116589e+00 -5.620474260638998e-01
2.235683178387514e+02 2.770788515471778e+00 -6.291670053042447e-01
2.236595106588847e+02 2.710227044564726e+00 -6.996079277881495e-01
2.237507034790180e+02 2.643084223851745e+00 -7.735296205166402e-01
2.238418962991513e+02 2.569036988381292e+00 -8.510468427720289e-01
2.239330891192846e+02 2.487754611599900e+00 -9.322089931628206e-01
2.240242819394179e+02 2.398905807431428e+00 -1.016974160991571e+00
2.241154747595512e+02 2.302168450239372e+00 -1.105177650351203e+00
2.242066675796845e+02 2.197242410353438e+00 -1.196495228039302e+00
2.242978603998178e+02 2.083865944199220e+00 -1.290402190202492e+00
2.243890532199511e+02 1.961835925228354e+00 -1.386130572483276e+00
2.244802460400844e+02 1.831031918526280e+00 -1.482628454513712e+00
2.245714388602177e+02 1.691443655614334e+00 -1.578527228994924e+00
2.246626316803510e+02 1.543200841213612e+00 -1.672124631943926e+00
2.247538245004843e+02 1.386603442067034e+00 -1.761392736593380e+00
2.248450173206176e+02 1.222149750120557e+00 -1.844020234155137e+00
2.249362101407509e+02 1.050558735502192e+00 -1.917496287915393e+00
2.250274029608842e+02 8.727827393803580e-01 -1.979238379082671e+00
2.251185957810175e+02 6.900066688206725e-01 -2.026758845465531e+00
2.252097886011508e+02 5.036307651534940e-01 -2.057855331780759e+00
2.253009814212841e+02 3.152357877547066e-01 -2.070801445916241e+00
2.253921742414174e+02 1.265318972860943e-01 -2.064508632590242e+00
2.254833670615507e+02 -6.070482739842425e-02 -2.038631340129804e+00
2.255745598816840e+02 -2.447020859976535e-01 -1.993595908480094e+00
2.256657527018173e+02 -4.237599364204313e-01 -1.930547572735585e+00
2.257569455219506e+02 -5.963111340566716e-01 -1.851225620868130e+00
2.258481383420839e+02 -7.609676393289846e-01 -1.757789422855577e+00
2.259393311622172e+02 -9.165501171814625e-01 -1.652624357135721e+00
2.260305239823505e+02 -1.062099907417892e+00 -1.538155698127149e+00
2.261217168024838e+02 -1.196875233392231e+00 -1.416691870600220e+00
2.262129096226171e+02 -1.320334949029126e+00 -1.290309084889020e+00
2.263041024427504e+02 -1.432113790857821e+00 -1.160780202926355e+00
2.263952952628837e+02 -1.531993023571179e+00 -1.029543738348337e+00
2.264864880830170e+02 -1.619869789412606e+00 -8.977049006149147e-01
2.265776809031503e+02 -1.695727656865810e+00 -7.660592959939306e-01
2.266688737232836e+02 -1.759610025355235e+00 -6.351305228844867e-01
2.267600665434169e+02 -1.811597315144875e+00 -5.052145781323300e-01
2.268512593635502e+02 -1.851788317572399e+00 -3.764260186842832e-01
2.269424521836835e+02 -1.880285709161963e+00 -2.487427410515586e-01
2.270336450038168e+02 -1.897185521996184e+00 -1.220478185859091e-01
2.271248378239501e+02 -1.902570276791171e+00 3.831996745852297e-03
2.272160306440834e+02 -1.896505487416056e+00 1.290907252198123e-01
2.273072234642167e+02 -1.879039302972543e+00 2.539097380084668e-01
2.273984162843500e+02 -1.850205138211521e+00 3.784254738831098e-01
2.274896091044833e+02 -1.810027231729557e+00 5.026973765938039e-01
2.275808019246166e+02 -1.758529143348239e+00 6.266754286895861e-01
2.276719947447499e+02 -1.695745237167999e+00 7.501671747950115e-01
2.277631875648832e+02 -1.621735174029069e+00 8.728048805587655e-01
2.278543803850165e+02 -1.536601334786398e+00 9.940144630396633e-01
2.279455732051498e+02 -1.440508893741427e+00 1.112989014327213e+00
2.280367660252831e+02 -1.333707946421386e+00 1.228671006700344e+00
2.281279588454164e+02 -1.216556669726669e+00 1.339748387376410e+00
2.282191516655497e+02 -1.089543983928348e+00 1.444670388058573e+00
2.283103444856830e+02 -9.533096612812819e-01 1.541688531273738e+00
2.284015373058163e+02 -8.086593942645625e-01 1.628926551434898e+00
2.284927301259496e+02 -6.565721422153943e-01 1.704479484722842e+00
2.285839229460829e+02 -4.981972710624559e-01 1.766537159047492e+00
2.286751157662162e+02 -3.348396997055910e-01 1.813521491327051e+00
2.287663085863495e+02 -1.679324822984350e-01 1.844221760649260e+00
2.288575014064828e+02 1.002142851819876e-03 1.857909090038168e+00
2.289486942266161e+02 1.704005006610773e-01 1.854412184875874e+00
2.290398870467494e+02 3.387098484015647e-01 1.834141431865376e+00
2.291310798668827e+02 5.044403806423229e-01 1.798056870731815e+00
2.292222726870160e+02 6.662119152680400e-01 1.747585202117672e+00
2.293134655071493e+02 8.227911748915380e-01 1.684499299939684e+00
2.294046583272826e+02 9.731170597550373e-01 1.610778571348917e+00
2.294958511474159e+02 1.116313040509196e+00 1.528469106309241e+00
2.295870439675492e+02 1.251687406927332e+00 1.439559414085166e+00
2.296782367876826e+02 1.378723313091905e+00 1.345882135515827e+00
2.297694296078159e+02 1.497061234117999e+00 1.249046179676094e+00
2.298606224279492e+02 1.606476612931721e+00 1.150398646355327e+00
2.299518152480825e+02 1.706855244959039e+00 1.051012407587325e+00
2.300430080682158e+02 1.798168479406286e+00 9.516934570294394e-01
2.301342008883491e+02 1.880449754145679e+00 8.530018011382217e-01
2.302253937084824e+02 1.953773436425591e+00 7.552802885322555e-01
2.303165865286157e+02 2.018236479241256e+00 6.586868884220084e-01
2.304077793487490e+02 2.073943050742072e+00 5.632271766214667e-01
2.304989721688823e+02 2.120992052370006e+00 4.687849424722954e-01
2.305901649890156e+02 2.159467296276842e+00 3.751497819439869e-01
2.306813578091489e+02 2.189430043683303e+00 2.820412630220350e-01
2.307725506292822e+02 2.210913592792624e+00 1.891297589057100e-01
2.308637434494155e+02 2.223919630164160e+00 9.605438367747265e-02
2.309549362695488e+02 2.228416109649761e+00 2.438679505044601e-03
2.310461290896821e+02 2.224336488620678e+00 -9.209516562743766e-02
2.311373219098154e+02 2.211580226036612e+00 -1.879127147025412e-01
2.312285147299487e+02 2.190014526963897e+00 -2.853533970826972e-01
2.313197075500820e+02 2.159477400644002e+00 -3.847154340248961e-01
2.314109003702153e+02 2.119782181393671e+00 -4.862386874017561e-01
2.315020931903486e+02 2.070723739572383e+00 -5.900846202277715e-01
2.315932860104819e+02 2.012086677228221e+00 -6.963127210232648e-01
2.316844788306152e+02 1.943655849700503e+00 -8.048530440007030e-01
2.317756716507485e+02 1.865229565285286e+00 -9.154750138123970e-01
2.318668644708818e+02 1.776635769190416e+00 -1.027753400577833e+00
2.319580572910151e+02 1.677751389270766e+00 -1.141033436467224e+00
2.320492501111484e+02 1.568524780712993e+00 -1.254398420970760e+00
2.321404429312817e+02 1.449000829872035e+00 -1.366644757279146e+00
2.322316357514150e+02 1.319347753349704e+00 -1.476270939549277e+00
2.323228285715483e+02 1.179883976715656e+00 -1.581488143764902e+00
2.324140213916816e+02 1.031102765173645e+00 -1.680260153235416e+00
2.325052142118149e+02 8.736916337897681e-01 -1.770378680938724e+00
2.325964070319482e+02 7.085431739811825e-01 -1.849576194101824e+00
2.326875998520815e+02 5.367540115257294e-01 -1.915672062092997e+00
2.327787926722148e+02 3.596093421480742e-01 -1.966740046719380e+00
2.328699854923481e+02 1.785519376287438e-01 -2.001277621505282e+00
2.329611783124814e+02 -4.863455093642735e-03 -2.018352784959879e+00
2.330523711326147e+02 -1.890271429719091e-01 -2.017704183082563e+00
2.331435639527480e+02 -3.723377944043791e-01 -1.999776481456874e+00
2.332347567728813e+02 -5.532657055995148e-01 -1.965684017320001e+00
2.333259495930146e+02 -7.304096681552621e-01 -1.917108901471610e+00
2.334171424131479e+02 -9.025421909061201e-01 -1.856151174986057e+00
2.335083352332812e+02 -1.068639782117073e+00 -1.785155283058263e+00
2.335995280534145e+02 -1.227897285135706e+00 -1.706537770877936e+00
2.336907208735478e+02 -1.379727356610721e+00 -1.622636557073980e+00
2.337819136936811e+02 -1.523747701724458e+00 -1.535594598927482e+00
2.338731065138144e+02 -1.659759478318594e+00 -1.447282728001321e+00
2.339642993339477e+02 -1.787720399873251e+00 -1.359259810674335e+00
2.340554921540810e+02 -1.907715684625033e+00 -1.272764101855691e+00
2.341466849742143e+02 -2.019929335147643e+00 -1.188727747234909e+00
2.342378777943476e+02 -2.124617485080002e+00 -1.107806333574113e+00
2.343290706144809e+02 -2.222084854835462e+00 -1.030416482314352e+00
2.344202634346142e+02 -2.312664790735028e+00 -9.567760879798365e-01
2.345114562547475e+02 -2.396702946125349e+00 -8.869434598551794e-01
2.346026490748808e+02 -2.474544389883579e+00 -8.208530691938007e-01
2.346938418950141e+02 -2.546523771925358e+00 -7.583467266514640e-01
2.347850347151474e+02 -2.612958106720421e+00 -6.991998085252265e-01
2.348762275352807e+02 -2.674141726245265e+00 -6.431426612168880e-01
2.349674203554140e+02 -2.730342980337098e+00 -5.898776055244155e-01
2.350586131755473e+02 -2.781802308068911e+00 -5.390920994374233e-01
2.351498059956806e+02 -2.828731356927575e+00 -4.904686535281111e-01
2.352409988158139e+02 -2.871312879927727e+00 -4.436920674826431e-01
2.353321916359472e+02 -2.909701190167789e+00 -3.984544985351363e-01
2.354233844560805e+02 -2.944022995720504e+00 -3.544588015115983e-01
2.355145772762138e+02 -2.974378474517371e+00 -3.114205075469672e-01
2.356057700963471e+02 -3.000842479222213e+00 -2.690687409103846e-01
2.356969629164804e+02 -3.023465786619914e+00 -2.271463140327108e-01
2.357881557366137e+02 -3.042276325595122e+00 -1.854091909887011e-01
2.358793485567470e+02 -3.057280333216797e+00 -1.436254693828923e-01
2.359705413768803e+02 -3.068463400625361e+00 -1.015739992723989e-01
2.360617341970136e+02 -3.075791380125128e+00 -5.904273466264875e-02
2.361529270171469e+02 -3.079211132829726e+00 -1.582689747342436e-02
2.362441198372802e+02 -3.078651103043069e+00 2.827297492491689e-02
2.363353126574135e+02 -3.074021711886778e+00 7.345302985911366e-02
2.364265054775468e+02 -3.065215569086339e+00 1.199080744843044e-01
2.365176982976801e+02 -3.052107508882373e+00 1.678334427878067e-01
2.366088911178134e+02 -3.034554464346802e+00 2.174266540510101e-01
2.367000839379467e+02 -3.012395204615157e+00 2.688887374534855e-01
2.367912767580800e+02 -2.985449972429627e+00 3.224250640783683e-01
2.368824695782133e+02 -2.953520075746798e+00 3.782454845943335e-01
2.369736623983466e+02 -2.916387507915905e+00 4.365635174074288e-01
2.370648552184799e+02 -2.873814697062476e+00 4.975942676116016e-01
2.371560480386132e+02 -2.825544517805179e+00 5.615506821863627e-01
2.372472408587466e+02 -2.771300738143683e+00 6.286376641464655e-01
2.373384336788799e+02 -2.710789121760948e+00 6.990434836813224e-01
2.374296264990132e+02 -2.643699460794337e+00 7.729278490402846e-01
2.375208193191465e+02 -2.569708874682495e+00 8.504059533198275e-01
2.376120121392798e+02 -2.488486773084135e+00 9.315278257949886e-01
2.377032049594131e+02 -2.399701937785879e+00 1.016252432633908e+00
2.377943977795464e+02 -2.303032217865691e+00 1.104416252468298e+00
2.378855905996797e+02 -2.198177335821969e+00 1.195696572550905e+00
2.379767834198130e+02 -2.084875244364687e+00 1.289570591864943e+00
2.380679762399463e+02 -1.962922321670670e+00 1.385272643678542e+00
2.381591690600796e+02 -1.832197410874960e+00 1.481753472470694e+00
2.382503618802129e+02 -1.692689264783319e+00 1.577647417238413e+00
2.383415547003462e+02 -1.544526333695322e+00 1.671255280452528e+00
2.384327475204795e+02 -1.388007053891331e+00 1.760552074308874e+00
2.385239403406128e+02 -1.223627936951228e+00 1.843228970699687e+00
2.386151331607461e+02 -1.052105981970183e+00 1.916776766553324e+00
2.387063259808794e+02 -8.743914638740725e-01 1.978613334998554e+00
2.387975188010127e+02 -6.916672571641345e-01 2.026249839745109e+00
2.388887116211460e+02 -5.053317562178194e-01 2.057481018515020e+00
2.389799044412793e+02 -3.169642161260214e-01 2.070575903450222e+00
2.390710972614126e+02 -1.282737751725125e-01 2.064440021946064e+00
2.391622900815459e+02 5.896392996651618e-02 2.038721123690555e+00
2.392534829016792e+02 2.429764210687781e-01 1.993838769288967e+00
2.393446757218125e+02 4.220629834387923e-01 1.930932042139276e+00
2.394358685419458e+02 5.946550903748595e-01 1.851735288811567e+00
2.395270613620791e+02 7.593630394851693e-01 1.758404509920777e+00
2.396182541822124e+02 9.150056023120371e-01 1.653323393254476e+00
2.397094470023457e+02 1.060622143715795e+00 1.538917079356374e+00
2.398006398224790e+02 1.195468960548962e+00 1.417495133090629e+00
2.398918326426123e+02 1.319003128664215e+00 1.291135817336919e+00
2.399830254627456e+02 1.430857821242128e+00 1.161614592232415e+00
2.400742182828789e+02 1.530812989007153e+00 1.030372794683631e+00
2.401654111030122e+02 1.618764718240026e+00 8.985184346702276e-01
2.402566039231455e+02 1.694695769094456e+00 7.668497269697874e-01
2.403477967432788e+02 1.758648957804077e+00 6.358925878415904e-01
2.404389895634121e+02 1.810704317764964e+00 5.059449986012916e-01
2.405301823835454e+02 1.850960418982504e+00 3.771231641375989e-01
2.406213752036787e+02 1.879519852346236e+00 2.494063141012101e-01
2.407125680238120e+02 1.896478672818680e+00 1.226785749879747e-01
2.408037608439453e+02 1.901919508760396e+00 -3.232488775581719e-03
2.408949536640786e+02 1.895908046262089e+00 -1.285202876218577e-01
2.409861464842119e+02 1.878492654310794e+00 -2.533657521945498e-01
2.410773393043452e+02 1.849707001035096e+00 -3.779050234294380e-01
2.411685321244785e+02 1.809575599819893e+00 -5.021973707851751e-01
2.412597249446118e+02 1.758122296006886e+00 -6.261927143916611e-01
2.413509177647451e+02 1.695381740014202e+00 -7.496986435160359e-01
2.414421105848784e+02 1.621413870032693e+00 -8.723475763476515e-01
2.415333034050117e+02 1.536321325271583e+00 -9.935656949721815e-01
2.416244962251450e+02 1.440269508870802e+00 -1.112546474630759e+00
2.417156890452783e+02 1.333508704731565e+00 -1.228232891986548e+00
2.418068818654116e+02 1.216397226710282e+00 -1.339313516096137e+00
2.418980746855449e+02 1.089424070499945e+00 -1.444238302598454e+00
2.419892675056782e+02 9.532290142188454e-01 -1.541259568949818e+00
2.420804603258115e+02 8.086176822799046e-01 -1.628501866313084e+00
2.421716531459448e+02 6.565688929389052e-01 -1.704061003217906e+00
2.422628459660781e+02 4.982318055651849e-01 -1.766127457834895e+00
2.423540387862114e+02 3.349110817882223e-01 -1.813123596468320e+00
2.424452316063447e+02 1.680394892649034e-01 -1.843838880616578e+00
2.425364244264780e+02 -8.610230323152814e-04 -1.857544309471413e+00
2.426276172466113e+02 -1.702270438676659e-01 -1.854068156374284e+00
2.427188100667446e+02 -3.385060422271635e-01 -1.833820106306593e+00
2.428100028868779e+02 -5.042083507874137e-01 -1.797759300926549e+00
2.429011957070112e+02 -6.659538382536119e-01 -1.747311441315078e+00
2.429923885271445e+02 -8.225091860730294e-01 -1.684248399535867e+00
2.430835813472778e+02 -9.728131652487834e-01 -1.610548665841258e+00
2.431747741674111e+02 -1.115989039979119e+00 -1.528257561984431e+00
2.432659669875444e+02 -1.251344831758550e+00 -1.439363012988625e+00
2.433571598076777e+02 -1.378363381901163e+00 -1.345697267556290e+00
2.434483526278110e+02 -1.496684825308933e+00 -1.248869021364751e+00
2.435395454479443e+02 -1.606084252381516e+00 -1.150225312248264e+00
2.436307382680776e+02 -1.706447105998361e+00 -1.050839067923830e+00
2.437219310882109e+02 -1.797744391947609e+00 -9.515164210428171e-01
2.438131239083442e+02 -1.880009219967034e+00 -8.528175695665029e-01
2.439043167284775e+02 -1.953315648052007e+00 -7.550855810681059e-01
2.439955095486108e+02 -2.017760340434144e+00 -6.584786526226387e-01
2.440867023687441e+02 -2.073447197199741e+00 -5.630025846462300e-01
2.441778951888774e+02 -2.120474871796186e+00 -4.685413813723307e-01
2.442690880090107e+02 -2.158926947459789e+00 -3.748848424281755e-01
2.443602808291440e+02 -2.188864474642355e+00 -2.817527308823886e-01
2.444514736492773e+02 -2.210320558403181e+00 -1.888156127202634e-01
2.445426664694106e+02 -2.223296709984570e+00 -9.571280206461985e-02
2.446338592895439e+02 -2.227760726964825e+00 -2.068061074945921e-03
2.447250521096773e+02 -2.223645932004325e+00 9.249616643189554e-02
2.448162449298106e+02 -2.210851675033906e+00 1.883451325318120e-01
2.449074377499439e+02 -2.189245083804752e+00 2.858178778799134e-01
2.449986305700772e+02 -2.158664130221505e+00 3.852121310033617e-01
2.450898233902105e+02 -2.118922162046130e+00 4.867671276595560e-01
2.451810162103438e+02 -2.069814127455645e+00 5.906435398472364e-01
2.452722090304771e+02 -2.011124787179792e+00 6.968998684859520e-01
2.453634018506104e+02 -1.942639255369718e+00 8.054649551527683e-01
2.454545946707437e+02 -1.864156220784315e+00 9.161067668835121e-01
2.455457874908770e+02 -1.775504153422157e+00 1.028398367230009e+00
2.456369803110103e+02 -1.676560672206030e+00 1.141683054557113e+00
2.457281731311436e+02 -1.567275008037920e+00 1.255042026053733e+00
2.458193659512769e+02 -1.447693118522380e+00 1.367269521258613e+00
2.459105587714102e+02 -1.317984485612252e+00 1.476861973325412e+00
2.460017515915435e+02 -1.178468975264272e+00 1.582028821910601e+00
2.460929444116768e+02 -1.029641426515617e+00 1.680732707457881e+00
2.461841372318101e+02 -8.721909944783872e-01 1.770765080930678e+00
2.462753300519434e+02 -7.070118842335208e-01 1.849859288132461e+00
2.463665228720767e+02 -5.352021960565037e-01 1.915836890148009e+00
2.464577156922100e+02 -3.580483387936677e-01 1.966775178601791e+00
2.465489085123433e+02 -1.769939199538091e-01 2.001176329586427e+00
2.466401013324766e+02 6.405947045544109e-03 2.018113855205371e+00
2.467312941526099e+02 1.905417232390489e-01 2.017332209534711e+00
2.468224869727432e+02 3.738127519146768e-01 1.999281574203497e+00
2.469136797928765e+02 5.546904726111402e-01 1.965080961242437e+00
2.470048726130098e+02 7.317751918185215e-01 1.916415902233331e+00
2.470960654331431e+02 9.038411791125683e-01 1.855388391917627e+00
2.471872582532764e+02 1.069866813995452e+00 1.784343361649597e+00
2.472784510734097e+02 1.229048794727814e+00 1.705696554130731e+00
2.473696438935430e+02 1.380801511884379e+00 1.621784092196507e+00
2.474608367136763e+02 1.524744208477486e+00 1.534746485571465e+00
2.475520295338096e+02 1.660679339882925e+00 1.446451794380488e+00
2.476432223539429e+02 1.788565660299922e+00 1.358456064096879e+00
2.477344151740762e+02 1.908489177163839e+00 1.271994881804033e+00
2.478256079942095e+02 2.020634451121304e+00 1.187998007981824e+00
2.479168008143428e+02 2.125257971982332e+00 1.107118993113276e+00
2.480079936344761e+02 2.222664647371492e+00 1.029772789127016e+00
2.480991864546094e+02 2.313187874806275e+00 9.561759724750892e-01
2.481903792747427e+02 2.397173253368110e+00 8.863858506573988e-01
2.482815720948760e+02 2.474965719054164e+00 8.203361647523231e-01
2.483727649150093e+02 2.546899732907931e+00 7.578682198408639e-01
2.484639577351426e+02 2.613292082944912e+00 6.987570664318509e-01
2.485551505552759e+02 2.674436851629431e+00 6.427328647932866e-01
2.486463433754092e+02 2.730602127350794e+00 5.894978548516596e-01
2.487375361955425e+02 2.782028084053827e+00 5.387394904778148e-01
2.488287290156758e+02 2.828926106327359e+00 4.901403318624490e-01
2.489199218358091e+02 2.871478690555906e+00 4.433852638743258e-01
2.490111146559424e+02 2.909839902048868e+00 3.981665504203767e-01
2.491023074760757e+02 2.944136211379695e+00 3.541871637835453e-01
2.491935002962090e+02 2.974467569870614e+00 3.111627553364025e-01
2.492846931163423e+02 3.000908614437664e+00 2.688225664909835e-01
2.493758859364756e+02 3.023509916493569e+00 2.269095195003007e-01
2.494670787566089e+02 3.042299209115401e+00 1.851796779771758e-01
2.495582715767422e+02 3.057282542093572e+00 1.434012267754080e-01
2.496494643968755e+02 3.068445326635270e+00 1.013530896348233e-01
2.497406572170088e+02 3.075753241183160e+00 5.882327995711677e-02
2.498318500371421e+02 3.079152977742316e+00 1.560706449502769e-02
2.499230428572754e+02 3.078572814934935e+00 -2.849498901196471e-02

