# m=1, k=39.4784, p=3
# x0=0, v0=1
# t_start=0, t_end=15, h=0.001
#   t          x(t)               v(t)               KE(t)              PE(x(t)) 
0.0000  0.000000000000000e+00  1.000000000000000e+00  5.000000000000000e-01  0.000000000000000e+00
0.0100  1.004996648699872e-02  1.009986575012447e+00  5.100364408526866e-01  1.335771959825357e-05
0.0200  2.019946062507399e-02  1.019891808318474e+00  5.200896503375637e-01  1.084570532599743e-04
0.0300  3.044725339208654e-02  1.029632184962777e+00  5.300712181556109e-01  3.714350190061606e-04
0.0400  4.079126885961717e-02  1.039121845984685e+00  5.398871054013094e-01  8.931823372460549e-04
0.0500  5.122856103373835e-02  1.048272650714530e+00  5.494377751180336e-01  1.769191944477106e-03
0.0600  6.175529150609527e-02  1.056994276877128e+00  5.586184506755018e-01  3.099281402316394e-03
0.0700  7.236670830334811e-02  1.065194360480970e+00  5.673195128002315e-01  4.987178788859269e-03
0.0800  8.305712634219722e-02  1.072778677339312e+00  5.754270452769418e-01  7.539962487535495e-03
0.0900  9.381990991477852e-02  1.079651367880553e+00  5.828235380831751e-01  1.086734655664319e-02
0.1000  1.046474576445985e-01  1.085715206656506e+00  5.893887549825899e-01  1.508080510849856e-02
0.1100  1.155311903657579e-01  1.090871917645259e+00  5.950007703535229e-01  2.029253138077340e-02
0.1200  1.264615423873502e-01  1.095022536068173e+00  5.995371772485868e-01  2.661422996349457e-02
0.1300  1.374279566099516e-01  1.098067816996732e+00  6.028764653619839e-01  3.415574395889513e-02
0.1400  1.484188839613810e-01  1.099908690514566e+00  6.048995637347335e-01  4.302352268636999e-02
0.1500  1.594217876137365e-01  1.100446762624222e+00  6.054915386850652e-01  5.331893986966749e-02
0.1600  1.704231524324692e-01  1.099584860450193e+00  6.045434326656357e-01  6.513647700375486e-02
0.1700  1.814085000903385e-01  1.097227619594123e+00  6.019542246000926e-01  7.856179171497332e-02
0.1800  1.923624102539591e-01  1.093282110751608e+00  5.976328868447456e-01  9.366969629383087e-02
0.1900  2.032685482178333e-01  1.087658501911560e+00  5.915005083902496e-01  1.105220770612780e-01
0.2000  2.141096993198913e-01  1.080270751639466e+00  5.834924484238487e-01  1.291657906658442e-01
0.2100  2.248678104234014e-01  1.071037328108368e+00  5.735604791007562e-01  1.496305786147532e-01
0.2200  2.355240386925406e-01  1.059881947701086e+00  5.616748715313237e-01  1.719270461095792e-01
0.2300  2.460588078230046e-01  1.046734326181435e+00  5.478263748032514e-01  1.960447553621466e-01
0.2400  2.564518718150148e-01  1.031530934639903e+00  5.320280345595357e-01  2.219504867754691e-01
0.2500  2.666823862943905e-01  1.014215751680887e+00  5.143167954788133e-01  2.495867234527394e-01
0.2600  2.767289872986375e-01  9.947410026557429e-01  4.947548311822764e-01  2.788704152187836e-01
0.2700  2.865698773501307e-01  9.730678761805733e-01  4.734305458272858e-01  3.096920774973419e-01
0.2800  2.961829185385209e-01  9.491672077320639e-01  4.504591941169415e-01  3.419152778108521e-01
0.2900  3.055457322307789e-01  9.230201198101688e-01  4.259830707871892e-01  3.753765582287452e-01
0.3000  3.146358049213204e-01  8.946186080131565e-01  4.001712269016989e-01  4.098858357144177e-01
0.3100  3.234305996281347e-01  8.639660624064465e-01  3.732186784950499e-01  4.452273140067047e-01
0.3200  3.319076721356357e-01  8.310777137968907e-01  3.453450831849332e-01  4.811609304928044e-01
0.3300  3.400447912830776e-01  7.959809949601775e-01  3.167928721688971e-01  5.174243496436407e-01
0.3400  3.478200624009192e-01  7.587158075180005e-01  2.878248382888458e-01  5.537355012335928e-01
0.3500  3.552120529086284e-01  7.193346860257349e-01  2.587211952598713e-01  5.897956470837670e-01
0.3600  3.621999190082332e-01  6.779028519073143e-01  2.297761383120350e-01  6.252929448606006e-01
0.3700  3.687635323405203e-01  6.344981511526627e-01  2.012939519080736e-01  6.599064620078657e-01
0.3800  3.748836054171216e-01  5.892108711592411e-01  1.735847253461159e-01  6.933105777223031e-01
0.3900  3.805418146035751e-01  5.421434337318026e-01  1.469597513692547e-01  7.251796965676490e-01
0.4000  3.857209194073478e-01  4.934099630262892e-01  1.217266958068020e-01  7.551931844362016e-01
0.4100  3.904048768219824e-01  4.431357291025306e-01  9.818463720361570e-02  7.830404266735247e-01
0.4200  3.945789494948811e-01  3.914564696989493e-01  7.661908383458219e-02  8.084258998001080e-01
0.4300  3.982298065222507e-01  3.385175948198865e-01  5.729708100132043e-02  8.310741428432836e-01
0.4400  4.013456157304830e-01  2.844732806887989e-01  4.046252371292408e-02  8.507345121872146e-01
0.4500  4.039161263783624e-01  2.294854615232649e-01  2.633178852527295e-02  8.671856052938969e-01
0.4600  4.059327413081416e-01  1.737227293851555e-01  1.508979335251399e-02  8.802392437436525e-01
0.4700  4.073885776844440e-01  1.173591540074027e-01  6.886585514666629e-03  8.897439147425120e-01
0.4800  4.082785155864303e-01  6.057303595616532e-02  1.834546342473449e-03  8.955875823480616e-01
0.4900  4.085992338586003e-01  3.545607716540323e-03  6.285667039795141e-06  8.976997948293839e-01
0.5000  4.083492327765638e-01  -5.354030174067425e-02  1.433281955241223e-03  8.960530323197972e-01
0.5100  4.075288432433493e-01  -1.105016226697889e-01  6.105304306328204e-03  8.906632586457528e-01
0.5200  4.061402223963990e-01  -1.671564039170222e-01  1.397063168523533e-02  8.815896622335218e-01
0.5300  4.041873356722039e-01  -2.233251592553090e-01  2.493706337820456e-02  8.689335925592432e-01
0.5400  4.016759255414321e-01  -2.788321842483522e-01  3.887369348635351e-02  8.528367199443555e-01
0.5500  3.986134672892509e-01  -3.335068277633439e-01  5.561340208238436e-02  8.334784668445536e-01
0.5600  3.950091123703260e-01  -3.871847031041371e-01  7.495599715891937e-02  8.110727774191228e-01
0.5700  3.908736200128536e-01  -4.397088248606812e-01  9.667192533018060e-02  7.858643084600122e-01
0.5800  3.862192778783868e-01  -4.909306589369033e-01  1.205064559421110e-01  7.581241381740473e-01
0.5900  3.810598127018767e-01  -5.407110747927454e-01  1.461842332017629e-01  7.281450994432141e-01
0.6000  3.754102919374160e-01  -5.889211906769533e-01  1.734140844141802e-01  6.962368507765969e-01
0.6100  3.692870175181616e-01  -6.354431044923617e-01  2.018939695234453e-01  6.627208011031896e-01
0.6200  3.627074129028210e-01  -6.801705048798941e-01  2.313159578542850e-01  6.279250038770146e-01
0.6300  3.556899046253458e-01  -7.230091590858914e-01  2.613711220610439e-01  5.921791318557570e-01
0.6400  3.482537995889575e-01  -7.638772761452650e-01  2.917542465055548e-01  5.558096366785877e-01
0.6500  3.404191593506743e-01  -8.027057458281304e-01  3.221682571927475e-01  5.191351874209793e-01
0.6600  3.322066726288207e-01  -8.394382556211937e-01  3.523282925001762e-01  4.824624701383313e-01
0.6700  3.236375272346789e-01  -8.740312897127642e-01  3.819653476984790e-01  4.460824165745043e-01
0.6800  3.147332825819076e-01  -9.064540154925096e-01  4.108294411012474e-01  4.102669152810723e-01
0.6900  3.055157438652629e-01  -9.366880644402427e-01  4.386922650324041e-01  3.752660429429753e-01
0.7000  2.960068389254148e-01  -9.647272154444337e-01  4.653493001095854e-01  3.413058382862227e-01
0.7100  2.862284987312792e-01  -9.905769895490987e-01  4.906213861120776e-01  3.085866260569531e-01
0.7200  2.762025423173975e-01  -1.014254165871557e+00  5.143557564939041e-01  2.772818846486745e-01
0.7300  2.659505669136497e-01  -1.035786228963206e+00  5.364265560549095e-01  2.475376383800607e-01
0.7400  2.554938439000868e-01  -1.055210758206107e+00  5.567348721169538e-01  2.194723444697331e-01
0.7500  2.448532211129780e-01  -1.072574769959579e+00  5.752083185769216e-01  1.931772356107627e-01
0.7600  2.340490319211920e-01  -1.087934023106857e+00  5.918002193167362e-01  1.687170718245168e-01
0.7700  2.231010113865699e-01  -1.101352298419133e+00  6.064884426165535e-01  1.461312499988935e-01
0.7800  2.120282197195608e-01  -1.112900661772241e+00  6.192739414865455e-01  1.254352161456268e-01
0.7900  2.008489731434989e-01  -1.122656720741035e+00  6.301790563125074e-01  1.066221238388727e-01
0.8000  1.895807821886473e-01  -1.130703883479961e+00  6.392456360583331e-01  8.966468236619014e-02
0.8100  1.782402973514964e-01  -1.137130628097842e+00  6.465330326790965e-01  7.451713963894203e-02
0.8200  1.668432619764896e-01  -1.142029789972346e+00  6.521160205921408e-01  6.111734765228355e-02
0.8300  1.554044721468902e-01  -1.145497873646060e+00  6.560826892638226e-01  4.938886202178498e-02
0.8400  1.439377433091946e-01  -1.147634395121332e+00  6.585323524327524e-01  3.924303161782727e-02
0.8500  1.324558833014727e-01  -1.148541259543250e+00  6.595735124365971e-01  3.058103933986622e-02
0.8600  1.209706714102090e-01  -1.148322178445486e+00  6.593219127548928e-01  2.329586040387820e-02
0.8700  1.094928430424384e-01  -1.147082129946508e+00  6.578987064213087e-01  1.727410996077041e-02
0.8800  9.803207956987010e-02  -1.144926864535907e+00  6.554287625680117e-01  1.239775724795867e-02
0.8900  8.659700287883132e-02  -1.141962458392227e+00  6.520391281886091e-01  8.545688653565212e-03
0.9000  7.519517414370763e-02  -1.138294915532572e+00  6.478576573636525e-01  5.595106922867212e-03
0.9100  6.383309633149462e-02  -1.134029819516301e+00  6.430118157760871e-01  3.422758166773588e-03
0.9200  5.251621994046668e-02  -1.129272034914261e+00  6.376276644196978e-01  1.905982274932665e-03
0.9300  4.124895147611815e-02  -1.124125458313773e+00  6.318290230145748e-01  9.235857478339448e-04
0.9400  3.003466417174213e-02  -1.118692818258789e+00  6.257368108118959e-01  3.565388200941799e-04
0.9500  1.887571046857983e-02  -1.113075523224087e+00  6.194685602002875e-01  8.850104595166371e-05
0.9600  7.773435780698949e-03  -1.107373556490716e+00  6.131380968074481e-01  6.181267338227589e-06
0.9700  -3.271806297429240e-03  -1.101684580251606e+00  6.068544571820784e-01  4.608941904989866e-07
0.9800  -1.426041652975592e-02  -1.096038580955714e+00  6.006502854717080e-01  3.816235039440230e-05
0.9900  -2.519244362879070e-02  -1.090352344173007e+00  5.944341172217860e-01  2.104017599946330e-04
1.0000  -3.606701939306114e-02  -1.084532951405951e+00  5.881058613426509e-01  6.174037202928786e-04
1.0100  -4.688235392150485e-02  -1.078488990595069e+00  5.815692514173854e-01  1.356021918020466e-03
1.0200  -5.763575102256915e-02  -1.072130631402693e+00  5.747320453959687e-01  2.519499936904191e-03
1.0300  -6.832362456384518e-02  -1.065369737782416e+00  5.675063390912872e-01  4.197117955415219e-03
1.0400  -7.894151612728280e-02  -1.058120016250661e+00  5.598089843951500e-01  6.473734306325721e-03
1.0500  -8.948411431848136e-02  -1.050297198126625e+00  5.515621021963194e-01  9.429231836868146e-03
1.0600  -9.994527606029649e-02  -1.041819253817342e+00  5.426936788122619e-01  1.313788020982302e-02
1.0700  -1.103180501806753e-01  -1.032606636999790e+00  5.331382333880085e-01  1.766762667549303e-02
1.0800  -1.205947035818965e-01  -1.022582556296575e+00  5.228375422210193e-01  2.307932937045310e-02
1.0900  -1.307667502529745e-01  -1.011673271761013e+00  5.117414043978166e-01  2.942594880345297e-02
1.1000  -1.408249833586544e-01  -9.998084131872105e-01  4.998084315399639e-01  3.675171480818484e-02
1.1100  -1.507595106070261e-01  -9.869213169475419e-01  4.870068429227353e-01  4.509128780757710e-02
1.1200  -1.605597930632133e-01  -9.729493777408300e-01  4.733152458231342e-01  5.446893467093866e-02
1.1300  -1.702146875388368e-01  -9.578344113172156e-01  4.587233797516985e-01  6.489774067646002e-02
1.1400  -1.797124926460613e-01  -9.415230239384280e-01  4.432328023030809e-01  7.637888003859712e-02
1.1500  -1.890409985611607e-01  -9.239669840434966e-01  4.268574938012176e-01  8.890096804482750e-02
1.1600  -1.981875404959050e-01  -9.051235913288639e-01  4.096243577900301e-01  1.024395179947554e-01
1.1700  -2.071390558260050e-01  -8.849560382274031e-01  3.915735947975705e-01  1.169565257785663e-01
1.1800  -2.158821447747591e-01  -8.634337585920558e-01  3.727589277382023e-01  1.324002040131163e-01
1.1900  -2.244031344974341e-01  -8.405327582654258e-01  3.532476588586424e-01  1.487048861271894e-01
1.2000  -2.326881463583625e-01  -8.162359221549980e-01  3.331205403081099e-01  1.657911186236527e-01
1.2100  -2.407231661389130e-01  -7.905332924422330e-01  3.124714432297785e-01  1.835659569356422e-01
1.2200  -2.484941168611393e-01  -7.634223126391720e-01  2.914068137176709e-01  2.019234768487335e-01
1.2300  -2.559869338598102e-01  -7.349080323737206e-01  2.700449080237068e-01  2.207455094173610e-01
1.2400  -2.631876416855368e-01  -7.050032680383059e-01  2.485148039723457e-01  2.399026027228266e-01
1.2500  -2.700824323746874e-01  -6.737287147782566e-01  2.269551905583807e-01  2.592552087886735e-01
1.2600  -2.766577445786265e-01  -6.411130057263188e-01  2.055129430557174e-01  2.786550885982272e-01
1.2700  -2.829003430063882e-01  -6.071927149063808e-01  1.843414965176907e-01  2.979469225824392e-01
1.2800  -2.887973976020558e-01  -5.720123008287822e-01  1.635990361497186e-01  3.169701083168953e-01
1.2900  -2.943365618516611e-01  -5.356239884754034e-01  1.434465285151495e-01  3.355607216529620e-01
1.3000  -2.995060495950665e-01  -4.980875881166851e-01  1.240456227179483e-01  3.535536122869407e-01
1.3100  -3.042947097066785e-01  -4.594702502043754e-01  1.055564554114357e-01  3.707846000232480e-01
1.3200  -3.086920980054846e-01  -4.198461564307517e-01  8.813539753483762e-02  3.870927338894074e-01
1.3300  -3.126885457601782e-01  -3.792961479231172e-01  7.193278391465761e-02  4.023225729769248e-01
1.3400  -3.162752241692936e-01  -3.379072924359861e-01  5.709066914070950e-02  4.163264455588729e-01
1.3500  -3.194442042193602e-01  -2.957723932958238e-01  4.374065431796973e-02  4.289666417920765e-01
1.3600  -3.221885113560312e-01  -2.529894437271306e-01  3.200182931868148e-02  4.401174952365947e-01
1.3700  -3.245021744436553e-01  -2.096610310264245e-01  2.197887396553166e-02  4.496673095675129e-01
1.3800  -3.263802685373940e-01  -1.658936958348848e-01  1.376035915887863e-02  4.575200892220910e-01
1.3900  -3.278189510481389e-01  -1.217972524743592e-01  7.417285355151399e-03  4.635970362838257e-01
1.4000  -3.288154909433369e-01  -7.748407693960975e-02  3.001891089591682e-03  4.678377805748639e-01
1.4100  -3.293682906955014e-01  -3.306836966818031e-02  5.467585362557138e-04  4.702013155885400e-01
1.4200  -3.294769007635777e-01  1.133459937370453e-02  6.423657148119161e-05  4.706666193854912e-01
1.4300  -3.291420264693007e-01  5.560925545469156e-02  1.546194646112572e-03  4.692329467082166e-01
1.4400  -3.283655272099811e-01  9.964048568830929e-02  4.964113194101084e-03  4.659197861232305e-01
1.4500  -3.271504080294773e-01  1.433143994494308e-01  1.026950854477551e-02  4.607664837434195e-01
1.4600  -3.255008036491488e-01  1.865190746524255e-01  1.739468260459854e-02  4.538315427746304e-01
1.4700  -3.234219551390120e-01  2.291452821714795e-01  2.625378017072348e-02  4.451916155309518e-01
1.4800  -3.209201794848645e-01  2.710871810335795e-01  3.674412986036635e-02  4.349402114453311e-01
1.4900  -3.180028323786017e-01  3.122429774813786e-01  4.874783849321836e-02  4.231861507597174e-01
1.5000  -3.146782646251955e-01  3.525155415759855e-01  6.213360352630519e-02  4.100517988340479e-01
1.5100  -3.109557726198423e-01  3.918129756757459e-01  7.675870395394131e-02  3.956711202236156e-01
1.5200  -3.068455434017713e-01  4.300491298716019e-01  9.247112705166095e-02  3.801875947372815e-01
1.5300  -3.023585948363998e-01  4.671440602664348e-01  1.091117865211052e-01  3.637520395450131e-01
1.5400  -2.975067115144256e-01  5.030244268378011e-01  1.265167869977492e-01  3.465203820368079e-01
1.5500  -2.923023769846655e-01  5.376238285030478e-01  1.445196904871373e-01  3.286514275732727e-01
1.5600  -2.867587029568160e-01  5.708830738953206e-01  1.629537420300850e-01  3.103046645780647e-01
1.5700  -2.808893561208006e-01  6.027503872412978e-01  1.816540146597672e-01  2.916381467065287e-01
1.5800  -2.747084832311379e-01  6.331815495903225e-01  2.004594373708010e-01  2.728064882152982e-01
1.5900  -2.682306350981344e-01  6.621399764649255e-01  2.192146742164860e-01  2.539590043093843e-01
1.6000  -2.614706901131076e-01  6.895967337711334e-01  2.377718276139077e-01  2.352380233269257e-01
1.6100  -2.544437779128861e-01  7.155304945117862e-01  2.559919442881406e-01  2.167773923160787e-01
1.6200  -2.471652037601745e-01  7.399274394778533e-01  2.737463078461261e-01  1.987011920429779e-01
1.6300  -2.396503741817975e-01  7.627811056439419e-01  2.909175075636972e-01  1.811226719179239e-01
1.6400  -2.319147243671719e-01  7.840921864596776e-01  3.074002784335589e-01  1.641434099005731e-01
1.6500  -2.239736477854851e-01  8.038682886053113e-01  3.231021127126161e-01  1.478526972886451e-01
1.6600  -2.158424284328611e-01  8.221236500668471e-01  3.379436479996178e-01  1.323271435324760e-01
1.6700  -2.075361760711818e-01  8.388788245841933e-01  3.518588411678789e-01  1.176304919501218e-01
1.6800  -1.990697647690617e-01  8.541603376381367e-01  3.647949411970479e-01  1.038136335203569e-01
1.6900  -1.904577750035991e-01  8.680003191726902e-01  3.767122770419460e-01  9.091480285427776e-02
1.7000  -1.817144395297247e-01  8.804361182043227e-01  3.875838791193480e-01  7.895993801643224e-02
1.7100  -1.728535931729697e-01  8.915099043555322e-01  3.973949547820051e-01  6.796318408672668e-02
1.7200  -1.638886266519305e-01  9.012682611748538e-01  4.061422393005722e-01  5.792751920766475e-02
1.7300  -1.548324444891857e-01  9.097617758769024e-01  4.138332444233476e-01  4.884548131298955e-02
1.7400  -1.456974270244210e-01  9.170446298630333e-01  4.204854265803138e-01  4.069997373438062e-02
1.7500  -1.364953965014247e-01  9.231741940743065e-01  4.261252963023726e-01  3.346512837231261e-02
1.7600  -1.272375871617655e-01  9.282106328922635e-01  4.307874895071281e-01  2.710720602761280e-02
1.7700  -1.179346192425704e-01  9.322165199478539e-01  4.345138200318437e-01  2.158551474928407e-02
1.7800  -1.085964767440437e-01  9.352564688325559e-01  4.373523312465707e-01  1.685332858783824e-02
1.7900  -9.923248880427596e-02  9.373967813356274e-01  4.393563628291970e-01  1.285879087881982e-02
1.8000  -8.985131449449674e-02  9.387051154641827e-01  4.405836468993123e-01  9.545788048724043e-03
1.8100  -8.046093082715633e-02  9.392501751443346e-01  4.410954457543316e-01  6.854781870463744e-03
1.8200  -7.106862375197806e-02  9.391014231572082e-01  4.409557414879469e-01  4.723590039573353e-03
1.8300  -6.168098190122995e-02  9.383288185375953e-01  4.402304858490798e-01  3.088106844334802e-03
1.8400  -5.230389283472696e-02  9.370025793590885e-01  4.389869168627925e-01  1.882957519571886e-03
1.8500  -4.294254152725353e-02  9.351929715505881e-01  4.372929470188096e-01  1.042081569463014e-03
1.8600  -3.360141083592830e-02  9.329701241373656e-01  4.352166262664456e-01  4.992418915613909e-04
1.8700  -2.428428368224099e-02  9.304038710769587e-01  4.328256816574950e-01  1.884579117925747e-04
1.8800  -1.499424668277881e-02  9.275636196670649e-01  4.301871342649337e-01  4.436213473535028e-05
1.8900  -5.733694963727717e-03  9.245182453397663e-01  4.273669929830602e-01  2.480517157931568e-06
1.9000  3.495660947869019e-03  9.213347929905532e-01  4.244289003874728e-01  5.621165736436723e-07
1.9100  1.269259248587061e-02  9.180259720300697e-01  4.213858426608772e-01  2.690850018156237e-05
1.9200  2.185555950440515e-02  9.145309114036086e-01  4.181833939563576e-01  1.373802393982352e-04
1.9300  3.098237158587288e-02  9.107841402222501e-01  4.147638750401916e-01  3.913654263699000e-04
1.9400  4.007018772975776e-02  9.067210262457719e-01  4.110715097180929e-01  8.466474669147658e-04
1.9500  4.911552518007122e-02  9.022778677822332e-01  4.070526753448265e-01  1.559174985611251e-03
1.9600  5.811426928173239e-02  8.973920074414881e-01  4.026562075099319e-01  2.582776500462715e-03
1.9700  6.706168458020879e-02  8.920019668799538e-01  3.978337544588531e-01  3.968824161437346e-03
1.9800  7.595242736949327e-02  8.860476015464138e-01  3.925401761030762e-01  5.765851543897804e-03
1.9900  8.478055988287424e-02  8.794702742923131e-01  3.867339816818982e-01  8.019131271456766e-03
2.0000  9.353956630878825e-02  8.722130465470275e-01  3.803777992834236e-01  1.077021909206741e-02
2.0100  1.022223708001749e-01  8.642208855814756e-01  3.734388695376150e-01  1.405647192208218e-02
2.0200  1.108213576300522e-01  8.554408861950111e-01  3.658895548870530e-01  1.791054827842142e-02
2.0300  1.193283936284045e-01  8.458225049639723e-01  3.577078549517644e-01  2.235990040879856e-02
2.0400  1.277348530158532e-01  8.353178049891233e-01  3.488779176659235e-01  2.742626827145542e-02
2.0500  1.360316447279440e-01  8.238817088773808e-01  3.393905351113566e-01  3.312518627428327e-02
2.0600  1.442092423002417e-01  8.114722574948717e-01  3.292436123419117e-01  3.946551432234901e-02
2.0700  1.522577163588332e-01  7.980508718379979e-01  3.184425970206943e-01  4.644900520600872e-02
2.0800  1.601667697334040e-01  7.835826151914759e-01  3.070008574151563e-01  5.406992065281354e-02
2.0900  1.679257751809293e-01  7.680364525821124e-01  2.949399962474577e-01  6.231470843090563e-02
2.1000  1.755238156773927e-01  7.513855043992925e-01  2.822900881106896e-01  7.116175269828330e-02
2.1100  1.829497272030852e-01  7.336072909426608e-01  2.690898286621148e-01  8.058120931444249e-02
2.1200  1.901921439142138e-01  7.146839645790110e-01  2.553865846131865e-01  9.053493704772363e-02
2.1300  1.972395455601332e-01  6.946025261484612e-01  2.412363346659119e-01  1.009765345098798e-01
2.1400  2.040803069718693e-01  6.733550222586735e-01  2.267034930004893e-01  1.118514912243426e-01
2.1500  2.107027494141693e-01  6.509387201487903e-01  2.118606086944726e-01  1.230974594916993e-01
2.1600  2.170951935605375e-01  6.273562568948702e-01  1.967879365325712e-01  1.346446516711049e-01
2.1700  2.232460138190923e-01  6.026157598681243e-01  1.815728770207184e-01  1.464163651771871e-01
2.1800  2.291436937071001e-01  5.767309355475272e-01  1.663092860087630e-01  1.583296349374815e-01
2.1900  2.347768819442223e-01  5.497211240297694e-01  1.510966571022765e-01  1.702960103158458e-01
2.2000  2.401344489093583e-01  5.216113168713590e-01  1.360391829441366e-01  1.822224506434863e-01
2.2100  2.452055430839807e-01  4.924321362381608e-01  1.212447044000393e-01  1.940123305813310e-01
2.2200  2.499796470865027e-01  4.622197737238438e-01  1.068235596106607e-01  2.055665436431561e-01
2.2300  2.544466328879423e-01  4.310158876264773e-01  9.288734769322006e-02  2.167846894211272e-01
2.2400  2.585968157893297e-01  3.988674579366642e-01  7.954762450042831e-02  2.275663274599302e-01
2.2500  2.624210067362898e-01  3.658265987847842e-01  6.691455018922175e-02  2.378122784078561e-01
2.2600  2.659105625462749e-01  3.319503286119017e-01  5.509551033277475e-02  2.474259511150448e-01
2.2700  2.690574336292189e-01  2.973002988605139e-01  4.419373385127544e-02  2.563146728258328e-01
2.2800  2.718542087930305e-01  2.619424825187663e-01  3.430693207404709e-02  2.643909985891458e-01
2.2900  2.742941567413581e-01  2.259468243857038e-01  2.552598372499203e-02  2.715739755405306e-01
2.3000  2.763712638923525e-01  1.893868554459495e-01  1.793369050785248e-02  2.777903378286158e-01
2.3100  2.780802681735498e-01  1.523392742401827e-01  1.160362723801279e-02  2.829756086867067e-01
2.3200  2.794166884792217e-01  1.148834985834211e-01  6.599109123383459e-03  2.870750874868604e-01
2.3300  2.803768495122171e-01  7.710119140725467e-02  2.972296858209061e-03  2.900447015392366e-01
2.3400  2.809579017719970e-01  3.907576487636770e-02  7.634577003365858e-04  2.918517048739508e-01
2.3500  2.811578364937045e-01  8.918672463078601e-04  3.977135925183826e-07  2.924752092072435e-01
2.3600  2.809754953890944e-01  -3.736514281800133e-02  6.980769489048182e-04  2.919065356723337e-01
2.3700  2.804105750883232e-01  -7.560972956032795e-02  2.858415602092965e-03  2.901493795968709e-01
2.3800  2.794636262312354e-01  -1.137567160751370e-01  6.470295226099671e-03  2.872197845305867e-01
2.3900  2.781360472071447e-01  -1.517218178264921e-01  1.150975500228763e-02  2.831459257577914e-01
2.4000  2.764300725924342e-01  -1.894221687387437e-01  1.794037900484455e-02  2.779677075547661e-01
2.4100  2.743487563848253e-01  -2.267768349713304e-01  2.571386643980701e-02  2.717361823571329e-01
2.4200  2.718959501811459e-01  -2.637073116805421e-01  3.477077311688928e-02  2.645128036765089e-01
2.4300  2.690762764911628e-01  -3.001379983307980e-01  4.504140902100904e-02  2.563685279471151e-01
2.4400  2.658950974228437e-01  -3.359966484415520e-01  5.644687388197794e-02  2.473827834014632e-01
2.4500  2.623584790137003e-01  -3.712147900368022e-01  6.890021017103357e-02  2.376423264947896e-01
2.4600  2.584731515180734e-01  -4.057281134947142e-01  8.230765103998983e-02  2.272400082630295e-01
2.4700  2.542464659909225e-01  -4.394768239665914e-01  9.656993940188117e-02  2.162734742704512e-01
2.4800  2.496863475344911e-01  -4.724059560382178e-01  1.115836936501913e-01  2.048438224621238e-01
2.4900  2.448012455948725e-01  -5.044656488329550e-01  1.272427954262271e-01  1.930542432846267e-01
2.5000  2.396000817108179e-01  -5.356113802952395e-01  1.434397753508858e-01  1.810086658964019e-01
2.5100  2.340921951270284e-01  -5.658041599357256e-01  1.600671737002861e-01  1.688104331949915e-01
2.5200  2.282872866886644e-01  -5.950106798559986e-01  1.770188545713489e-01  1.565610267955962e-01
2.5300  2.221953614330077e-01  -6.232034243928218e-01  1.941912540874698e-01  1.443588610701409e-01
2.5400  2.158266702882862e-01  -6.503607392212368e-01  2.114845455601968e-01  1.322981629742036e-01
2.5500  2.091916512789056e-01  -6.764668612253718e-01  2.288037071680532e-01  1.204679517331014e-01
2.5600  2.023008706210458e-01  -7.015119108793428e-01  2.460594805527935e-01  1.089511296136208e-01
2.5700  1.951649640731541e-01  -7.254918492730972e-01  2.631692116808492e-01  9.782369205983220e-02
2.5800  1.877945788827442e-01  -7.484084022654695e-01  2.800575682907764e-01  8.715406250266172e-02
2.5900  1.802003166445503e-01  -7.702689545463758e-01  2.966571311689833e-01  7.700255424036351e-02
2.6000  1.723926773559695e-01  -7.910864166402973e-01  3.129088592963931e-01  6.742095899988132e-02
2.6100  1.643820049243653e-01  -8.108790680835634e-01  3.287624315280341e-01  5.845225918692982e-02
2.6200  1.561784343476809e-01  -8.296703801589891e-01  3.441764698565807e-01  5.013045846431013e-02
2.6300  1.477918407554216e-01  -8.474888216747397e-01  3.591186514318194e-01  4.248052320083821e-02
2.6400  1.392317904618702e-01  -8.643676513323377e-01  3.735657183348909e-01  3.551842553288288e-02
2.6500  1.305074941478352e-01  -8.803447002447226e-01  3.875033956244852e-01  2.925127729087742e-02
2.6600  1.216277622517047e-01  -8.954621481431208e-01  4.009262293785462e-01  2.367754286726363e-02
2.6700  1.126009626154457e-01  -9.097662967555864e-01  4.138373573561869e-01  1.878731823298703e-02
2.6800  1.034349803967568e-01  -9.233073437552829e-01  4.262482255162180e-01  1.456266273070647e-02
2.6900  9.413718022513462e-02  -9.361391605679993e-01  4.381782639744792e-01  1.097796996038501e-02
2.7000  8.471437054733419e-02  -9.483190772013639e-01  4.496545360920232e-01  8.000363996584331e-03
2.7100  7.517277007677475e-02  -9.599076771181017e-01  4.607113742951349e-01  5.590107301280299e-03
2.7200  6.551797623195325e-02  -9.709686050278917e-01  4.713900159749050e-01  3.701006982363200e-03
2.7300  5.575493542093211e-02  -9.815683903222331e-01  4.817382524398899e-01  2.280806454729682e-03
2.7400  4.588791500246575e-02  -9.917762887294087e-01  4.918101034429397e-01  1.271550045171907e-03
2.7500  3.592047672926522e-02  -1.001664144627165e+00  5.016655293158353e-01  6.099086007621263e-04
2.7600  2.585545145517024e-02  -1.011306276323954e+00  5.113701922661110e-01  2.274546699051937e-04
2.7700  1.569491486545337e-02  -1.020779386510121e+00  5.209952779619892e-01  5.087628304873144e-05
2.7800  5.440163967925547e-03  -1.030162499992748e+00  5.306173881956546e-01  2.118724316140649e-06
2.7900  -4.908302397701238e-03  -1.039533934232221e+00  5.403154002101598e-01  1.556081776071470e-06
2.8000  -1.535048942356625e-02  -1.048895219756804e+00  5.500905910143367e-01  4.759980376083947e-05
2.8100  -2.588589430795164e-02  -1.058162682878401e+00  5.598541317182077e-01  2.282590486452246e-04
2.8200  -3.651313030446921e-02  -1.067246237417601e+00  5.695072656410129e-01  6.405981543053612e-04
2.8300  -4.722989844114378e-02  -1.076053534510533e+00  5.789456045663055e-01  1.386403088309673e-03
2.8400  -5.803296526332857e-02  -1.084490043382783e+00  5.880593270981956e-01  2.571951458845263e-03
2.8500  -6.891814159238058e-02  -1.092459174060086e+00  5.967335234940231e-01  4.307637568813992e-03
2.8600  -7.988026272922763e-02  -1.099862443945130e+00  6.048486978004772e-01  6.707442152368418e-03
2.8700  -9.091317055044552e-02  -1.106599690018107e+00  6.122814369740854e-01  9.888237603250810e-03
2.8800  -1.020096979609181e-01  -1.112569328183287e+00  6.189052550071055e-01  1.396892118544055e-02
2.8900  -1.131616561809193e-01  -1.117668660981383e+00  6.245916178699589e-01  1.906937094424595e-02
2.9000  -1.243598253558538e-01  -1.121794234515257e+00  6.292111522958359e-01  2.530922183494850e-02
2.9100  -1.355939489832072e-01  -1.124842244992827e+00  6.326350380602520e-01  3.280646296727707e-02
2.9200  -1.468527326527807e-01  -1.126708994775526e+00  6.347365794540378e-01  4.167586082071440e-02
2.9300  -1.581238475922913e-01  -1.127291397234253e+00  6.353929471391770e-01  5.202721779033279e-02
2.9400  -1.693939395002235e-01  -1.126487529060205e+00  6.344870765640833e-01  6.396348042378032e-02
2.9500  -1.806486431307502e-01  -1.124197227959741e+00  6.319097036761832e-01  7.757871712855739e-02
2.9600  -1.918726030709997e-01  -1.120322732887211e+00  6.275615129119345e-01  9.295599085725303e-02
2.9700  -2.030495011184060e-01  -1.114769363146255e+00  6.213553665047534e-01  1.101651581793279e-01
2.9800  -2.141620906249042e-01  -1.107446231829555e+00  6.132185781967405e-01  1.292606320538157e-01
2.9900  -2.251922381250296e-01  -1.098266988182901e+00  6.030951886661700e-01  1.502791513321345e-01
3.0000  -2.361209725063733e-01  -1.087150582587475e+00  5.909481946101427e-01  1.732376053232007e-01
3.0100  -2.469285419133634e-01  -1.074022046972408e+00  5.767616786914005e-01  1.981309664034658e-01
3.0200  -2.575944784991673e-01  -1.058813282617887e+00  5.605427837240329e-01  2.249303873987589e-01
3.0300  -2.680976710560604e-01  -1.041463846509003e+00  5.423234717926637e-01  2.535815230453984e-01
3.0400  -2.784164454625104e-01  -1.021921726675024e+00  5.221620077252312e-01  2.840031360042833e-01
3.0500  -2.885286527863427e-01  -1.000144096321523e+00  5.001441067033980e-01  3.160860474219069e-01
3.0600  -2.984117647787911e-01  -9.760980360575684e-01  4.763836879977211e-01  3.496924897071121e-01
3.0700  -3.080429763853306e-01  -9.497612131603715e-01  4.510231810119303e-01  3.846559148685832e-01
3.0800  -3.173993147874992e-01  -9.211225066272982e-01  4.242333361076785e-01  4.207813053418286e-01
3.0900  -3.264577543772311e-01  -8.901825667599886e-01  3.962125010817008e-01  4.578460257041246e-01
3.1000  -3.351953369534828e-01  -8.569542982244650e-01  3.671853346226926e-01  4.956012430927061e-01
3.1100  -3.435892963222782e-01  -8.214632559478026e-01  3.374009404361825e-01  5.337739316571374e-01
3.1200  -3.516171863779217e-01  -7.837479438549514e-01  3.071304197484320e-01  5.720694622377117e-01
3.1300  -3.592570116473418e-01  -7.438600073221181e-01  2.766638552466308e-01  6.101747630089319e-01
3.1400  -3.664873591936037e-01  -7.018643113234698e-01  2.463067557547843e-01  6.477620204908802e-01
3.1500  -3.732875307008177e-01  -6.578388975672325e-01  2.163760075762359e-01  6.844928736206488e-01
3.1600  -3.796376735030844e-01  -6.118748154404865e-01  1.871953948851647e-01  7.200230370629774e-01
3.1700  -3.855189092766981e-01  -5.640758232875087e-01  1.590907672087404e-01  7.540072742379055e-01
3.1800  -3.909134590892608e-01  -5.145579584064280e-01  1.323849462796957e-01  7.861046262846781e-01
3.1900  -3.958047634930273e-01  -4.634489761294109e-01  1.073924767376996e-01  8.159837909849877e-01
3.2000  -4.001775963637094e-01  -4.108876604134948e-01  8.441433474003773e-02  8.433285361129633e-01
3.2100  -4.040181712207285e-01  -3.570230104691811e-01  6.373271500223848e-02  8.678430252701287e-01
3.2200  -4.073142388206601e-01  -3.020133100454562e-01  4.560601972230642e-02  8.892569314059217e-01
3.2300  -4.100551748920434e-01  -2.460250880246553e-01  3.026417196876968e-02  9.073302141970531e-01
3.2400  -4.122320569760159e-01  -1.892319809097555e-01  1.790437129951503e-02  9.218574423940943e-01
3.2500  -4.138377294520855e-01  -1.318135095626553e-01  8.687400651612115e-03  9.326715511132292e-01
3.2600  -4.148668559600120e-01  -7.395378412983539e-02  2.734581093561146e-03  9.396469366612566e-01
3.2700  -4.153159585750415e-01  -1.584015243076669e-02  1.254552145149619e-04  9.427018074759910e-01
3.2800  -4.151834432520566e-01  4.233819185058333e-02  8.962612445884004e-04  9.417997286344434e-01
3.2900  -4.144696112216875e-01  1.003916240680885e-01  5.039239091514208e-03  9.369503184888859e-01
3.3000  -4.131766561949304e-01  1.581315090665980e-01  1.250278707983977e-02  9.282090785940510e-01
3.3100  -4.113086474090606e-01  2.153716095374089e-01  2.319246509736706e-02  9.156763613756134e-01
3.3200  -4.088714987232333e-01  2.719294648596484e-01  3.697281692942738e-02  8.994955031169227e-01
3.3300  -4.058729241437822e-01  3.276277235743338e-01  5.366996262725005e-02  8.798501719713429e-01
3.3400  -4.023223803236179e-01  3.822954135171157e-01  7.307489159811123e-02  8.569610010518310e-01
3.3500  -3.982309967342420e-01  4.357691348074879e-01  9.494736942543329e-02  8.310815945007234e-01
3.3600  -3.936114943499490e-01  4.878941623256023e-01  1.190203568157006e-01  8.024940092088575e-01
3.3700  -3.884780938093614e-01  5.385254459653633e-01  1.450048279760967e-01  7.715038260813362e-01
3.3800  -3.828464141274925e-01  5.875284987917431e-01  1.725948684462396e-01  7.384349321411761e-01
3.3900  -3.767333631204687e-01  6.347801652051070e-01  2.014729290689115e-01  7.036241381905626e-01
3.4000  -3.701570207737601e-01  6.801692632775627e-01  2.313151133537712e-01  6.674157562459032e-01
3.4100  -3.631365168326221e-01  7.235970975271352e-01  2.617963797748472e-01  6.301562567167230e-01
3.4200  -3.556919039203115e-01  7.649778404870990e-01  2.925955482181528e-01  5.921891176388492e-01
3.4300  -3.478440274958171e-01  8.042387834645682e-01  3.234000104142843e-01  5.538499676456332e-01
3.4400  -3.396143939491089e-01  8.413204588225983e-01  3.539100572167337e-01  5.154621113040873e-01
3.4500  -3.310250380994059e-01  8.761766379263771e-01  3.838427504239849e-01  4.773325105531553e-01
3.4600  -3.220983913122080e-01  9.087742105348809e-01  4.129352828666480e-01  4.397482798866603e-01
3.4700  -3.128571513856051e-01  9.390929528690546e-01  4.409477870641602e-01  4.029737362517435e-01
3.4800  -3.033241552776849e-01  9.671251928269932e-01  4.676655693003244e-01  3.672480279860733e-01
3.4900  -2.935222556568892e-01  9.928753818331623e-01  4.929007619251739e-01  3.327833510444339e-01
3.5000  -2.834742021581640e-01  1.016359583596239e+00  5.164934015839598e-01  2.997637457486357e-01
3.5100  -2.732025281220228e-01  1.037604890608627e+00  5.383119545074702e-01  2.683444537318181e-01
3.5200  -2.627294434834565e-01  1.056648779555670e+00  5.582533216682437e-01  2.386518029449531e-01
3.5300  -2.520767343651573e-01  1.073538416924573e+00  5.762423663064594e-01  2.107835787603868e-01
3.5400  -2.412656698168502e-01  1.088329926026827e+00  5.922310139427797e-01  1.848098314614989e-01
3.5500  -2.303169160315258e-01  1.101087626391742e+00  6.061969804965004e-01  1.607740647778977e-01
3.5600  -2.192504582617451e-01  1.111883256073306e+00  6.181421875680880e-01  1.386947465618128e-01
3.5700  -2.080855305564212e-01  1.120795186860656e+00  6.280909254450070e-01  1.185670810856561e-01
3.5800  -1.968405533418208e-01  1.127907641717547e+00  6.360878241224190e-01  1.003649826006776e-01
3.5900  -1.855330787809780e-01  1.133309923022155e+00  6.421956908102417e-01  8.404319151890215e-02
3.6000  -1.741797437640555e-01  1.137095659358936e+00  6.464932692664671e-01  6.953947762453974e-02
3.6100  -1.627962303089561e-01  1.139362077751391e+00  6.490729721089837e-01  5.677687883191688e-02
3.6200  -1.513972330870154e-01  1.140209307339719e+00  6.500386322720609e-01  4.566592892717228e-02
3.6300  -1.399964337330075e-01  1.139739719619615e+00  6.495033142392989e-01  3.610683321042386e-02
3.6400  -1.286064815519214e-01  1.138057309485132e+00  6.475872198362683e-01  2.799155675948689e-02
3.6500  -1.172389801967852e-01  1.135267120474526e+00  6.444157174152606e-01  2.120579595315272e-02
3.6600  -1.059044798618750e-01  1.131474716815999e+00  6.401175173969221e-01  1.563080973561247e-02
3.6700  -9.461247451347306e-02  1.126785704120509e+00  6.348230115051753e-01  1.114509271698023e-02
3.6800  -8.337140366536933e-02  1.121305299879428e+00  6.286627877688472e-01  7.625877461248500e-03
3.6900  -7.218865819789204e-02  1.115137954301634e+00  6.217663285620163e-01  4.950458115320932e-03
3.7000  -6.107058971673681e-02  1.108387021471572e+00  6.142608946833118e-01  2.997331812149416e-03
3.7100  -5.002252295050875e-02  1.101154480329023e+00  6.062705947743399e-01  1.647157994450344e-03
3.7200  -3.904877069298820e-02  1.093540704563257e+00  5.979156362683525e-01  7.835389328811336e-04
3.7300  -2.815265080694218e-02  1.085644280178258e+00  5.893117515418838e-01  2.936272533673634e-04
3.7400  -1.733650482012436e-02  1.077561869219638e+00  5.805697909980604e-01  6.856825797223046e-05
3.7500  -6.601717660248679e-03  1.069388117955203e+00  5.717954734118853e-01  3.786250310419814e-06
3.7600  4.051260336708702e-03  1.061213960144024e+00  5.630875346022813e-01  8.750017838317993e-07
3.7700  1.462263101584310e-02  1.053056911097428e+00  5.544644290050279e-01  4.114480853774379e-05
3.7800  2.511218957991464e-02  1.044837236495198e+00  5.458424253834608e-01  2.083973662467836e-04
3.7900  3.551888416989585e-02  1.036470158271606e+00  5.371351944937846e-01  5.896800346564210e-04
3.8000  4.584082549507670e-02  1.027872976273452e+00  5.282614276766218e-01  1.267639522649543e-03
3.8100  5.607530791004751e-02  1.018965133201098e+00  5.191449713397658e-01  2.320349916722996e-03
3.8200  6.621883129896740e-02  1.009668310800967e+00  5.097150489178386e-01  3.821052605311071e-03
3.8300  7.626712406978196e-02  9.999065553239099e-01  4.999065596898637e-01  5.837818548838656e-03
3.8400  8.621516754068262e-02  9.896064301555252e-01  4.896604433025812e-01  8.433143908788918e-03
3.8500  9.605722197949776e-02  9.786971933877477e-01  4.789240981725272e-01  1.166349075456828e-02
3.8600  1.057868545336155e-01  9.671109979406426e-01  4.676518411688728e-01  1.557878536923307e-02
3.8700  1.153969692632443e-01  9.547831116639198e-01  4.558053951593186e-01  2.022188752664028e-02
3.8800  1.248798394641544e-01  9.416521546544908e-01  4.433543901827225e-01  2.562804496349379e-02
3.8900  1.342271424374057e-01  9.276603508247923e-01  4.302768632461883e-01  3.182434806836559e-02
3.9000  1.434299968328909e-01  9.127537905524183e-01  4.165597410839040e-01  3.882920050309107e-02
3.9100  1.524790026608200e-01  8.968827010408589e-01  4.021992897131733e-01  4.665182200665164e-02
3.9200  1.613642840306063e-01  8.800017208301412e-01  3.872015143320048e-01  5.529179995533613e-02
3.9300  1.700755346401080e-01  8.620701747213686e-01  3.715824930720655e-01  6.473870631555208e-02
3.9400  1.786020660000410e-01  8.430523452270567e-01  3.553686283964202e-01  7.497179638113891e-02
3.9500  1.869328583388536e-01  8.229177365362589e-01  3.385968005529798e-01  8.595980509530783e-02
3.9600  1.950566140927757e-01  8.016413268960687e-01  3.213144084938448e-01  9.766085578613076e-02
3.9700  2.029618138445036e-01  7.792038052651604e-01  3.035792850698530e-01  1.100224947712818e-01
3.9800  2.106367745325036e-01  7.555917880960985e-01  2.854594751191297e-01  1.229818635015489e-01
3.9900  2.180697097117025e-01  7.307980121561267e-01  2.670328672856732e-01  1.364660177156828e-01
4.0000  2.252487916059290e-01  7.048214994051064e-01  2.483866730118312e-01  1.503924004881334e-01
4.0100  2.321622146534459e-01  6.776676901173762e-01  2.296167491145101e-01  1.646694730981823e-01
4.0200  2.387982602098749e-01  6.493485406636116e-01  2.108267636309810e-01  1.791975043816489e-01
4.0300  2.451453620383837e-01  6.198825826600765e-01  1.921272081426633e-01  1.938695157079639e-01
4.0400  2.511921721857904e-01  5.892949405454699e-01  1.736342634762445e-01  2.085723750336873e-01
4.0500  2.569276268158566e-01  5.576173050579496e-01  1.554685294500452e-01  2.231880297092419e-01
4.0600  2.623410115480627e-01  5.248878605534125e-01  1.377536330781693e-01  2.375948639600315e-01
4.0700  2.674220258321311e-01  4.911511646258720e-01  1.206147332566752e-01  2.516691633352572e-01
4.0800  2.721608458759578e-01  4.564579790554065e-01  1.041769433216729e-01  2.652866650307223e-01
4.0900  2.765481856378479e-01  4.208650517109510e-01  8.856369587583074e-02  2.783241699589586e-01
4.1000  2.805753553933583e-01  3.844348496651611e-01  7.389507681853752e-02  2.906611898700925e-01
4.1100  2.842343173928475e-01  3.472352444266033e-01  6.028615748600147e-02  3.021816008202276e-01
4.1200  2.875177381381643e-01  3.093391508496375e-01  4.784535512418740e-02  3.127752729278908e-01
4.1300  2.904190368257665e-01  2.708241219329038e-01  3.667285251036418e-02  3.223396457231326e-01
4.1400  2.929324295288646e-01  2.317719023512914e-01  2.685910735976827e-02  3.307812185271937e-01
4.1500  2.950529687226860e-01  1.922679441715306e-01  1.848348117797340e-02  3.380169262284121e-01
4.1600  2.967765777943190e-01  1.524008887662291e-01  1.161301544836827e-02  3.439753725416565e-01
4.1700  2.981000802213558e-01  1.122620194538977e-01  6.301380505933653e-03  3.485978953265265e-01
4.1800  2.990212231511377e-01  7.194468984278088e-02  2.588019198286969e-03  3.518394417396801e-01
4.1900  2.995386951641387e-01  3.154373323473648e-02  4.975035531921096e-04  3.536692348292838e-01
4.2000  2.996521380601468e-01  -8.845141255982798e-03  3.911826191914447e-05  3.540712175420335e-01
4.2100  2.993621525635911e-01  -4.912596000174876e-02  1.206679973046709e-03  3.530442648832007e-01
4.2200  2.986702979037161e-01  -8.920309758933931e-02  3.978596309766596e-03  3.506021600101989e-01
4.2300  2.975790852854224e-01  -1.289818849589921e-01  8.318163323787332e-03  3.467733352026323e-01
4.2400  2.960919653265109e-01  -1.683692070026428e-01  1.417409493334939e-02  3.416003837844532e-01
4.2500  2.942133095958820e-01  -2.072740838270421e-01  2.148127291316984e-02  3.351393540257407e-01
4.2600  2.919483864440196e-01  -2.456082301341307e-01  3.016170135481006e-02  3.274588406786236e-01
4.2700  2.893033313709825e-01  -2.832865875012712e-01  4.012564532905769e-02  3.186388939722875e-01
4.2800  2.862851122273267e-01  -3.202278247505765e-01  5.127292987224296e-02  3.087697694911643e-01
4.2900  2.829014895891719e-01  -3.563548020709886e-01  6.349437247952675e-02  2.979505452948704e-01
4.3000  2.791609726893677e-01  -3.915949950890060e-01  7.667332008937930e-02  2.862876348388390e-01
4.3100  2.750727713218986e-01  -4.258808756630852e-01  9.068726012777814e-02  2.738932256777407e-01
4.3200  2.706467441658673e-01  -4.591502467910776e-01  1.054094745641538e-01  2.608836745633008e-01
4.3300  2.658933439983297e-01  -4.913465296575368e-01  1.207107061032524e-01  2.473778893942340e-01
4.3400  2.608235602817476e-01  -5.224190014961936e-01  1.364608065621400e-01  2.334957275739860e-01
4.3500  2.554488596218299e-01  -5.523229835903807e-01  1.525303391010900e-01  2.193564387397153e-01
4.3600  2.497811245951147e-01  -5.810199793692710e-01  1.687921082131340e-01  2.050771776208470e-01
4.3700  2.438325914429826e-01  -6.084777631697607e-01  1.851225941360377e-01  1.907716100605092e-01
4.3800  2.376157871201668e-01  -6.346704208129877e-01  2.014032715274675e-01  1.765486320925067e-01
4.3900  2.311434661716079e-01  -6.595783436822733e-01  2.175217957273255e-01  1.625112185213229e-01
4.4000  2.244285478921456e-01  -6.831881784784802e-01  2.333730436063719e-01  1.487554138166024e-01
4.4100  2.174840541995575e-01  -7.054927352635711e-01  2.488599997548376e-01  1.353694744184598e-01
4.4200  2.103230486234168e-01  -7.264908567791520e-01  2.638944824918532e-01  1.224331678621003e-01
4.4300  2.029585767807487e-01  -7.461872523411118e-01  2.783977077781891e-01  1.100172305670004e-01
4.4400  1.954036086751484e-01  -7.645922998626592e-01  2.923006925046353e-01  9.818298278315686e-02
4.4500  1.876709831195018e-01  -7.817218197460394e-01  3.055445017335296e-01  8.698209611699255e-02
4.4600  1.797733545443745e-01  -7.975968245091785e-01  3.180803472335626e-01  7.645650632991445e-02
4.4700  1.717231424150858e-01  -8.122432480798006e-01  3.298695470256123e-01  6.663846175532505e-02
4.4800  1.635324834410669e-01  -8.256916586995682e-01  3.408833576230221e-01  5.755069574180075e-02
4.4900  1.552131867218459e-01  -8.379769593386959e-01  3.511026921912632e-01  4.920671001310784e-02
4.5000  1.467766919354051e-01  -8.491380794322143e-01  3.605177389709148e-01  4.161115473799720e-02
4.5100  1.382340306371690e-01  -8.592176616180178e-01  3.691274950181673e-01  3.476029041041617e-02
4.5200  1.295957907018878e-01  -8.682617469898016e-01  3.769392306428911e-01  2.864251632956671e-02
4.5300  1.208720839065099e-01  -8.763194621809762e-01  3.839678998985777e-01  2.323895050632474e-02
4.5400  1.120725166200680e-01  -8.834427113746683e-01  3.902355121405128e-01  1.852404616862192e-02
4.5500  1.032061635368304e-01  -8.896858760959537e-01  3.957704790623124e-01  1.446623064967581e-02
4.5600  9.428154436165742e-02  -8.951055253912921e-01  4.006069507930105e-01  1.102855327302671e-02
4.5700  8.530660333174091e-02  -8.997601387422608e-01  4.047841536347462e-01  8.169329849890484e-03
4.5800  7.628869143672767e-02  -9.037098438012218e-01  4.083457408916144e-01  5.842772530691630e-03
4.5900  6.723455117964149e-02  -9.070161707802514e-01  4.113391670284351e-01  3.999594959045598e-03
4.6000  5.815030370395486e-02  -9.097418250757446e-01  4.138150941460734e-01  2.587583921105913e-03
4.6100  4.904143809753825e-02  -9.119504794733505e-01  4.158268385058370e-01  1.552129928000276e-03
4.6200  3.991280267189724e-02  -9.137065870545910e-01  4.174298636134744e-01  8.367103802161259e-04
4.6300  3.076859800494066e-02  -9.150752157204265e-01  4.186813252128925e-01  3.833201109633192e-04
4.6400  2.161237152731974e-02  -9.161219050604943e-01  4.196396724658347e-01  1.328451660524284e-04
4.6500  1.244701342593531e-02  -9.169125461316375e-01  4.203643086268012e-01  2.537663049271318e-05
4.6600  3.274753633304342e-03  -9.175132845671354e-01  4.209153136785866e-01  4.621408725336391e-07
4.6700  -5.902830849538938e-03  -9.179845498210268e-01  4.213478168550567e-01  2.706571453786893e-06
4.6800  -1.508446080511562e-02  -9.183121074849537e-01  4.216485633767286e-01  4.516768735908296e-05
4.6900  -2.426837526174113e-02  -9.184303434058151e-01  4.217571478442617e-01  1.880877830087538e-04
4.7000  -3.345214781630223e-02  -9.182726244448760e-01  4.216123064024401e-01  4.926182572201223e-04
4.7100  -4.263268600085260e-02  -9.177723862406317e-01  4.211530764729117e-01  1.019686262745747e-03
4.7200  -5.180623247451797e-02  -9.168632380440038e-01  4.203190986382678e-01  1.829719481658801e-03
4.7300  -6.096836738367414e-02  -9.154790914996509e-01  4.190509834865131e-01  2.982305838907920e-03
4.7400  -7.011401212849058e-02  -9.135543130761897e-01  4.172907414700545e-01  4.535790011142942e-03
4.7500  -7.923743477021276e-02  -9.110238996945280e-01  4.149822729073127e-01  6.546809497519201e-03
4.7600  -8.833225730817913e-02  -9.078236769255582e-01  4.120719141933201e-01  9.069774064946395e-03
4.7700  -9.739146504829420e-02  -9.038905189275103e-01  4.085090351035219e-01  1.215629354706785e-02
4.7800  -1.064074182752881e-01  -8.991625890710477e-01  4.042466807924749e-01  1.585456024428341e-02
4.7900  -1.153718664293833e-01  -8.935795999590000e-01  3.992422507314433e-01  2.020869351640371e-02
4.8000  -1.242759649737814e-01  -8.870830912902007e-01  3.934582054264892e-01  2.525805554979938e-02
4.8100  -1.331102951225384e-01  -8.796167237465723e-01  3.868627903473268e-01  3.103654868167284e-02
4.8200  -1.418648865787933e-01  -8.711265868032345e-01  3.794307651177267e-01  3.757190603480654e-02
4.8300  -1.505292434108971e-01  -8.615615180774227e-01  3.711441247159366e-01  4.488498851179008e-02
4.8400  -1.590923731687273e-01  -8.508734315483364e-01  3.619927982574208e-01  5.298910236954766e-02
4.8500  -1.675428193143927e-01  -8.390176517021412e-01  3.519753099338877e-01  6.188935259157635e-02
4.8600  -1.758686970107391e-01  -8.259532503900517e-01  3.410993859149458e-01  7.158204804400596e-02
4.8700  -1.840577322776784e-01  -8.116433829389853e-01  3.293824905343202e-01  8.205417489011570e-02
4.8800  -1.920973044906215e-01  -7.960556198301114e-01  3.168522749315514e-01  9.328295489629425e-02
4.8900  -1.999744921574473e-01  -7.791622700673444e-01  3.035469215482486e-01  1.052355050449755e-01
4.9000  -2.076761218708550e-01  -7.609406922019980e-01  2.895153685244279e-01  1.178686142378091e-01
4.9100  -2.151888202920019e-01  -7.413735888678417e-01  2.748173991353918e-01  1.311286517950868e-01
4.9200  -2.224990689795237e-01  -7.204492806187218e-01  2.595235829720169e-01  1.449516209162341e-01
4.9300  -2.295932618358701e-01  -6.981619548542992e-01  2.437150576029883e-01  1.592633682551507e-01
4.9400  -2.364577649009638e-01  -6.745118856730943e-01  2.274831419571367e-01  1.739799582924816e-01
4.9500  -2.430789781821126e-01  -6.495056206099129e-01  2.109287756019341e-01  1.890082182800190e-01
4.9600  -2.494433991695494e-01  -6.231561303996794e-01  1.941617814273511e-01  2.042464562330797e-01
4.9700  -2.555376876495995e-01  -5.954829181633863e-01  1.772999529121911e-01  2.195853508150213e-01
4.9800  -2.613487313929923e-01  -5.665120847345362e-01  1.604679710751352e-01  2.349090080711618e-01
4.9900  -2.668637122649137e-01  -5.362763472348751e-01  1.437961603017901e-01  2.500961759200397e-01
5.0000  -2.720701722767062e-01  -5.048150084635691e-01  1.274190963850367e-01  2.650216032046013e-01
5.0100  -2.769560790772983e-01  -4.721738751798611e-01  1.114740842011835e-01  2.795575260616792e-01
5.0200  -2.815098903660545e-01  -4.384051239295794e-01  9.609952634385495e-02  2.935752605093710e-01
5.0300  -2.857206166982885e-01  -4.035671136830610e-01  8.143320762323836e-02  3.069468766058496e-01
5.0400  -2.895778821506104e-01  -3.677241452070013e-01  6.761052348410990e-02  3.195469264252908e-01
5.0500  -2.930719823158922e-01  -3.309461677750355e-01  5.476268298249097e-02  3.312541955456527e-01
5.0600  -2.961939391071677e-01  -2.933084345199591e-01  4.301491888027456e-02  3.419534458559588e-01
5.0700  -2.989355518663255e-01  -2.548911084319799e-01  3.248473857884168e-02  3.515371163576890e-01
5.0800  -3.012894442969645e-01  -2.157788216992391e-01  2.328024994695601e-02  3.599069483248531e-01
5.0900  -3.032491067711175e-01  -1.760601917557159e-01  1.549859556052973e-02  3.669755017443590e-01
5.1000  -3.048089335963967e-01  -1.358272980342792e-01  9.224527445646450e-03  3.726675313984379e-01
5.1100  -3.059642548730558e-01  -9.517512400616718e-02  4.529152114794650e-03  3.769211932604880e-01
5.1200  -3.067113626189449e-01  -5.420096961043046e-02  1.468872553355403e-03  3.796890550107608e-01
5.1300  -3.070475308936825e-01  -1.300383962677611e-02  8.454992251945631e-05  3.809388883651311e-01
5.1400  -3.069710297108145e-01  2.831618608687582e-02  4.009031972532899e-04  3.806542254474419e-01
5.1500  -3.064811325874121e-01  6.965859429299989e-02  2.426159879438379e-03  3.788346664979990e-01
5.1600  -3.055781176435390e-01  1.109230856284865e-01  6.151965462672270e-03  3.754959316520108e-01
5.1700  -3.042632622283204e-01  1.520102209519301e-01  1.155355363692730e-02  3.706696551820657e-01
5.1800  -3.025388311139475e-01  1.928220603427290e-01  1.859017347740752e-02  3.644029263093911e-01
5.1900  -3.004080583628393e-01  2.332627884329133e-01  2.720576423374903e-02  3.567575862789872e-01
5.2000  -2.978751230353468e-01  2.732393199740337e-01  3.732986298993619e-02  3.478092966976418e-01
5.2100  -2.949451189648593e-01  3.126618798571049e-01  4.887872555788936e-02  3.376463989960763e-01
5.2200  -2.916240188830486e-01  3.514445522066771e-01  6.175663663787589e-02  3.263685891585812e-01
5.2300  -2.879186332294257e-01  3.895057936519893e-01  7.585738164423304e-02  3.140854354487146e-01
5.2400  -2.838365640256559e-01  4.267689064286206e-01  9.106584974714035e-02  3.009147696570724e-01
5.2500  -2.793861542355512e-01  4.631624675716434e-01  1.072597356835268e-01  2.869809843444007e-01
5.2600  -2.745764330658153e-01  4.986207111135745e-01  1.243113067757034e-01  2.724132696182070e-01
5.2700  -2.694170576900876e-01  5.330838608843763e-01  1.420892013676965e-01  2.573438231615879e-01
5.2800  -2.639182518993566e-01  5.664984122131136e-01  1.604602255199894e-01  2.419060665565116e-01
5.2900  -2.580907421952799e-01  5.988173615384105e-01  1.792911162399117e-01  2.262328994645022e-01
5.3000  -2.519456918493626e-01  6.300003836348018e-01  1.984502416899987e-01  2.104550210234038e-01
5.3100  -2.454946334504552e-01  6.600139568423496e-01  2.178092116133475e-01  1.946993449871291e-01
5.3200  -2.387494004558792e-01  6.888314373364478e-01  2.372443745314983e-01  1.790875317882465e-01
5.3300  -2.317220582480369e-01  7.164330840836511e-01  2.566381819848060e-01  1.637346569631166e-01
5.3400  -2.244248351790621e-01  7.428060366892076e-01  2.758804040709643e-01  1.487480313729709e-01
5.3500  -2.168700540614411e-01  7.679442488457466e-01  2.948691846676290e-01  1.342261845086022e-01
5.3600  -2.090700645331758e-01  7.918483805349563e-01  3.135119288779165e-01  1.202580180033039e-01
5.3700  -2.010371766926002e-01  8.145256525113473e-01  3.317260192995181e-01  1.069221324116691e-01
5.3800  -1.927835963610640e-01  8.359896669072493e-01  3.494393615878468e-01  9.428632644215516e-02
5.3900  -1.843213622920362e-01  8.562601980405034e-01  3.665907633741810e-01  8.240726424550059e-02
5.4000  -1.756622856034377e-01  8.753629576818357e-01  3.831301538407456e-01  7.133030312935558e-02
5.4100  -1.668178916668312e-01  8.933293391499267e-01  3.990186540930224e-01  6.108947124453162e-02
5.4200  -1.577993646431191e-01  9.101961446521969e-01  4.142285108698615e-01  5.170758240516127e-02
5.4300  -1.486174948102063e-01  9.260053002828691e-01  4.287429080759833e-01  4.319647328157952e-02
5.4400  -1.392826287842194e-01  9.408035630322740e-01  4.425556721071109e-01  3.555734674253753e-02
5.4500  -1.298046226928077e-01  9.546422240587271e-01  4.556708879778965e-01  2.878120410938953e-02
5.4600  -1.201927983172205e-01  9.675768123331423e-01  4.681024438823824e-01  2.284934849331585e-02
5.4700  -1.104559021795889e-01  9.796668025937333e-01  4.798735220521144e-01  1.773394118090952e-02
5.4800  -1.006020675134407e-01  9.909753313507281e-01  4.910160536728427e-01  1.339859316850185e-02
5.4900  -9.063877901913714e-02  1.001568924466026e+00  5.015701552280156e-01  9.798974370080029e-03
5.5000  -8.057284027179590e-02  1.011517239607116e+00  5.115835630111998e-01  6.883423681989941e-03
5.5100  -7.041034361741741e-02  1.020892826645105e+00  5.211110817477166e-01  4.593543921981605e-03
5.5200  -6.015664236337186e-02  1.029770908839794e+00  5.302140623463674e-01  2.864766612094172e-03
5.5300  -4.981632504207611e-02  1.038229187436559e+00  5.389599228225888e-01  1.626872586736331e-03
5.5400  -3.939319150147542e-02  1.046347672096046e+00  5.474217254504076e-01  8.044554232924097e-04
5.5500  -2.889023055267265e-02  1.054208539393654e+00  5.556778222652504e-01  3.173156594605103e-04
5.5600  -1.830959888349760e-02  1.061896021466566e+00  5.638115802032613e-01  8.077462907451048e-05
5.5700  -7.652600926706724e-03  1.069496326756143e+00  5.719111964724408e-01  5.897469181459848e-06
5.5800  3.080330136861026e-03  1.077096880366723e+00  5.800688448478636e-01  3.846185945508987e-07
5.5900  1.388944491444887e-02  1.084724725264200e+00  5.883138647997469e-01  3.526088035495288e-05
5.6000  2.477464078585137e-02  1.092297348097182e+00  5.965567483300680e-01  2.001062165510750e-04
5.6100  3.573488975444886e-02  1.099719270386438e+00  6.046912368296403e-01  6.005038854827919e-04
5.6200  4.676819942231363e-02  1.106893099979416e+00  6.126061673910211e-01  1.346140627023304e-03
5.6300  5.787159421469010e-02  1.113719610583982e+00  6.201856854996685e-01  2.550555749547526e-03
5.6400  6.904109762145084e-02  1.120097865916491e+00  6.273096146153391e-01  4.330734339942193e-03
5.6500  8.027171591003894e-02  1.125925390112340e+00  6.338539920498125e-01  6.806535626321698e-03
5.6600  9.155742378002285e-02  1.131098385863058e+00  6.396917792510073e-01  1.009994884895497e-02
5.6700  1.028911524428314e-01  1.135512001492885e+00  6.446937527671889e-01  1.433417085902212e-02
5.6800  1.142647806208219e-01  1.139060647866892e+00  6.487295797594720e-01  1.963250209520110e-02
5.6900  1.256691289668501e-01  1.141638365630104e+00  6.516690789392876e-01  2.611706060085483e-02
5.7000  1.370939584082436e-01  1.143139242811943e+00  6.533836642283316e-01  3.390731734048136e-02
5.7100  1.485279729167918e-01  1.143457882293035e+00  6.537479642890357e-01  4.311846023496785e-02
5.7200  1.599588271983617e-01  1.142489918024019e+00  6.526416063932650e-01  5.385959902071213e-02
5.7300  1.713731397813235e-01  1.140132578212183e+00  6.499511479503792e-01  6.623182818232158e-02
5.7400  1.827565119615086e-01  1.136285292957105e+00  6.455721334953067e-01  8.032617071925575e-02
5.7500  1.940935530323326e-01  1.130850343028933e+00  6.394112491643277e-01  9.622143126117098e-02
5.7600  2.053679121915314e-01  1.123733545652245e+00  6.313885408120832e-01  1.139819928929123e-01
5.7700  2.165623174703017e-01  1.114844972297115e+00  6.214396561280771e-01  1.336555978073135e-01
5.7800  2.276586219762726e-01  1.104099692601457e+00  6.095180656013155e-01  1.552711573650260e-01
5.7900  2.386378576785816e-01  1.091418537671884e+00  5.955972121869172e-01  1.788366420760330e-01
5.8000  2.494802968914914e-01  1.076728875152955e+00  5.796725352940735e-01  2.043371061816101e-01
5.8100  2.601655215327536e-01  1.059965387637558e+00  5.617633114948190e-01  2.317329046542205e-01
5.8200  2.706725001448164e-01  1.041070845236426e+00  5.419142524006434e-01  2.609581622935541e-01
5.8300  2.809796725717289e-01  1.019996862455474e+00  5.201967997095052e-01  2.919195549397733e-01
5.8400  2.910650420831768e-01  9.967046289695142e-01  4.967100587046285e-01  3.244954614355741e-01
5.8500  3.009062746307125e-01  9.711656034533037e-01  4.715813146654098e-01  3.585355416712313e-01
5.8600  3.104808048113539e-01  9.433621593583229e-01  4.449660818545989e-01  3.938607907181235e-01
5.8700  3.197659480019687e-01  9.132881714271057e-01  4.170476420343332e-01  4.302641116382865e-01
5.8800  3.287390180161001e-01  8.809495318346496e-01  3.880360388198442e-01  4.675114400692322e-01
5.8900  3.373774495251439e-01  8.463645851535150e-01  3.581665055010407e-01  5.053434422293899e-01
5.9000  3.456589243801986e-01  8.095644718666589e-01  3.276973170543712e-01  5.434777947669708e-01
5.9100  3.535615008717329e-01  7.705933709059425e-01  2.969070716420917e-01  5.816120401746595e-01
5.9200  3.610637448737110e-01  7.295086326752591e-01  2.660914225738631e-01  6.194269956965208e-01
5.9300  3.681448617392390e-01  6.863807952200148e-01  2.355592980234300e-01  6.565906772276147e-01
5.9400  3.747848277483062e-01  6.412934776175551e-01  2.056286622174088e-01  6.927626831873689e-01
5.9500  3.809645198568197e-01  5.943431462679413e-01  1.766218877578377e-01  7.275989673234703e-01
5.9600  3.866658424616516e-01  5.456387515366544e-01  1.488608235892394e-01  7.607569144921524e-01
5.9700  3.918718498803843e-01  4.953012341097117e-01  1.226616562553017e-01  7.919006202846738e-01
5.9800  3.965668632480197e-01  4.434629024311293e-01  9.832967291632068e-02  8.207062645238666e-01
5.9900  4.007365805569357e-01  3.902666846617506e-01  7.615404257843714e-02  8.468674606780646e-01
6.0000  4.043681786111862e-01  3.358652606825398e-01  5.640273666667521e-02  8.701004585862170e-01
6.0100  4.074504057317819e-01  2.804200817174128e-01  3.931771111520025e-02  8.901490768985708e-01
6.0200  4.099736641352837e-01  2.241002871222667e-01  2.511046934414118e-02  9.067892445176998e-01
6.0300  4.119300810128503e-01  1.670815297302094e-01  1.395811878849342e-02  9.198330371284219e-01
6.0400  4.133135674592907e-01  1.095447228120688e-01  6.000023147986491e-03  9.291321055240015e-01
6.0500  4.141198645397212e-01  5.167472316349046e-02  1.335138507011689e-03  9.345804065984223e-01
6.0600  4.143465759327547e-01  -6.341033972406219e-03  2.010435591960490e-05  9.361161651529547e-01
6.0700  4.139931867510476e-01  -6.431393152631935e-02  2.068140894186047e-03  9.337230144918104e-01
6.0800  4.130610683095051e-01  -1.220555815463857e-01  7.448782493313203e-03  9.274302854719907e-01
6.0900  4.115534687853128e-01  -1.793792329679215e-01  1.608845461007993e-02  9.173124364556693e-01
6.1000  4.094754898889081e-01  -2.361011587723962e-01  2.787187858683412e-02  9.034876396679183e-01
6.1100  4.068340498376852e-01  -2.920420054903819e-01  4.264426648542213e-02  8.861155619538458e-01
6.1200  4.036378330913808e-01  -3.470280887166095e-01  6.021424717915150e-02  8.653943990493453e-01
6.1300  3.998972274665623e-01  -4.008926193212864e-01  8.035744611314093e-02  8.415572414845539e-01
6.1400  3.956242493945600e-01  -4.534768463335154e-01  1.028206250802954e-01  8.148678664824218e-01
6.1500  3.908324582199459e-01  -5.046311040060919e-01  1.273262755652036e-01  7.856160631759899e-01
6.1600  3.855368605530383e-01  -5.542157523065273e-01  1.535775500523450e-01  7.541126077732075e-01
6.1700  3.797538057881101e-01  -6.021020019728739e-01  1.812634103898713e-01  7.206840107332440e-01
6.1800  3.735008739776390e-01  -6.481726172779507e-01  2.100638708944744e-01  6.856671595326675e-01
6.1900  3.667967573111933e-01  -6.923224917136954e-01  2.396552162663299e-01  6.494039783022948e-01
6.2000  3.596611364850090e-01  -7.344590938905751e-01  2.697150802992823e-01  6.122362197616504e-01
6.2100  3.521145532650563e-01  -7.745027829988840e-01  2.999272804365082e-01  5.745004958512844e-01
6.2200  3.441782805429641e-01  -8.123869951559026e-01  3.299863149492183e-01  5.365236417506032e-01
6.2300  3.358741911615039e-01  -8.480583038259339e-01  3.596014433440600e-01  4.986184941325549e-01
6.2400  3.272246267457547e-01  -8.814763592148903e-01  3.885002859273692e-01  4.610801491541492e-01
6.2500  3.182522677192084e-01  -9.126137130788182e-01  4.164318946497538e-01  4.241827494364777e-01
6.2600  3.089800056128144e-01  -9.414555367242285e-01  4.431692638143526e-01  3.881768327600335e-01
6.2700  2.994308186913815e-01  -9.679992411014561e-01  4.685112653864975e-01  3.532872589628225e-01
6.2800  2.896276518280639e-01  -9.922540087911387e-01  4.922840089810426e-01  3.197117160929716e-01
6.2900  2.795933014561047e-01  -1.014240248355067e+00  5.143416406916744e-01  2.876197926713547e-01
6.3000  2.693503063198878e-01  -1.033988981968788e+00  5.345666074164250e-01  2.571525903135127e-01
6.3100  2.589208446368536e-01  -1.051541177482330e+00  5.528694239704626e-01  2.284228402013291e-01
6.3200  2.483266381700786e-01  -1.066947036079807e+00  5.691879888997430e-01  2.015154781473127e-01
6.3300  2.375888636002914e-01  -1.080265246544672e+00  5.834865014461106e-01  1.764886263315266e-01
6.3400  2.267280714775515e-01  -1.091562216804464e+00  5.957540365775381e-01  1.533749252036955e-01
6.3500  2.157641129283777e-01  -1.100911292948483e+00  6.060028374707498e-01  1.321831564485456e-01
6.3600  2.047160741951017e-01  -1.108391975306814e+00  6.142663854622703e-01  1.129000971678305e-01
6.3700  1.936022189917984e-01  -1.114089140473154e+00  6.205973064601051e-01  9.549254634718700e-02
6.3800  1.824399385761811e-01  -1.118092277370283e+00  6.250651703575325e-01  7.990946702537800e-02
6.3900  1.712457093600169e-01  -1.120494744618761e+00  6.277542363591310e-01  6.608419112229387e-02
6.4000  1.600350578123495e-01  -1.121393055597967e+00  6.287611925716725e-01  5.393663835648232e-02
6.4100  1.488225323503455e-01  -1.120886196704066e+00  6.281929329808530e-01  4.337550584139507e-02
6.4200  1.376216818619435e-01  -1.119074983429960e+00  6.261644092693822e-01  3.430039055183708e-02
6.4300  1.264450404625505e-01  -1.116061458033654e+00  6.227965890541032e-01  2.660381267679009e-02
6.4400  1.153041180545206e-01  -1.111948331737535e+00  6.182145462269435e-01  2.017311372436664e-02
6.4500  1.042093962326568e-01  -1.106838473623073e+00  6.125457033461270e-01  1.489220894917621e-02
6.4600  9.317032906099684e-02  -1.100834447662630e+00  6.059182405803433e-01  1.064317909125110e-02
6.4700  8.219534823508413e-02  -1.094038098669113e+00  5.984596806697641e-01  7.307691437986061e-03
6.4800  7.129187213914596e-02  -1.086550187350131e+00  5.902956548153024e-01  4.768244764219384e-03
6.4900  6.046631830841528e-02  -1.078470074128837e+00  5.815488503957295e-01  2.909236715474899e-03
6.5000  4.972411881253735e-02  -1.069895450940200e+00  5.723381379712671e-01  1.617855644679638e-03
6.5100  3.906973808588757e-02  -1.060922119828588e+00  5.627778721707926e-01  7.848017837804795e-04
6.5200  2.850669274399294e-02  -1.051643816858966e+00  5.529773587688469e-01  3.048449368795969e-04
6.5300  1.803757294141501e-02  -1.042152079607087e+00  5.430404785146884e-01  7.722764347765192e-05
6.5400  7.664064844767833e-03  -1.032536156310551e+00  5.330654570442837e-01  5.924012876003341e-06
6.5500  -2.613025893990555e-03  -1.022882496137043e+00  5.231443004517737e-01  2.347846081203084e-07
6.5600  -1.279358162443912e-02  -1.013222797958672e+00  5.133102191515998e-01  2.755591998188798e-05
6.5700  -2.287723217324594e-02  -1.003488273489566e+00  5.034943575155353e-01  1.575610698833791e-04
6.5800  -3.286283758120534e-02  -9.936009736201830e-01  4.936214473894878e-01  4.670395542943822e-04
6.5900  -4.274849015826400e-02  -9.834853078252196e-01  4.836216753540334e-01  1.028018246775950e-03
6.6000  -5.253153831239020e-02  -9.730680973991012e-01  4.734307610879533e-01  1.907650620208943e-03
6.6100  -6.220861104625411e-02  -9.622786554362897e-01  4.629901053541368e-01  3.168035185579547e-03
6.6200  -7.177564337867794e-02  -9.510488914480009e-01  4.522469969622357e-01  4.865973778202095e-03
6.6300  -8.122790292637445e-02  -9.393134384317320e-01  4.411548678092216e-01  7.052680426456677e-03
6.6400  -9.056001785918913e-02  -9.270098001135073e-01  4.296735847532424e-01  9.773451912201621e-03
6.6500  -9.976600641870634e-02  -9.140785159692896e-01  4.177697666783094e-01  1.306731155916258e-02
6.6600  -1.088393081655227e-01  -9.004633415060772e-01  4.054171146981451e-01  1.696663822504192e-02
6.6700  -1.177728170946311e-01  -8.861114411494674e-01  3.925967430679930e-01  2.149679288379487e-02
6.6800  -1.265589167311453e-01  -8.709735909477379e-01  3.792974980641987e-01  2.667575552553581e-02
6.6900  -1.351895172900164e-01  -8.550043881677536e-01  3.655162518930573e-01  3.251378533259826e-02
6.7000  -1.436560949534986e-01  -8.381624647302865e-01  3.512581586413744e-01  3.901311717258382e-02
6.7100  -1.519497332890110e-01  -8.204107013167927e-01  3.365368594175558e-01  4.616770734643486e-02
6.7200  -1.600611667978486e-01  -8.017164388814118e-01  3.213746241863462e-01  5.396304120883631e-02
6.7300  -1.679808265521405e-01  -7.820516842259596e-01  3.058024184003300e-01  6.237601471151364e-02
6.7400  -1.756988878437536e-01  -7.613933062468223e-01  2.898598833987337e-01  7.137490108515640e-02
6.7500  -1.832053197348235e-01  -7.397232194454567e-01  2.735952206933757e-01  8.091941275789032e-02
6.7600  -1.904899363655653e-01  -7.170285513128360e-01  2.570649716988922e-01  9.096086720094587e-02
6.7700  -1.975424498413829e-01  -6.933017902562871e-01  2.403336861862864e-01  1.014424636983176e-01
6.7800  -2.043525244884425e-01  -6.685409108377819e-01  2.234734747319055e-01  1.122996760698162e-01
6.7900  -2.109098322352571e-01  -6.427494732381793e-01  2.065634426739785e-01  1.234607641597165e-01
6.8000  -2.172041088478938e-01  -6.159366940536254e-01  1.896890055408547e-01  1.348474044707258e-01
6.8100  -2.232252107186302e-01  -5.881174857688656e-01  1.729410885335459e-01  1.463754377203647e-01
6.8200  -2.289631718827218e-01  -5.593124625371495e-01  1.564152153746851e-01  1.579557283790619e-01
6.8300  -2.344082609158506e-01  -5.295479102262115e-01  1.402104946124739e-01  1.694951284800867e-01
6.8400  -2.395510373462456e-01  -4.988557190619062e-01  1.244285142203857e-01  1.808975352417853e-01
6.8500  -2.443824072008086e-01  -4.672732776117829e-01  1.091721579850292e-01  1.920650293885216e-01
6.8600  -2.488936772941923e-01  -4.348433272954521e-01  9.454435964668982e-02  2.028990785770461e-01
6.8700  -2.530766078639962e-01  -4.016137770812773e-01  8.064681297074494e-02  2.133017881085846e-01
6.8800  -2.569234631542888e-01  -3.676374785230279e-01  6.757865780738491e-02  2.231771792097399e-01
6.8900  -2.604270595537418e-01  -3.329719617981662e-01  5.543516367185974e-02  2.324324736674725e-01
6.9000  -2.635808109038373e-01  -2.976791339232447e-01  4.430643338664653e-02  2.409793625662912e-01
6.9100  -2.663787706069308e-01  -2.618249408328241e-01  3.427614982105593e-02  2.487352363491177e-01
6.9200  -2.688156701833259e-01  -2.254789955074131e-01  2.542038870751600e-02  2.556243534427665e-01
6.9300  -2.708869539507777e-01  -1.887141748141458e-01  1.780651988789199e-02  2.615789252743029e-01
6.9400  -2.725888095287585e-01  -1.516061881723379e-01  1.149221814607317e-02  2.665400966578954e-01
6.9500  -2.739181939030198e-01  -1.142331215661213e-01  6.524603031370126e-03  2.704588022370626e-01
6.9600  -2.748728548230683e-01  -7.667496079007695e-02  2.939524806079919e-03  2.732964818900827e-01
6.9700  -2.754513473456342e-01  -3.901309812395611e-02  7.610109126147137e-04  2.750256406947531e-01
6.9800  -2.756530453804714e-01  -1.329826882987640e-03  8.842197693583113e-07  2.756302421345090e-01
6.9900  -2.754781481402793e-01  3.629217152415729e-02  6.585608569694267e-04  2.751059266289320e-01
7.0000  -2.749276814435004e-01  7.377034328070328e-02  2.721031773876402e-03  2.734600510945326e-01
7.0100  -2.740034938665267e-01  1.110227757953875e-01  6.163028372656438e-03  2.707115489849496e-01
7.0200  -2.727082477897297e-01  1.479687045152401e-01  1.094736875795922e-02  2.668906140177031e-01
7.0300  -2.710454054289927e-01  1.845290082456346e-01  1.702547744205873e-02  2.620382144611908e-01
7.0400  -2.690192099903644e-01  2.206266884721911e-01  2.433806783310263e-02  2.562054483278807e-01
7.0500  -2.666346621294038e-01  2.561873284113733e-01  3.281597361927843e-02  2.494527530019296e-01
7.0600  -2.638974919380951e-01  2.911395278098588e-01  4.238111232667377e-02  2.418489856364023e-01
7.0700  -2.608141267203156e-01  3.254153098609966e-01  5.294756194596421e-02  2.334703930150124e-01
7.0800  -2.573916548512107e-01  3.589504970028851e-01  6.442272964930910e-02  2.243994914295567e-01
7.0900  -2.536377860460344e-01  3.916850527989491e-01  7.670859029305775e-02  2.147238784380761e-01
7.1000  -2.495608083896858e-01  4.235633875699014e-01  8.970297164484525e-02  2.045349991194931e-01
7.1100  -2.451695424990462e-01  4.545346259367368e-01  1.033008630877246e-01  1.939268896256847e-01
7.1200  -2.404732932061091e-01  4.845528349388629e-01  1.173957249236444e-01  1.829949204669723e-01
7.1300  -2.354817991607105e-01  5.135772119005813e-01  1.318807762917873e-01  1.718345610836794e-01
7.1400  -2.302051807574005e-01  5.415722317240989e-01  1.466502410873105e-01  1.605401859011120e-01
7.1500  -2.246538867917420e-01  5.685077537797333e-01  1.616005330538389e-01  1.492039402966985e-01
7.1600  -2.188386402472323e-01  5.943590890362550e-01  1.766313633600035e-01  1.379146827942784e-01
7.1700  -2.127703836053643e-01  6.191070285194227e-01  1.916467563810746e-01  1.267570174164608e-01
7.1800  -2.064602240583732e-01  6.427378345986675e-01  2.065559620122920e-01  1.158104275500649e-01
7.1900  -1.999193789873143e-01  6.652431969754871e-01  2.212742555610833e-01  1.051485199910817e-01
7.2000  -1.931591220476870e-01  6.866201555783961e-01  2.357236190232504e-01  9.483838511153057e-02
7.2100  -1.861907301813057e-01  7.068709928553076e-01  2.498333002701242e-01  8.494007640371014e-02
7.2200  -1.790254318469715e-01  7.260030981930944e-01  2.635402492929859e-01  7.550621007373173e-02
7.2300  -1.716743567342111e-01  7.440288073850083e-01  2.767894331093789e-01  6.658168293371587e-02
7.2400  -1.641484871943821e-01  7.609652202097577e-01  2.895340331844425e-01  5.820350462891000e-02
7.2500  -1.564586115922910e-01  7.768339992824830e-01  3.017355312206084e-01  5.040073827030999e-02
7.2600  -1.486152797495688e-01  7.916611533895485e-01  3.133636908930351e-01  4.319454185254396e-02
7.2700  -1.406287606188493e-01  8.054768085286347e-01  3.243964445387374e-01  3.659830143772664e-02
7.2800  -1.325090022956990e-01  8.183149698463708e-01  3.348196949373333e-01  3.061784598555277e-02
7.2900  -1.242655944436131e-01  8.302132776014485e-01  3.446270431528698e-01  2.525173290560539e-02
7.3000  -1.159077331765701e-01  8.412127601859787e-01  3.538194539498564e-01  2.049159288894101e-02
7.3100  -1.074441884138948e-01  8.513575871162244e-01  3.624048705701798e-01  1.632252232458141e-02
7.3200  -9.888327369377112e-02  8.606948247603460e-01  3.703977906846213e-01  1.272351159884683e-02
7.3300  -9.023281840485914e-02  8.692741974100702e-01  3.778188151414608e-01  9.667897783242719e-03
7.3400  -8.150014237026125e-02  8.771478561298693e-01  3.846941807566130e-01  7.123830608381666e-03
7.3500  -7.269203269464827e-02  8.843701576357754e-01  3.910552878583631e-01  5.054741163730661e-03
7.3600  -6.381472276375998e-02  8.909974552706977e-01  3.969382326494295e-01  3.419803421535489e-03
7.3700  -5.487387326575229e-02  8.970879039581163e-01  4.023833537139833e-01  2.174379423962174e-03
7.3800  -4.587455508595488e-02  9.027012808351091e-01  4.074348012106733e-01  1.270439762188719e-03
7.3900  -3.682123391046706e-02  9.078988230923200e-01  4.121401364862098e-01  6.569517834239319e-04
7.4000  -2.771775635956740e-02  9.127430843858966e-01  4.165499690471400e-01  2.802287573297521e-04
7.4100  -1.856733745901914e-02  9.172978110374769e-01  4.207176370670733e-01  8.423399025784337e-05
7.4200  -9.372549245870970e-03  9.216278391055432e-01  4.246989369071765e-01  1.083456987967438e-05
7.4300  -1.353102951075173e-04  9.257990132971912e-01  4.285519065110264e-01  3.260100629777547e-11
7.4400  9.143070741555718e-03  9.298564720609694e-01  4.323165293168362e-01  1.005807157887699e-05
7.4500  1.846129007079690e-02  9.337551794258777e-01  4.359493675523265e-01  8.279891016472102e-05
7.4600  2.781741400171722e-02  9.374257617515986e-01  4.393835293977825e-01  2.832622785427134e-04
7.4700  3.720881107882230e-02  9.407980523579367e-01  4.425504876602435e-01  6.779159656163434e-04
7.4800  4.663214456924639e-02  9.438011792756675e-01  4.453803330010704e-01  1.334426469988868e-03
7.4900  5.608336595998029e-02  9.463636798225233e-01  4.478021072436137e-01  2.321350366822458e-03
7.5000  6.555770973811426e-02  9.484136426938768e-01  4.497442188239343e-01  3.707744515697034e-03
7.5100  7.504968973089733e-02  9.498788778723414e-01  4.511349413140092e-01  5.562694192550549e-03
7.5200  8.455309728460024e-02  9.506871144836220e-01  4.519029948225977e-01  7.954759334312165e-03
7.5300  9.406100156142151e-02  9.507662265164635e-01  4.519782087421776e-01  1.095134040189845e-02
7.5400  1.035657522316731e-01  9.500444860827834e-01  4.512922627681500e-01  1.461796688885569e-02
7.5500  1.130589848339026e-01  9.484508436209518e-01  4.497795013826476e-01  1.901751321541756e-02
7.5600  1.225316290681472e-01  9.459152341422463e-01  4.473778150911903e-01  2.420934862984650e-02
7.5700  1.319739202768865e-01  9.423689082900261e-01  4.440295796558678e-01  3.024842976107724e-02
7.5800  1.413754143541974e-01  9.377447866261664e-01  4.396826424222772e-01  3.718434659051278e-02
7.5900  1.507250063059002e-01  9.319778351836632e-01  4.342913426368136e-01  4.506033478893198e-02
7.6000  1.600109526619249e-01  9.250054599327447e-01  4.278175504526943e-01  5.391226954052863e-02
7.6100  1.692208979165979e-01  9.167679174059211e-01  4.202317071923949e-01  6.376765808537778e-02
7.6200  1.783419051429740e-01  9.072087383215893e-01  4.115138474435250e-01  7.464465018194365e-02
7.6300  1.873604908937179e-01  8.962751606433347e-01  4.016545817931177e-01  8.655108744443683e-02
7.6400  1.962626644634407e-01  8.839185681209204e-01  3.906560175344691e-01  9.948361396370892e-02
7.6500  2.050339715459799e-01  8.700949299877531e-01  3.785325935951965e-01  1.134268716911895e-01
7.6600  2.136595422751227e-01  8.547652371474852e-01  3.653118053178983e-01  1.283528046707481e-01
7.6700  2.221241435890439e-01  8.378959298788121e-01  3.510347946537396e-01  1.442200962656626e-01
7.6800  2.304122358076971e-01  8.194593118320567e-01  3.357567818741339e-01  1.609737629778201e-01
7.6900  2.385080332590953e-01  7.994339448932772e-01  3.195473161238137e-01  1.785449272368638e-01
7.7000  2.463955687354590e-01  7.778050193605658e-01  3.024903240712450e-01  1.968507896072882e-01
7.7100  2.540587615043092e-01  7.545646938214254e-01  2.846839385809107e-01  2.157948182003865e-01
7.7200  2.614814885435401e-01  7.297123991472696e-01  2.662400927346321e-01  2.352671696875097e-01
7.7300  2.686476586141672e-01  7.032551011375739e-01  2.472838686380097e-01  2.551453522192401e-01
7.7400  2.755412887307492e-01  6.752075165570004e-01  2.279525952075360e-01  2.752951358175874e-01
7.7500  2.821465825383728e-01  6.455922776170726e-01  2.083946944593997e-01  2.955717105096737e-01
7.7600  2.884480100575594e-01  6.144400403609378e-01  1.887682815993754e-01  3.158210867245571e-01
7.7700  2.944303882154788e-01  5.817895329144136e-01  1.692395303043858e-01  3.358817264196622e-01
7.7800  3.000789615444076e-01  5.476875401655762e-01  1.499808208263098e-01  3.555863872034260e-01
7.7900  3.053794823973585e-01  5.121888221228388e-01  1.311686947537905e-01  3.747641555593401e-01
7.8000  3.103182900070859e-01  4.753559639696182e-01  1.129816462407425e-01  3.932426393504706e-01
7.8100  3.148823876989907e-01  4.372591566716807e-01  9.559778504661470e-02  4.108502842964121e-01
7.8200  3.190595175614370e-01  3.979759078882446e-01  7.919241162973625e-02  4.274187742692541e-01
7.8300  3.228382318791697e-01  3.575906838749812e-01  6.393554859708836e-02  4.427854712448729e-01
7.8400  3.262079606471933e-01  3.161944840295232e-01  4.998947586534821e-02  4.567958477460354e-01
7.8500  3.291590745038356e-01  2.738843506998989e-01  3.750631877915259e-02  4.693058627734523e-01
7.8600  3.316829424527268e-01  2.307628178344071e-01  2.662573904743788e-02  4.801842316548515e-01
7.8700  3.337719837838838e-01  1.869373029783303e-01  1.747277762240602e-02  4.893145410245046e-01
7.8800  3.354197136535709e-01  1.425194479990256e-01  1.015589652897348e-02  4.965971623046677e-01
7.8900  3.366207818405215e-01  9.762441472744791e-02  4.765263175438374e-03  5.019509205752961e-01
7.9000  3.373710042616648e-01  5.237014242319286e-02  1.371315908712753e-03  5.053144805182760e-01
7.9100  3.376673869027372e-01  6.876574585548916e-03  2.364363901530862e-05  5.066474170873095e-01
7.9200  3.375081418969770e-01  -3.873513686926867e-02  7.502054141404887e-04  5.059309455193045e-01
7.9300  3.368926955672586e-01  -8.434344167607104e-02  3.556908076882399e-03  5.031682930625790e-01
7.9400  3.358216883321750e-01  -1.298272069145941e-01  8.427551827622412e-03  4.983847031143996e-01
7.9500  3.342969664633320e-01  -1.750665296227782e-01  1.532414489708155e-02  4.916270710756193e-01
7.9600  3.323215657680097e-01  -2.199435376809405e-01  2.418757988380366e-02  4.829632198714262e-01
7.9700  3.298996873569427e-01  -2.643431705205102e-01  3.493865590041777e-02  4.724808314813385e-01
7.9800  3.270366657398376e-01  -3.081539315525840e-01  4.747942276565732e-02  4.602860587053292e-01
7.9900  3.237389295700343e-01  -3.512686046846717e-01  6.169481631855808e-02  4.465018485237635e-01
8.0000  3.200139554331605e-01  -3.935849278877889e-01  7.745454773021798e-02  4.312660145742639e-01
8.0100  3.158702151415835e-01  -4.350062174770270e-01  9.461520462183526e-02  4.147291012945296e-01
8.0200  3.113171170559429e-01  -4.754419375611739e-01  1.130225179959616e-01  3.970520860368514e-01
8.0300  3.063649420062103e-01  -5.148082099834168e-01  1.325137465331649e-01  3.784039678662421e-01
8.0400  3.010247744269315e-01  -5.530282609969670e-01  1.529201287306647e-01  3.589592927786873e-01
8.0500  2.953084293541042e-01  -5.900328018772008e-01  1.740693536455300e-01  3.388956647373393e-01
8.0600  2.892283759542573e-01  -6.257603416461336e-01  1.957880025885429e-01  3.183912902877231e-01
8.0700  2.827976582696790e-01  -6.601574310565449e-01  2.179039168895884e-01  2.976226016853521e-01
8.0800  2.760298138674836e-01  -6.931788379336210e-01  2.402484506795026e-01  2.767619995933842e-01
8.0900  2.689387910746320e-01  -7.247876548845809e-01  2.626585723365452e-01  2.559757516551384e-01
8.1000  2.615388654665664e-01  -7.549553412461452e-01  2.849787836380417e-01  2.354220778071402e-01
8.1100  2.538445562543959e-01  -7.836617019326036e-01  3.070628315379524e-01  2.152494472749345e-01
8.1200  2.458705431853010e-01  -8.108948065626179e-01  3.287751936551128e-01  1.955951059907937e-01
8.1300  2.376315845338143e-01  -8.366508528720757e-01  3.499923248057858e-01  1.765838468890051e-01
8.1400  2.291424367188101e-01  -8.609339789571034e-01  3.706036580614551e-01  1.583270293575226e-01
8.1500  2.204177760332991e-01  -8.837560293319811e-01  3.905123596903147e-01  1.409218482227945e-01
8.1600  2.114721229224880e-01  -9.051362801298271e-01  4.096358428036304e-01  1.244508471627566e-01
8.1700  2.023197691909703e-01  -9.251011290203806e-01  4.279060494573914e-01  1.089816664999556e-01
8.1800  1.929747084633294e-01  -9.436837555719256e-01  4.452695152651669e-01  9.456701101278063e-02
8.1900  1.834505701647793e-01  -9.609237578481384e-01  4.616872341984939e-01  8.124481977901399e-02
8.2000  1.737605572305831e-01  -9.768667710116746e-01  4.771343441533878e-01  6.903861716516897e-02
8.2100  1.639173876956883e-01  -9.915640736122661e-01  4.915996560392757e-01  5.795802190350772e-02
8.2200  1.539332402599870e-01  -1.005072187076560e+00  5.050850506174298e-01  4.799938973823212e-02
8.2300  1.438197038704833e-01  -1.017452473699215e+00  5.176047681183257e-01  3.914656433422749e-02
8.2400  1.335877313099464e-01  -1.028770738169637e+00  5.291846158570498e-01  3.137171096971748e-02
8.2500  1.232475967327677e-01  -1.039096837366169e+00  5.398611187121870e-01  2.463620790858296e-02
8.2600  1.128088570430558e-01  -1.048504302819408e+00  5.496806365154063e-01  1.889157118957442e-02
8.2700  1.022803169677135e-01  -1.057069979898383e+00  5.586984712011843e-01  1.408038979286910e-02
8.2800  9.166999763848603e-02  -1.064873687416781e+00  5.669779850763059e-01  1.013724966140841e-02
8.2900  8.098510846177784e-02  -1.071997901000068e+00  5.745897498742752e-01  6.989626777515578e-03
8.3000  7.023202202338377e-02  -1.078527463206335e+00  5.816107444451463e-01  4.558731339517849e-03
8.3100  5.941625174702388e-02  -1.084549323061361e+00  5.881236170764279e-01  2.760286968263533e-03
8.3200  4.854243200054061e-02  -1.090152307358496e+00  5.942160266195263e-01  1.505230725413424e-03
8.3300  3.761430032154282e-02  -1.095426925792470e+00  5.999800748755710e-01  7.003214770440078e-04
8.3400  2.663468141486042e-02  -1.100465211748325e+00  6.055118411341426e-01  2.486457275981820e-04
8.3500  1.560547255704262e-02  -1.105360600357030e+00  6.109110284108269e-01  5.001142794426333e-05
8.3600  4.527630027891246e-03  -1.110207845261984e+00  6.162807298406291e-01  1.221381328827933e-06
8.3700  -6.598833776004651e-03  -1.115096189064868e+00  6.217197554334956e-01  3.781290538288916e-06
8.3800  -1.777438756086441e-02  -1.120011104527002e+00  6.272124371318978e-01  7.389625316150317e-05
8.3900  -2.899881997677053e-02  -1.124855209870938e+00  6.326496215868964e-01  3.209071988817432e-04
8.4000  -4.027091962438487e-02  -1.129527633729711e+00  6.379163376795202e-01  8.594351734058022e-04
8.4100  -5.158846015500292e-02  -1.133926270767865e+00  6.428943937687590e-01  1.806742151880624e-03
8.4200  -6.294818840323227e-02  -1.137947883915463e+00  6.474626932538401e-01  3.282374952877802e-03
8.4300  -7.434581377665415e-02  -1.141488253705556e+00  6.514977166738798e-01  5.407643346392668e-03
8.4400  -8.577599937844409e-02  -1.144442375670717e+00  6.548741756154172e-01  8.304927436523850e-03
8.4500  -9.723235534739094e-02  -1.146704706524417e+00  6.574658419826250e-01  1.209681114637770e-02
8.4600  -1.087074349055782e-01  -1.148169459554887e+00  6.591465539272809e-01  1.690504091990220e-02
8.4700  -1.201927336064889e-01  -1.148730949291688e+00  6.597913969302910e-01  2.284931158767888e-02
8.4800  -1.316786922747714e-01  -1.148283985068703e+00  6.592780551826306e-01  3.004588471162861e-02
8.4900  -1.431547041226757e-01  -1.146724312602893e+00  6.574883245572882e-01  3.860604860001311e-02
8.5000  -1.546091265165682e-01  -1.143949102138737e+00  6.543097741420116e-01  4.863443352150898e-02
8.5100  -1.660292978493282e-01  -1.139857481078183e+00  6.496375385849501e-01  6.022720037505570e-02
8.5200  -1.774015599502508e-01  -1.134351108331215e+00  6.433762184861285e-01  7.347012609542163e-02
8.5300  -1.887112864328059e-01  -1.127334786891051e+00  6.354418608673458e-01  8.843661427193446e-02
8.5400  -1.999429173418353e-01  -1.118717110370395e+00  6.257639865177438e-01  1.051856646826901e-01
8.5500  -2.110800004151874e-01  -1.108411138443446e+00  6.142876259127483e-01  1.237598405272734e-01
8.5600  -2.221052392202294e-01  -1.096335095336506e+00  6.009753206332527e-01  1.441832768841582e-01
8.5700  -2.330005483631159e-01  -1.082413084714332e+00  5.858090429803982e-01  1.664597781133716e-01
8.5800  -2.437471158982745e-01  -1.066575813537626e+00  5.687919830117246e-01  1.905710553478078e-01
8.5900  -2.543254729876401e-01  -1.048761316738712e+00  5.499501497437587e-01  2.164751576406106e-01
8.6000  -2.647155707742546e-01  -1.028915673898140e+00  5.293337319966323e-01  2.441051515390082e-01
8.6100  -2.748968643436993e-01  -1.006993708525912e+00  5.070181645053842e-01  2.733681036298032e-01
8.6200  -2.848484035504106e-01  -9.829596600788413e-01  4.831048466711556e-01  3.041444187678994e-01
8.6300  -2.945489303854016e-01  -9.567878185013639e-01  4.577214648162994e-01  3.362875831147142e-01
8.6400  -3.039769824586774e-01  -9.284631108809438e-01  4.310218741333599e-01  3.696243556862486e-01
8.6500  -3.131110020652508e-01  -8.979816297795171e-01  4.031855037107389e-01  4.039554448102858e-01
8.6600  -3.219294501998776e-01  -8.653510929549106e-01  3.744162570391292e-01  4.390566967587434e-01
8.6700  -3.304109247843484e-01  -8.305912245335939e-01  3.449408911361075e-01  4.746808129726449e-01
8.6800  -3.385342822743652e-01  -7.937340482471218e-01  3.150068696733822e-01  5.105595999336515e-01
8.6900  -3.462787617227746e-01  -7.548240841034114e-01  2.848796989712770e-01  5.464067421405931e-01
8.7000  -3.536241102943043e-01  -7.139184408295944e-01  2.548397700782796e-01  5.819210741839486e-01
8.7100  -3.605507091559748e-01  -6.710867975891864e-01  2.251787449492549e-01  6.167903130087752e-01
8.7200  -3.670396986090159e-01  -6.264112698304749e-01  1.961955394853140e-01  6.506951966084685e-01
8.7300  -3.730731012841679e-01  -5.799861556473044e-01  1.681919703712696e-01  6.833139611303398e-01
8.7400  -3.786339421943062e-01  -5.319175607040283e-01  1.414681456926618e-01  7.143270752520791e-01
8.7500  -3.837063644276976e-01  -4.823229015641450e-01  1.163176906866280e-01  7.434221392547070e-01
8.7600  -3.882757392728935e-01  -4.313302891330283e-01  9.302290916179089e-02  7.702988469921452e-01
8.7700  -3.923287695929289e-01  -3.790777958411439e-01  7.184998764988999e-02  7.946739024036175e-01
8.7800  -3.958535853123715e-01  -3.257126121140285e-01  5.304435284507180e-02  8.162857787150418e-01
8.7900  -3.988398299456856e-01  -2.713900995559584e-01  3.682629306849652e-02  8.348992083073347e-01
8.8000  -4.012787371787175e-01  -2.162727500717622e-01  2.338695121180146e-02  8.503092945479834e-01
8.8100  -4.031631966158331e-01  -1.605290618223826e-01  1.288478984478717e-02  8.623451437055302e-01
8.8200  -4.044878079218670e-01  -1.043323444132953e-01  5.442619045387233e-03  8.708729252693215e-01
8.8300  -4.052489227187123e-01  -4.785946701281998e-02  1.145264291375602e-03  8.757982823101881e-01
8.8400  -4.054446737388530e-01  8.710435843581754e-03  3.793584629257689e-05  8.770680295372513e-01
8.8500  -4.050749908899001e-01  6.519728521428603e-02  2.125342999656480e-03  8.746710949069540e-01
8.8600  -4.041416040424522e-01  1.214213894236021e-01  7.371576904779018e-03  8.686386803993359e-01
8.8700  -4.026480325154206e-01  1.772047701859734e-01  1.570076528833182e-02  8.590436381989188e-01
8.8800  -4.005995613952994e-01  2.323724670244082e-01  2.699848171550484e-02  8.459990792691733e-01
8.8900  -3.980032049856656e-01  2.867538042296753e-01  4.111387212009548e-02  8.296562514503761e-01
8.9000  -3.948676578374847e-01  3.401836053037322e-01  5.786244265872273e-02  8.102017430289473e-01
8.9100  -3.912032339567214e-01  3.925033408019208e-01  7.702943627033441e-02  7.878540845711196e-01
8.9200  -3.870217949207109e-01  4.435621967082627e-01  9.837371117432976e-02  7.628598361237914e-01
8.9300  -3.823366677563799e-01  4.932180519152137e-01  1.216320233675192e-01  7.354892582130684e-01
8.9400  -3.771625535397405e-01  5.413383549969674e-01  1.465236072954113e-01  7.060316730999000e-01
8.9500  -3.715154277654993e-01  5.878008922235098e-01  1.727549444493771e-01  6.747906273074461e-01
8.9600  -3.654124336069328e-01  6.324944406183777e-01  2.000246087065772e-01  6.420789674857161e-01
8.9700  -3.588717692386345e-01  6.753193017725911e-01  2.280280796733100e-01  6.082139393347429e-01
8.9800  -3.519125704280004e-01  7.161877140470037e-01  2.564624208759363e-01  5.735124138054227e-01
8.9900  -3.445547896155204e-01  7.550241426833040e-01  2.850307280173291e-01  5.382863364858398e-01
9.0000  -3.368190726995741e-01  7.917654491609151e-01  3.134462632424928e-01  5.028384853982169e-01
9.0100  -3.287266347194098e-01  8.263609428475607e-01  3.414362039319547e-01  4.674586098804645e-01
9.0200  -3.202991355915081e-01  8.587723195644366e-01  3.687449484250414e-01  4.324200093475919e-01
9.0300  -3.115585570011331e-01  8.889734930970649e-01  3.951369357145986e-01  3.979765960756274e-01
9.0400  -3.025270814842632e-01  9.169503269099971e-01  4.203989510101753e-01  3.643604712650955e-01
9.0500  -2.932269746571979e-01  9.427002743533524e-01  4.443419036329429e-01  3.317800290293689e-01
9.0600  -2.836804714639620e-01  9.662319364733509e-01  4.668020775305208e-01  3.004185890690522e-01
9.0700  -2.739096672172517e-01  9.875645471547391e-01  4.876418673984724e-01  2.704335460238669e-01
9.0800  -2.639364141091757e-01  1.006727395732772e+00  5.067500246594452e-01  2.419560121483674e-01
9.0900  -2.537822237654461e-01  1.023759197423443e+00  5.240414471545456e-01  2.150909202654368e-01
9.1000  -2.434681763129208e-01  1.038707421944231e+00  5.394565542010158e-01  1.899175460575428e-01
9.1100  -2.330148363272842e-01  1.051627590548652e+00  5.529602946015817e-01  1.664904027261936e-01
9.1200  -2.224421759268206e-01  1.062582551393711e+00  5.645408392631843e-01  1.448404568776689e-01
9.1300  -2.117695051811350e-01  1.071641742719687e+00  5.742080123696444e-01  1.249766121061986e-01
9.1400  -2.010154099115698e-01  1.078880452767081e+00  5.819915156814506e-01  1.068874060187252e-01
9.1500  -1.901976968739907e-01  1.084379084707568e+00  5.879389996756113e-01  9.054286721032366e-02
9.1600  -1.793333462353888e-01  1.088222434145682e+00  5.921140330889765e-01  7.589648075793354e-02
9.1700  -1.684384711840117e-01  1.090498985976453e+00  5.945940192078361e-01  6.288721393515749e-02
9.1800  -1.575282844488718e-01  1.091300236581107e+00  5.954681031809896e-01  5.144155783724864e-02
9.1900  -1.466170714487443e-01  1.090720046526439e+00  5.948351099473189e-01  4.147554521929535e-02
9.2000  -1.357181697431823e-01  1.088854028120191e+00  5.928015472767834e-01  3.289670987780339e-02
9.2100  -1.248439544185552e-01  1.085798971379320e+00  5.894797031241944e-01  2.560595814819996e-02
9.2200  -1.140058290103958e-01  1.081652311203104e+00  5.849858611655088e-01  1.949932837090148e-02
9.2300  -1.032142215390887e-01  1.076511637819055e+00  5.794386531799318e-01  1.446961934324242e-02
9.2400  -9.247858521866170e-02  1.070474251895014e+00  5.729575619850953e-01  1.040787369629235e-02
9.2500  -8.180740338765555e-02  1.063636765092199e+00  5.656615840278986e-01  7.204706713182556e-03
9.2600  -7.120819820614040e-02  1.056094746275654e+00  5.576680565555185e-01  4.751475263372476e-03
9.2700  -6.068754266331183e-02  1.047942413103633e+00  5.490916505907327e-01  2.941285213681487e-03
9.2800  -5.025107544509008e-02  1.039272368286977e+00  5.400435277424106e-01  1.669838862068410e-03
9.2900  -3.990351822011848e-02  1.030175379443580e+00  5.306306562058625e-01  8.361266133749562e-04
9.3000  -2.964869491487223e-02  1.020740201170323e+00  5.209552791426160e-01  3.429692830988007e-04
9.3100  -1.948955256362259e-02  1.011053437713086e+00  5.111145269557248e-01  9.741909447296771e-05
9.3200  -9.428183336161362e-03  1.001199444431868e+00  5.012001637653409e-01  1.102865469036786e-05
9.3300  5.341526350524648e-04  9.912602622966644e-01  4.912984538042260e-01  2.005555143231530e-09
9.3400  1.039692465870337e-02  9.812855480078928e-01  4.814606633645753e-01  1.478948913289719e-05
9.3500  2.015956724371065e-02  9.712220061188200e-01  4.716360925847327e-01  1.078157224132457e-04
9.3600  2.982082496178248e-02  9.609965970691781e-01  4.617572297892701e-01  3.489775125503588e-04
9.3700  3.937872376804739e-02  9.505386431759200e-01  4.517618560853595e-01  8.035694042444502e-04
9.3800  4.883059484414934e-02  9.397798776458998e-01  4.415931092140712e-01  1.532196713288979e-03
9.3900  5.817309905257904e-02  9.286545174757109e-01  4.311996064140228e-01  2.590628170199030e-03
9.4000  6.740225223099072e-02  9.170993582054364e-01  4.205356164104117e-01  4.029597866275393e-03
9.4100  7.651345153462601e-02  9.050538884309616e-01  4.095612704820017e-01  5.894566376705261e-03
9.4200  8.550150301362805e-02  8.924604218997602e-01  3.982428023287489e-01  8.225451188332249e-03
9.4300  9.436065058982064e-02  8.792642449216657e-01  3.865528061988334e-01  1.105633684824576e-02
9.4400  1.030846065743334e-01  8.654137767231567e-01  3.744705024711188e-01  1.441517553815068e-02
9.4500  1.116665838432008e-01  8.508607402653331e-01  3.619819996624353e-01  1.832348903365875e-02
9.4600  1.200993297627153e-01  8.355603409363128e-01  3.490805416728037e-01  2.279608319288146e-02
9.4700  1.283751619298890e-01  8.194714504226280e-01  3.357667290288829e-01  2.784078620182327e-02
9.4800  1.364860057659204e-01  8.025567929657537e-01  3.220487029677378e-01  3.345822175369799e-02
9.4900  1.444234339721840e-01  7.847831311235929e-01  3.079422814480752e-01  3.964162812664534e-02
9.5000  1.521787078290917e-01  7.661214480869176e-01  2.934710366093978e-01  4.637673372413175e-02
9.5100  1.597428202884106e-01  7.465471235516664e-01  2.786663038416335e-01  5.364169903374286e-02
9.5200  1.671065407794896e-01  7.260401001236438e-01  2.635671134937754e-01  6.140713412769879e-02
9.5300  1.742604616196032e-01  7.045850372362937e-01  2.482200373486347e-01  6.963619976316156e-02
9.5400  1.811950458885846e-01  6.821714495981714e-01  2.326789433234353e-01  7.828479884037508e-02
9.5500  1.879006765984068e-01  6.587938272573889e-01  2.170046534162192e-01  8.730186344787484e-02
9.5600  1.943677069597490e-01  6.344517344779782e-01  2.012645016910575e-01  9.662974098082154e-02
9.5700  2.005865115202385e-01  6.091498847694412e-01  1.855317910573117e-01  1.062046808840183e-01
9.5800  2.065475379233615e-01  5.828981895966792e-01  1.698851497175431e-01  1.159574214770284e-01
9.5900  2.122413590134076e-01  5.557117785231156e-01  1.544077903946622e-01  1.258138741050025e-01
9.6000  2.176587249906310e-01  5.276109888044306e-01  1.391866777535945e-01  1.356958995728768e-01
9.6100  2.227906153024640e-01  4.986213227522716e-01  1.243116117516125e-01  1.455221695165649e-01
9.6200  2.276282899414685e-01  4.687733715240553e-01  1.098742369250150e-01  1.552091031018231e-01
9.6300  2.321633398090902e-01  4.381027043630994e-01  9.596698978513063e-02  1.646718672821623e-01
9.6400  2.363877357964753e-01  4.066497227084869e-01  8.268199848944463e-02  1.738254268554841e-01
9.6500  2.402938762298751e-01  3.744594790111427e-01  7.010995071064820e-02  1.825856287981820e-01
9.6600  2.438746323286815e-01  3.415814605257139e-01  5.833894708743991e-02  1.908703038853008e-01
9.6700  2.471233913290428e-01  3.080693387904706e-01  4.745335875139887e-02  1.986003674805006e-01
9.6800  2.500340969353562e-01  2.739806859525709e-01  3.753270813752065e-02  2.057009006467758e-01
9.6900  2.526012867757155e-01  2.393766595362674e-01  2.865059256537103e-02  2.121021924249420e-01
9.7000  2.548201265555202e-01  2.043216576793898e-01  2.087366989842687e-02  2.177407242769092e-01
9.7100  2.566864406257671e-01  1.688829472711184e-01  1.426072493948968e-02  2.225600783065708e-01
9.7200  2.581967387087951e-01  1.331302678042044e-01  8.861834102809598e-03  2.265117519504344e-01
9.7300  2.593482385541547e-01  9.713541410029793e-02  4.717644336218178e-03  2.295558633559154e-01
9.7400  2.601388843304089e-01  6.097180137132908e-02  1.858780281232404e-03  2.316617336059684e-01
9.7500  2.605673605946348e-01  2.471401633706224e-02  3.053913017542897e-04  2.328083342590871e-01
9.7600  2.606331017196666e-01  -1.156264167602964e-02  6.684734126412880e-05  2.329845912957139e-01
9.7700  2.603362966991618e-01  -4.778262558059099e-02  1.141589653687475e-03  2.321895394270719e-01
9.7800  2.596778892918117e-01  -8.387060715525610e-02  3.517139372295648e-03  2.304323237532363e-01
9.7900  2.586595735078530e-01  -1.197519412601747e-01  7.170263717790168e-03  2.277320488709101e-01
9.8000  2.572837844828399e-01  -1.553531234815506e-01  1.206729648773695e-02  2.241174786419794e-01
9.8100  2.555536848248243e-01  -1.906022371391133e-01  1.816460640121739e-02  2.196265928557822e-01
9.8200  2.534731465610309e-01  -2.254293857429083e-01  2.540920397821247e-02  2.143060098685035e-01
9.8300  2.510467288482577e-01  -2.597671071940745e-01  3.373947498998890e-02  2.082102869057236e-01
9.8400  2.482796516470263e-01  -2.935507662842340e-01  4.308602619303048e-02  2.014011120010067e-01
9.8500  2.451777655924610e-01  -3.267189223545885e-01  5.337262711227181e-02  1.939464034576186e-01
9.8600  2.417475183245681e-01  -3.592136693228474e-01  6.451723011419197e-02  1.859193342177647e-01
9.8700  2.379959175666159e-01  -3.909809456670246e-01  7.643304993734043e-02  1.773972995738126e-01
9.8800  2.339304912624166e-01  -4.219708123627946e-01  8.902968324305841e-02  1.684608472431067e-01
9.8900  2.295592451012172e-01  -4.521376971979767e-01  1.022142486137446e-01  1.591925889510674e-01
9.9000  2.248906177724842e-01  -4.814406043262046e-01  1.158925277469905e-01  1.496761123393617e-01
9.9100  2.199334343020387e-01  -5.098432883643165e-01  1.299700893450698e-01  1.399949112631642e-01
9.9200  2.146968578257475e-01  -5.373143927771039e-01  1.443533783427139e-01  1.302313514016580e-01
9.9300  2.091903401573862e-01  -5.638275527217563e-01  1.589507546041025e-01  1.204656866264443e-01
9.9400  2.034235715034918e-01  -5.893614629361491e-01  1.736734669971189e-01  1.107751398085769e-01
9.9500  1.974064296702136e-01  -6.138999116441864e-01  1.884365507583700e-01  1.012330597569265e-01
9.9600  1.911489290956064e-01  -6.374317818126346e-01  2.031596382324151e-01  9.190816383191112e-02
9.9700  1.846611700257958e-01  -6.599510214229591e-01  2.177676753386035e-01  8.286387353334980e-02
9.9800  1.779532881353075e-01  -6.814565847152200e-01  2.321915384258659e-01  7.415774808178295e-02
9.9900  1.710354048709746e-01  -7.019523466165563e-01  2.463685484602450e-01  6.584101875807170e-02
10.0000  1.639175787755985e-01  -7.214469927825976e-01  2.602428816975267e-01  5.795822459023952e-02
10.0100  1.566097580223444e-01  -7.399538878555518e-01  2.737658780762733e-01  5.054694792661457e-02
10.0200  1.491217343641062e-01  -7.574909246778315e-01  2.868962504846381e-01  4.363764655006266e-02
10.0300  1.414630986741768e-01  -7.740803572958266e-01  2.996001997756172e-01  3.725357730093885e-02
10.0400  1.336431982258916e-01  -7.897486206463753e-01  3.118514419064262e-01  3.141080470927047e-02
10.0500  1.256710958298497e-01  -8.045261398409108e-01  3.236311548436584e-01  2.611828690403423e-02
10.0600  1.175555309181882e-01  -8.184471319519253e-01  3.349278539001661e-01  2.137803007541833e-02
10.0700  1.093048826365222e-01  -8.315494031665361e-01  3.457372049533112e-01  1.718530201321450e-02
10.0800  1.009271349758161e-01  -8.438741441061429e-01  3.560617855454377e-01  1.352889472259593e-02
10.0900  9.242984394889044e-02  -8.554657260232645e-01  3.659108042002556e-01  1.039142581311316e-02
10.1000  8.382010678967168e-02  -8.663715004806585e-01  3.752997884225538e-01  7.749668248328424e-03
10.1100  7.510453312783195e-02  -8.766416049978478e-01  3.842502518066013e-01  5.574898108628459e-03
10.1200  6.628921806725664e-02  -8.863287770203292e-01  3.927893504871762e-01  3.833250231887287e-03
10.1300  5.737971707390090e-02  -8.954881784310662e-01  4.009495388548945e-01  2.486071927207016e-03
10.1400  4.838102255708752e-02  -9.041772326863605e-01  4.087682340541824e-01  1.490265376155755e-03
10.1500  3.929754200815808e-02  -9.124554765226394e-01  4.162874983180784e-01  7.986098135222347e-04
10.1600  3.013307754158067e-02  -9.203844280507645e-01  4.235537476991664e-01  3.600550855846333e-04
10.1700  2.089080666606399e-02  -9.280274729335919e-01  4.306174952597543e-01  1.199786888930342e-04
10.1800  1.157326409682482e-02  -9.354497702339603e-01  4.375331363153845e-01  2.039886824725048e-05
10.1900  2.182324404764369e-03  -9.427181794271189e-01  4.443587829111907e-01  1.367717519966561e-07
10.2000  -7.280794156905360e-03  -9.498905011775665e-01  4.511459821136842e-01  5.078959391461229e-06
10.2100  -1.681506987338199e-02  -9.569378065083224e-01  4.578649827624797e-01  6.256544112617782e-05
10.2200  -2.641889087152258e-02  -9.637872357376028e-01  4.644429178853648e-01  2.426510778633235e-04
10.2300  -3.608990619868025e-02  -9.703640991293609e-01  4.708032424395681e-01  6.185798114449774e-04
10.2400  -4.582501059941050e-02  -9.765922405602312e-01  4.768662021612262e-01  1.266327984013147e-03
10.2500  -5.562033034392667e-02  -9.823941411557096e-01  4.825491242885321e-01  2.264327149250601e-03
10.2600  -6.547121024986453e-02  -9.876910544947584e-01  4.877668095644839e-01  3.693087428577076e-03
10.2700  -7.537220221816757e-02  -9.924031743827854e-01  4.924320302625145e-01  5.634716832976588e-03
10.2800  -8.531705561307003e-02  -9.964498360192623e-01  4.964561378514074e-01  8.172333085040789e-03
10.2900  -9.529870982337381e-02  -9.997497511702903e-01  4.997497824825287e-01  1.138936589384702e-02
10.3000  -1.053092893470576e-01  -1.002221277697085e+00  5.022237447343887e-01  1.536874936547258e-02
10.3100  -1.153401017432874e-01  -1.003782723488116e+00  5.037898779866100e-01  2.019200627439973e-02
10.3200  -1.253816387946761e-01  -1.004352684495785e+00  5.043621574269450e-01  2.593822826635320e-02
10.3300  -1.354235812177374e-01  -1.003850416189155e+00  5.038578290415704e-01  3.268295869066200e-02
10.3400  -1.454548072504764e-01  -1.002196237304507e+00  5.021986490336556e-01  4.049698763692509e-02
10.3500  -1.554634054325743e-01  -9.993119643085367e-01  4.993122010050931e-01  4.944507182975311e-02
10.3600  -1.654366918752964e-01  -9.951213744893119e-01  4.951332749827487e-01  5.958459525533189e-02
10.3700  -1.753612322947926e-01  -9.895506950631889e-01  4.896052890500202e-01  7.096418967839153e-02
10.3800  -1.852228690536154e-01  -9.825291151388250e-01  4.826817310477413e-01  8.362233746726018e-02
10.3900  -1.950067534209071e-01  -9.739893168203191e-01  4.743275946400560e-01  9.758598227393371e-02
10.4000  -2.046973832217152e-01  -9.638680211699650e-01  4.645207811170520e-01  1.128691759996834e-01
10.4100  -2.142786460003231e-01  -9.521065441977611e-01  4.532534357521016e-01  1.294717929897709e-01
10.4200  -2.237338677714644e-01  -9.386513575114958e-01  4.405331854790869e-01  1.473783444128662e-01
10.4300  -2.330458673770942e-01  -9.234546477605623e-01  4.263842432352921e-01  1.665569271601039e-01
10.4400  -2.421970164054015e-01  -9.064748685520558e-01  4.108483436582335e-01  1.869583422175945e-01
10.4500  -2.511693045635068e-01  -8.876772781228898e-01  3.939854750478311e-01  2.085154172066199e-01
10.4600  -2.599444103264494e-01  -8.670344557305039e-01  3.758743737119455e-01  2.311425665456177e-01
10.4700  -2.685037766134490e-01  -8.445267894907773e-01  3.566127490837999e-01  2.547356203878481e-01
10.4800  -2.768286911689555e-01  -8.201429282578602e-01  3.363172113856888e-01  2.791719500776015e-01
10.4900  -2.849003712517355e-01  -7.938801901185426e-01  3.151228781313267e-01  3.043109133300552e-01
10.5000  -2.927000521613701e-01  -7.657449201736838e-01  2.931826413859007e-01  3.299946366994804e-01
10.5100  -3.002090790592965e-01  -7.357527905092744e-01  2.706660843710921e-01  3.560491462253537e-01
10.5200  -3.074090014722731e-01  -7.039290356256659e-01  2.477580435984400e-01  3.822858495502322e-01
10.5300  -3.142816698012356e-01  -6.703086170982968e-01  2.246568210781155e-01  4.085033644477835e-01
10.5400  -3.208093330993501e-01  -6.349363118866528e-01  2.015720600761124e-01  4.344896797898091e-01
10.5500  -3.269747373310177e-01  -5.978667194865704e-01  1.787223071348168e-01  4.600246257638905e-01
10.5600  -3.327612232799651e-01  -5.591641840271488e-01  1.563322923493736e-01  4.848826209089478e-01
10.5700  -3.381528232405905e-01  -5.189026284365558e-01  1.346299688991831e-01  5.088356545704370e-01
10.5800  -3.431343556035264e-01  -4.771652989264759e-01  1.138433612497966e-01  5.316564550102090e-01
10.5900  -3.476915164348662e-01  -4.340444192549108e-01  9.419727894316640e-02  5.531217859599696e-01
10.6000  -3.518109671494228e-01  -3.896407555004779e-01  7.590995917349161e-02  5.730158081912543e-01
10.6100  -3.554804173922610e-01  -3.440630933945151e-01  5.918970611810142e-02  5.911334379716264e-01
10.6200  -3.586887022698430e-01  -2.974276315842540e-01  4.423159801490936e-02  6.072836313284579e-01
10.6300  -3.614258531124508e-01  -2.498572955136229e-01  3.121433406069094e-02  6.212925220361615e-01
10.6400  -3.636831610028166e-01  -2.014809778796302e-01  2.029729222366602e-02  6.330063423029407e-01
10.6500  -3.654532323715468e-01  -1.524327128235078e-01  1.161786596936699e-02  6.422940583078456e-01
10.6600  -3.667300360371311e-01  -1.028507921194001e-01  5.289142719794027e-03  6.490496579974386e-01
10.6700  -3.675089411559679e-01  -5.287683260359228e-02  1.397979713094160e-03  6.531940357815460e-01
10.6800  -3.677867456445639e-01  -2.654804920703662e-03  3.523994583496189e-06  6.546764277777172e-01
10.6900  -3.675616947403132e-01  4.766996567021499e-02  1.136212813499738e-03  6.534753617791961e-01
10.7000  -3.668334894772620e-01  9.795181520349340e-02  4.797279050829661e-03  6.495990978326289e-01
10.7100  -3.656032849671346e-01  1.480457621143341e-01  1.095877384000700e-02  6.430855478300932e-01
10.7200  -3.638736784916369e-01  1.978085219461128e-01  1.956410567725289e-02  6.340016754313454e-01
10.7300  -3.616486875276292e-01  2.470995041765450e-01  3.052908248214718e-02  6.224423905052023e-01
10.7400  -3.589337179401288e-01  2.957817800023796e-01  4.374343069068804e-02  6.085289646841125e-01
10.7500  -3.557355226872956e-01  3.437230104366730e-01  5.907275395182462e-02  5.924070061535881e-01
10.7600  -3.520621514846753e-01  3.907963247682755e-01  7.636088372619572e-02  5.742440420761367e-01
10.7700  -3.479228919713132e-01  4.368811402930198e-01  9.543256537186462e-02  5.542267657584071e-01
10.7800  -3.433282030063440e-01  4.818639152295937e-01  1.160964164001965e-01  5.325580125567512e-01
10.7900  -3.382896408000100e-01  5.256388278564579e-01  1.381480886751555e-01  5.094535334013318e-01
10.8000  -3.328197786466751e-01  5.681083761233897e-01  1.613735635107774e-01  4.851386376034085e-01
10.8100  -3.269321210784928e-01  6.091838932746935e-01  1.855525079126566e-01  4.598447772771139e-01
10.8200  -3.206410132964286e-01  6.487859763425579e-01  2.104616215493830e-01  4.338061443175315e-01
10.8300  -3.139615467600937e-01  6.868448257003053e-01  2.358779072956413e-01  4.072563475656812e-01
10.8400  -3.069094618293517e-01  7.233004951791434e-01  2.615818031631970e-01  3.804252327562487e-01
10.8500  -2.995010483492281e-01  7.581030535229026e-01  2.873601198803745e-01  3.535359013357740e-01
10.8600  -2.917530450558163e-01  7.912126591597779e-01  3.130087360073434e-01  3.268019765462941e-01
10.8700  -2.836825386554180e-01  8.225995513877675e-01  3.383350109716782e-01  3.004251566053662e-01
10.8800  -2.753068633930269e-01  8.522439620839315e-01  3.631598854542588e-01  2.745930857011386e-01
10.8900  -2.666435018805851e-01  8.801359529429222e-01  3.873196478313729e-01  2.494775641801576e-01
10.9000  -2.577099879014393e-01  9.062751840172003e-01  4.106673545827051e-01  2.252331100390826e-01
10.9100  -2.485238118464298e-01  9.306706199633480e-01  4.330739014314812e-01  2.019958749156978e-01
10.9200  -2.391023293704102e-01  9.533401808929041e-01  4.544287502524575e-01  1.798829094502521e-01
10.9300  -2.294626737871218e-01  9.743103450825299e-01  4.746403242674193e-01  1.589917653542284e-01
10.9400  -2.196216726465728e-01  9.936157110205687e-01  4.936360905934551e-01  1.394004149335966e-01
10.9500  -2.095957688637298e-01  1.011298526361420e+00  5.113623547103895e-01  1.211674632739254e-01
10.9600  -1.994009466916421e-01  1.027408191334282e+00  5.277837958103904e-01  1.043326238656995e-01
10.9700  -1.890526627572377e-01  1.042000744019304e+00  5.428827752683920e-01  8.891742514642337e-02
10.9800  -1.785657823049722e-01  1.055138334674140e+00  5.566584526494583e-01  7.492611323871522e-02
10.9900  -1.679545207231866e-01  1.066888695980564e+00  5.691257448055541e-01  6.234671501351127e-02
11.0000  -1.572323903611952e-01  1.077324615697987e+00  5.803141637944077e-01  5.115222541941994e-02
11.0100  -1.464121525824066e-01  1.086523417772525e+00  5.902665686840441e-01  4.130188368613492e-02
11.0200  -1.355057749406627e-01  1.094566457470818e+00  5.990378649101076e-01  3.274250440925124e-02
11.0300  -1.245243933138085e-01  1.101538635600568e+00  6.066936828603806e-01  2.540983152431129e-02
11.0400  -1.134782787804872e-01  1.107527936357818e+00  6.133090649065034e-01  1.922988564444297e-02
11.0500  -1.023768089833805e-01  1.112624992816292e+00  6.189671873197268e-01  1.412027803506208e-02
11.0600  -9.122844368455510e-02  1.116922683557813e+00  6.237581405229933e-01  9.991467503003847e-03
11.0700  -8.004070418609591e-02  1.120515763444634e+00  6.277777880639553e-01  6.747939567306772e-03
11.0800  -6.882015626157717e-02  1.123500531063321e+00  6.311267216497825e-01  4.289290347262578e-03
11.0900  -5.757239622084619e-02  1.125974534932960e+00  6.339093266587482e-01  2.511200555753343e-03
11.1000  -4.630203971168068e-02  1.128036320174288e+00  6.362329698161742e-01  1.306287741457856e-03
11.1100  -3.501271284670762e-02  1.129785216986036e+00  6.382073182600922e-01  5.648274150309665e-04
11.1200  -2.370704523205295e-02  1.131321171974478e+00  6.399437970788527e-01  1.753358677112429e-04
11.1300  -1.238666446501274e-02  1.132744623135082e+00  6.415551906207194e-01  2.500930380331587e-05
11.1400  -1.052191661051061e-03  1.134156419093826e+00  6.431553914858649e-01  1.532932559239224e-08
11.1500  1.029670504412022e-02  1.135632475104607e+00  6.448305592561077e-01  1.436591520924283e-05
11.1600  2.166047937828900e-02  1.137114953501173e+00  6.465152087379875e-01  1.337342584525783e-04
11.1700  3.303868464016359e-02  1.138501576961019e+00  6.480929203713630e-01  4.745770447931450e-04
11.1800  4.442984916505784e-02  1.139689664430622e+00  6.494462656049922e-01  1.154151973639722e-03
11.1900  5.583147288566381e-02  1.140576232749784e+00  6.504570713568444e-01  2.290212270838205e-03
11.2000  6.724002487791347e-02  1.141058117804455e+00  6.510068141037230e-01  4.000571883469050e-03
11.2100  7.865094235160251e-02  1.141032142341879e+00  6.509771749286487e-01  6.402510116886907e-03
11.2200  9.005863155251270e-02  1.140395330433301e+00  6.502507548370389e-01  9.612016610122016e-03
11.2300  1.014564710413937e-01  1.139045168313236e+00  6.487119477288636e-01  1.374287950050189e-02
11.2400  1.128368178109105e-01  1.136879911005274e+00  6.462479660236794e-01  1.890562204833470e-02
11.2500  1.241910166939148e-01  1.133798933764375e+00  6.427500111026163e-01  2.520629585342497e-02
11.2600  1.355094135045484e-01  1.129703126926948e+00  6.381145774942619e-01  3.274514205830683e-02
11.2700  1.467813723371817e-01  1.124495332266674e+00  6.322448761447690e-01  4.161513554306475e-02
11.2800  1.579952974264880e-01  1.118080818410991e+00  6.250523582492956e-01  5.190043099994681e-02
11.2900  1.691386599446122e-01  1.110367792287152e+00  6.164583170743214e-01  6.367473383988992e-02
11.3000  1.801980300779956e-01  1.101267942945841e+00  6.063955410800815e-01  7.699962301525363e-02
11.3100  1.911591146866913e-01  1.090697013464370e+00  5.948099875900484e-01  9.192285691226559e-02
11.3200  2.020068008027286e-01  1.078575395971785e+00  5.816624423978459e-01  1.084766973244278e-01
11.3300  2.127252051712011e-01  1.064828744177816e+00  5.669301272136525e-01  1.266762900015234e-01
11.3400  2.232977299783249e-01  1.049388597140922e+00  5.506082139046966e-01  1.465181432046396e-01
11.3500  2.337071248449418e-01  1.032193007393271e+00  5.327112022557824e-01  1.679787479074892e-01
11.3600  2.439355550922253e-01  1.013187165969259e+00  5.132741166424096e-01  1.910133845914026e-01
11.3700  2.539646762092079e-01  9.923240163763282e-01  4.923534767386236e-01  2.155551618178030e-01
11.3800  2.637757143699327e-01  9.695648491201554e-01  4.700279983246948e-01  2.415143307772132e-01
11.3900  2.733495527624187e-01  9.448798680684194e-01  4.463989825404968e-01  2.687779176835394e-01
11.4000  2.826668234033131e-01  9.182487197250636e-01  4.215903556383592e-01  2.972097121174025e-01
11.4100  2.917080040222960e-01  8.896609764061628e-01  3.957483264699835e-01  3.266506441772901e-01
11.4200  3.004535195104179e-01  8.591165643730487e-01  3.690406355900754e-01  3.569195765785351e-01
11.4300  3.088838473380727e-01  8.266261281999079e-01  3.416553779113853e-01  3.878145297116168e-01
11.4400  3.169796262628833e-01  7.922113230403778e-01  3.137993901766929e-01  4.191143482592281e-01
11.4500  3.247217675670629e-01  7.559050270159626e-01  2.856962049340016e-01  4.505808074659630e-01
11.4600  3.320915679895621e-01  7.177514666797744e-01  2.575835839604836e-01  4.819611458080952e-01
11.4700  3.390708234521989e-01  6.778062494092219e-01  2.297106558690981e-01  5.129909989345898e-01
11.4800  3.456419426226949e-01  6.361362976433372e-01  2.023346945896863e-01  5.433976977054693e-01
11.4900  3.517880593126300e-01  5.928196810922621e-01  1.757175871451657e-01  5.729038813401759e-01
11.5000  3.574931426762281e-01  5.479453443911129e-01  1.501220502199477e-01  6.012313655316289e-01
11.5100  3.627421041578087e-01  5.016127291266401e-01  1.258076650109380e-01  6.281051953140002e-01
11.5200  3.675209001326677e-01  4.539312907072049e-01  1.030268083415545e-01  6.532578039153895e-01
11.5300  3.718166291988236e-01  4.050199121453979e-01  8.202056461713292e-02  6.764331921712580e-01
11.5400  3.756176231058602e-01  3.550062184459205e-01  6.301470756763632e-02  6.973910386603662e-01
11.5500  3.789135303521220e-01  3.040257969047458e-01  4.621584259178287e-02  7.159106488224034e-01
11.5600  3.816953915424631e-01  2.522213301934496e-01  3.180779970227657e-02  7.317946521098574e-01
11.5700  3.839557056750093e-01  1.997416505891453e-01  1.994836349003811e-02  7.448723598015387e-01
11.5800  3.856884866159583e-01  1.467407250806709e-01  1.076642019860052e-02  7.550027024397045e-01
11.5900  3.868893091249906e-01  9.337658230258315e-02  4.359593061255542e-03  7.620766748140634e-01
11.6000  3.875553439087497e-01  3.981019329010534e-02  7.924257448977739e-04  7.660192277621959e-01
11.6100  3.876853813041415e-01  -1.379568111554069e-02  9.516040872084304e-05  7.667905594437828e-01
11.6200  3.872798433247464e-01  -6.727766277211844e-02  2.263141954039446e-03  7.643867737436589e-01
11.6300  3.863407839400712e-01  -1.204729348444667e-01  7.256864015019553e-03  7.588398895635319e-01
11.6400  3.848718775962391e-01  -1.732204125919310e-01  1.500265566925941e-02  7.502172014225886e-01
11.6500  3.828783961254755e-01  -2.253618925491414e-01  2.539399130666538e-02  7.386200084268514e-01
11.6600  3.803671743278673e-01  -2.767431667026373e-01  3.829339015830184e-02  7.241817447107346e-01
11.6700  3.773465646399019e-01  -3.272150888950553e-01  5.353485720029947e-02  7.070655593533770e-01
11.6800  3.738263814278804e-01  -3.766345815424221e-01  7.092680400681770e-02  6.874614070294691e-01
11.6900  3.698178355583221e-01  -4.248655718069093e-01  9.025537705340599e-02  6.655827218443525e-01
11.7000  3.653334600000207e-01  -4.717798476007902e-01  1.112881123011124e-01  6.416627555906750e-01
11.7100  3.603870273018639e-01  -5.172578251769357e-01  1.337778288533867e-01  6.159506678156893e-01
11.7200  3.549934598655948e-01  -5.611892215537507e-01  1.574666711940524e-01  5.887074584805075e-01
11.7300  3.491687339924108e-01  -6.034736265928625e-01  1.820902089965708e-01  5.602018346121964e-01
11.7400  3.429297787260693e-01  -6.440209711602337e-01  2.073815056470853e-01  5.307061002902210e-01
11.7500  3.362943705427625e-01  -6.827518894201322e-01  2.330750712533802e-01  5.004921547620216e-01
11.7600  3.292810249495365e-01  -7.195979749022720e-01  2.589106227417254e-01  4.698276767243326e-01
11.7700  3.219088860489091e-01  -7.545019315134669e-01  2.846365823287761e-01  4.389725641813043e-01
11.7800  3.141976151083311e-01  -7.874176221073514e-01  3.100132558025979e-01  4.081756891905599e-01
11.7900  3.061672791402547e-01  -8.183100185538930e-01  3.348156432328363e-01  3.776720156564307e-01
11.8000  2.978382404530730e-01  -8.471550584435141e-01  3.588358465232169e-01  3.476801165575865e-01
11.8100  2.892310480764993e-01  -8.739394146021596e-01  3.818850501975827e-01  3.184001150267120e-01
11.8200  2.803663318986706e-01  -8.986601844717845e-01  4.037950635774309e-01  2.900120619295024e-01
11.8300  2.712647002780254e-01  -9.213245071183689e-01  4.244194237084527e-01  2.626747513756437e-01
11.8400  2.619466418125713e-01  -9.419491161641168e-01  4.436340687211804e-01  2.365249652413477e-01
11.8500  2.524324318642353e-01  -9.605598373036228e-01  4.613376005203812e-01  2.116771285385728e-01
11.8600  2.427420443482667e-01  -9.771910392610244e-01  4.774511636060204e-01  1.882233495147898e-01
11.8700  2.328950692087703e-01  -9.918850470854264e-01  4.919179733158292e-01  1.662338118299172e-01
11.8800  2.229106359128787e-01  -1.004691526576928e+00  5.047025317877393e-01  1.457574810931785e-01
11.8900  2.128073432092316e-01  -1.015666848399470e+00  5.157895734688557e-01  1.268230844542878e-01
11.9000  2.026031953125313e-01  -1.024873440085154e+00  5.251827840959886e-01  1.094403197820570e-01
11.9100  1.923155445960776e-01  -1.032379133684572e+00  5.329033378336540e-01  9.360125013790821e-02
11.9200  1.819610407992331e-01  -1.038256516286383e+00  5.389882968055687e-01  7.928183963633505e-02
11.9300  1.715555866874662e-01  -1.042582290034454e+00  5.434889157467429e-01  6.644358822841336e-02
11.9400  1.611143000395142e-01  -1.045436647629432e+00  5.464688921033327e-01  5.503522528098458e-02
11.9500  1.506514817796763e-01  -1.046902668630020e+00  5.480025987923283e-01  4.499442487807696e-02
11.9600  1.401805900235211e-01  -1.047065741182700e+00  5.481733331792382e-01  3.624950936688829e-02
11.9700  1.297142197624485e-01  -1.046013013121318e+00  5.470716118095692e-01  2.872111163847618e-02
11.9800  1.192640878765238e-01  -1.043832875702009e+00  5.447935361981624e-01  2.232377081452044e-02
11.9900  1.088410231356373e-01  -1.040614482585483e+00  5.414392506833265e-01  1.696744026255420e-02
12.0000  9.845496082606336e-02  -1.036447306056693e+00  5.371115091160884e-01  1.255889105719256e-02
12.0100  8.811494162254241e-02  -1.031420731888886e+00  5.319143630851028e-01  9.002998037931994e-03
12.0200  7.782911431466780e-02  -1.025623693720910e+00  5.259519805608610e-01  6.203899399017234e-03
12.0300  6.760474199016127e-02  -1.019144347327565e+00  5.193276003448640e-01  4.066024217560643e-03
12.0400  5.744821127605001e-02  -1.012069784725739e+00  5.121426245774018e-01  2.494985435386663e-03
12.0500  4.736504424129481e-02  -1.004485787675483e+00  5.044958488210182e-01  1.398338528245677e-03
12.0600  3.735991257051978e-02  -9.964766198055370e-01  4.964828269095344e-01  6.862084089173684e-04
12.0700  2.743665362762521e-02  -9.881248563164529e-01  4.881953658352053e-01  2.717890175112296e-04
12.0800  1.759828803969833e-02  -9.795112499899428e-01  4.797211444284301e-01  7.172156329468845e-05
12.0900  7.847038445264985e-03  -9.707146320583020e-01  4.711434484460423e-01  6.358516800227314e-06
12.1000  -1.815650856966784e-03  -9.618116827686682e-01  4.625408565551486e-01  7.876540291068874e-08
12.1100  -1.138897311171499e-02  -9.528370253524676e-01  4.539491984412695e-01  1.943981756240029e-05
12.1200  -2.087195919983690e-02  -9.437327871788459e-01  4.453157867981764e-01  1.196542512367132e-04
12.1300  -3.026296688703229e-02  -9.344300282966976e-01  4.365797388912836e-01  3.647312625157455e-04
12.1400  -3.955967497689437e-02  -9.248619045776101e-01  4.276847712694622e-01  8.146979552316435e-04
12.1500  -4.875910455770521e-02  -9.149637292030812e-01  4.185793128786047e-01  1.525476936910116e-03
12.1600  -5.785764097438546e-02  -9.046730559139147e-01  4.092166690483105e-01  2.548711324601951e-03
12.1700  -6.685105673428825e-02  -8.939297822243569e-01  3.995552277738431e-01  3.931545553125904e-03
12.1800  -7.573453553719185e-02  -8.826762707285140e-01  3.895586994535984e-01  5.716370653400994e-03
12.1900  -8.450269760068062e-02  -8.708574865362935e-01  3.791963809281553e-01  7.940542997794094e-03
12.2000  -9.314962643197496e-02  -8.584211487741348e-01  3.684434343313526e-01  1.063608586209293e-02
12.2100  -1.016688971760782e-01  -8.453178939757445e-01  3.572811709377940e-01  1.382938349884034e-02
12.2200  -1.100536066477909e-01  -8.315014490737387e-01  3.456973299058636e-01  1.754087772320975e-02
12.2300  -1.182964051316775e-01  -8.169288115884389e-01  3.336863416016496e-01  2.178477724947544e-02
12.2400  -1.263895300094734e-01  -8.015604344990667e-01  3.212495650771663e-01  2.656879015329417e-02
12.2500  -1.343248412487474e-01  -7.853604131793301e-01  3.083954892946041e-01  3.189388984373003e-02
12.2600  -1.420938587599873e-01  -7.682966716880003e-01  2.951398878634295e-01  3.775412478264871e-02
12.2700  -1.496878016017889e-01  -7.503411456295952e-01  2.815059174123667e-01  4.413648186423141e-02
12.2800  -1.570976289856843e-01  -7.314699587447183e-01  2.675241502730000e-01  5.102081284428971e-02
12.2900  -1.643140830035605e-01  -7.116635903577113e-01  2.532325329204141e-01  5.837983247302862e-02
12.3000  -1.713277329718468e-01  -6.909070308046249e-01  2.386762626076314e-01  6.617919602688717e-02
12.3100  -1.781290212579854e-01  -6.691899219903011e-01  2.239075758466927e-01  7.437766275262282e-02
12.3200  -1.847083104264494e-01  -6.465066802823365e-01  2.089854438248436e-01  8.292735033470033e-02
12.3300  -1.910559315140956e-01  -6.228565990441270e-01  1.939751714864082e-01  9.177408388787044e-02
12.3400  -1.971622332182846e-01  -5.982439282407224e-01  1.789478988384453e-01  1.008578411812168e-01
12.3500  -2.030176317563576e-01  -5.726779287208087e-01  1.639800050219778e-01  1.101132938466442e-01
12.3600  -2.086126611320965e-01  -5.461728989860087e-01  1.491524177933904e-01  1.194704422503234e-01
12.3700  -2.139380235241048e-01  -5.187481725042662e-01  1.345498332382579e-01  1.288553395537675e-01
12.3800  -2.189846394929933e-01  -4.904280839059296e-01  1.202598527418208e-01  1.381908983120707e-01
12.3900  -2.237436976891945e-01  -4.612419027169959e-01  1.063720464109973e-01  1.473977708054812e-01
12.4000  -2.282067037314811e-01  -4.312237336306691e-01  9.297695422318712e-02  1.563952922355121e-01
12.4100  -2.323655279181239e-01  -4.004123826919528e-01  8.016503810652345e-02  1.651024739984685e-01
12.4200  -2.362124514283354e-01  -3.688511891656566e-01  6.802559987445948e-02  1.734390325374633e-01
12.4300  -2.397402106713959e-01  -3.365878232704719e-01  5.664568138697722e-02  1.813264378260811e-01
12.4400  -2.429420394447954e-01  -3.036740503845466e-01  4.610896443847809e-02  1.886889644054320e-01
12.4500  -2.458117085709125e-01  -2.701654627546331e-01  3.649468863271253e-02  1.954547271271423e-01
12.4600  -2.483435626941921e-01  -2.361211801644183e-01  2.787660586111885e-02  2.015566833846171e-01
12.4700  -2.505325539374222e-01  -2.016035214308351e-01  2.032198992665659e-02  2.069335836697645e-01
12.4800  -2.523742721363889e-01  -1.666776489927366e-01  1.389071933687295e-02  2.115308527861910e-01
12.4900  -2.538649713967136e-01  -1.314111892271222e-01  8.634450327043266e-03  2.153013849834013e-01
12.5000  -2.550015927447515e-01  -9.587383146726275e-02  4.595895780106551e-03  2.182062376367568e-01
12.5100  -2.557817826757144e-01  -6.013690899817001e-02  1.808223911927090e-03  2.202152098581408e-01
12.5200  -2.562039074362600e-01  -2.427296556210560e-02  2.945884285895821e-04  2.213072945424923e-01
12.5300  -2.562670629152002e-01  1.164468888479314e-02  6.779938961181245e-05  2.214709947835518e-01
12.5400  -2.559710800542180e-01  4.754242926827255e-02  1.130141290364349e-03  2.207044982657096e-01
12.5500  -2.553165257299868e-01  8.334676934824735e-02  3.473341980394972e-03  2.190157060866434e-01
12.5600  -2.543046990993051e-01  1.189848144904256e-01  7.078693039660495e-03  2.164221154103355e-01
12.5700  -2.529376234391889e-01  1.543847092376337e-01  1.191731922319435e-02  2.129505583114349e-01
12.5800  -2.512180335537310e-01  1.894760757372662e-01  1.795059163839713e-02  2.086368020686344e-01
12.5900  -2.491493588583526e-01  2.241904392143556e-01  2.513067651756283e-02  2.035250189178497e-01
12.6000  -2.467357022892840e-01  2.584616368671832e-01  3.340120886603182e-02  1.976671358116339e-01
12.6100  -2.439818152211916e-01  2.922262068004490e-01  4.269807797048938e-02  1.911220769831078e-01
12.6200  -2.408930686083366e-01  3.254237538951074e-01  5.295030979959170e-02  1.839549140241681e-01
12.6300  -2.374754205940636e-01  3.579972898385945e-01  6.408102976588932e-02  1.762359397138039e-01
12.6400  -2.337353808594144e-01  3.898935448981299e-01  7.600848817661501e-02  1.680396829408040e-01
12.6500  -2.296799720039233e-01  4.210632494063688e-01  8.864713000032497e-02  1.594438827373609e-01
12.6600  -2.253166882699304e-01  4.514613833358573e-01  1.019086903217630e-01  1.505284396712310e-01
12.6700  -2.206534519358986e-01  4.810473927592401e-01  1.157032970402313e-01  1.413743626428573e-01
12.6800  -2.156985677141115e-01  5.097853724187436e-01  1.299405629660585e-01  1.320627285214467e-01
12.6900  -2.104606754937688e-01  5.376442140539953e-01  1.445306504528692e-01  1.226736710630556e-01
12.7000  -2.049487017719044e-01  5.645977205549608e-01  1.593852930279288e-01  1.132854142265562e-01
12.7100  -1.991718101118528e-01  5.906246864103449e-01  1.744187600986591e-01  1.039733633900047e-01
12.7200  -1.931393509623490e-01  6.157089453054752e-01  1.895487526645903e-01  9.480926612608893e-02
12.7300  -1.868608111599925e-01  6.398393860823750e-01  2.046972199911353e-01  8.586045218011734e-02
12.7400  -1.803457634240016e-01  6.630099386041608e-01  2.197910893439465e-01  7.718916016775623e-02
12.7500  -1.736038161352554e-01  6.852195313625601e-01  2.347629030803632e-01  6.885195633192701e-02
12.7600  -1.666445636718940e-01  7.064720229286294e-01  2.495513595904350e-01  6.089924852562568e-02
12.7700  -1.594775375515945e-01  7.267761095708768e-01  2.641017567214896e-01  5.337489647219128e-02
12.7800  -1.521121586064367e-01  7.461452115510654e-01  2.783663383602921e-01  4.631591734314916e-02
12.7900  -1.445576903903983e-01  7.645973407558811e-01  2.923045467454825e-01  3.975228382571725e-02
12.8000  -1.368231939923545e-01  7.821549524330881e-01  3.058831848078031e-01  3.370681015929129e-02
12.8100  -1.289174843993698e-01  7.988447838751492e-01  3.190764943622669e-01  2.819512012658902e-02
12.8200  -1.208490885264107e-01  8.146976829335992e-01  3.318661572886877e-01  2.322568970637505e-02
12.8300  -1.126262049997064e-01  8.297484292562829e-01  3.442412279266344e-01  1.879995603861337e-02
12.8400  -1.042566657521389e-01  8.440355511199962e-01  3.561980057772178e-01  1.491248351979086e-02
12.8500  -9.574789946052195e-02  8.576011406865022e-01  3.677398582533948e-01  1.155117722942418e-02
12.8600  -8.710689682666165e-02  8.704906704440679e-01  3.788770036650814e-01  8.697533475681028e-03
12.8700  -7.834017767687323e-02  8.827528135135426e-01  3.896262648830377e-01  6.326917020636033e-03
12.8800  -6.945375982831031e-02  8.944392704016101e-01  4.000108042182823e-01  4.408854481617319e-03
12.8900  -6.045312964515883e-02  9.056046046783657e-01  4.100598500073295e-01  2.907333478622709e-03
12.9000  -5.134321418352575e-02  9.163060899459221e-01  4.198084252359922e-01  1.781097280576163e-03
12.9100  -4.212835480074320e-02  9.266035703534276e-01  4.292970882958597e-01  9.839249651671562e-04
12.9200  -3.281228208280021e-02  9.365593368057207e-01  4.385716956789857e-01  4.648874170023264e-04
12.9300  -2.339809192265460e-02  9.462380209117336e-01  4.476831961094772e-01  1.685698151112394e-04
12.9400  -1.388822256217873e-02  9.557065086285000e-01  4.566874653174386e-01  3.525157168400885e-05
12.9500  -4.284432391326265e-03  9.650338754808712e-01  4.656451904128148e-01  1.034947605459565e-06
12.9600  5.412215756139576e-03  9.742870572490212e-01  4.746176349614787e-01  2.086237683782791e-06
12.9700  1.520103939582118e-02  9.834579307640027e-01  4.835947507913069e-01  4.622302199831571e-05
12.9800  2.508084964504136e-02  9.924713164721526e-01  4.924996570099838e-01  2.076181017718232e-04
12.9900  3.504967627461069e-02  1.001247798924818e+00  5.012485774258960e-01  5.666181936926792e-04
13.0000  4.510474465241178e-02  1.009705924933716e+00  5.097530274231256e-01  1.207550126025912e-03
13.0100  5.524245578129537e-02  1.017762292369468e+00  5.179200418845777e-01  2.218489676762887e-03
13.0200  6.545836739995119e-02  1.025331674233023e+00  5.256525210927470e-01  3.690914543847113e-03
13.0300  7.574717650751972e-02  1.032327179584518e+00  5.328497028544632e-01  5.719233516416394e-03
13.0400  8.610270368778819e-02  1.038660452752239e+00  5.394077680557432e-01  8.400184955827080e-03
13.0500  9.651787962202024e-02  1.044241912031536e+00  5.452205854216386e-01  1.183209912295967e-02
13.0600  1.069847341902821e-01  1.048981028817396e+00  5.501805994094010e-01  1.611402072785386e-02
13.0700  1.174943885690042e-01  1.052786647792950e+00  5.541798628855589e-01  2.134469034455136e-02
13.0800  1.280370507368990e-01  1.055567348418421e+00  5.571112135235482e-01  2.762138603274375e-02
13.0900  1.386020148016754e-01  1.057231847530910e+00  5.588695897168108e-01  3.503862962972207e-02
13.1000  1.491776645556949e-01  1.057689442376003e+00  5.593534782568306e-01  4.368676569680405e-02
13.1100  1.597514816592525e-01  1.056850492849829e+00  5.584664821184633e-01  5.365042498159567e-02
13.1200  1.703100588350366e-01  1.054626941138873e+00  5.561189924879678e-01  6.500688842916166e-02
13.1300  1.808391184360512e-01  1.050932866309925e+00  5.522299447451973e-01  7.782437215847529e-02
13.1400  1.913235367214815e-01  1.045685070731213e+00  5.467286335750708e-01  9.216025831085339e-02
13.1500  2.017473741403152e-01  1.038803694506996e+00  5.395565578606922e-01  1.080593011486089e-01
13.1600  2.120939118807890e-01  1.030212853392306e+00  5.306692616473583e-01  1.255518420890458e-01
13.1700  2.223456948947933e-01  1.019841294934646e+00  5.200381334269878e-01  1.446520713378585e-01
13.1800  2.324845815502718e-01  1.007623066879365e+00  5.076521224536887e-01  1.653563772599810e-01
13.1900  2.424918000015695e-01  9.934981911906665e-01  4.935193279495631e-01  1.876418274093299e-01
13.2000  2.523480112979440e-01  9.774133363977158e-01  4.776684150840572e-01  2.114648270439443e-01
13.2100  2.620333791745827e-01  9.593224803927617e-01  4.601498106934603e-01  2.367600017973800e-01
13.2200  2.715276463891420e-01  9.391875553039988e-01  4.410366320189509e-01  2.634393507925964e-01
13.2300  2.808102173809267e-01  9.169790656584785e-01  4.204253034279481e-01  2.913917147261059e-01
13.2400  2.898602469404150e-01  8.926766707577950e-01  3.984358192576103e-01  3.204826002060137e-01
13.2500  2.986567344851421e-01  8.662697220285808e-01  3.752116156517373e-01  3.505543968285368e-01
13.2600  3.071786234453794e-01  8.377577460965681e-01  3.509190205724009e-01  3.814270171058036e-01
13.2700  3.154049051711348e-01  8.071508644804012e-01  3.257462590157295e-01  4.128989814542838e-01
13.2800  3.233147266824042e-01  7.744701411200455e-01  2.999019997432516e-01  4.447489611237056e-01
13.2900  3.308875014990920e-01  7.397478494516303e-01  2.736134403841560e-01  4.767377813640883e-01
13.3000  3.381030227073746e-01  7.030276514191099e-01  2.471239393299348e-01  5.086108755347124e-01
13.3100  3.449415773473323e-01  6.643646816720259e-01  2.206902151265862e-01  5.401011685591589e-01
13.3200  3.513840611441917e-01  6.238255312320541e-01  1.945791467084773e-01  5.709323554884245e-01
13.3300  3.574120925542050e-01  5.814881261080859e-01  1.690642204023466e-01  6.008225283600522e-01
13.3400  3.630081250575947e-01  5.374414976845668e-01  1.444216817167151e-01  6.294880924788410e-01
13.3500  3.681555566065123e-01  4.917854431800244e-01  1.209264610618865e-01  6.566479021535285e-01
13.3600  3.728388351267160e-01  4.446300760469450e-01  9.884795226275604e-02  6.820275362598256e-01
13.3700  3.770435589785814e-01  3.960952678310627e-01  7.844573059908067e-02  7.053636261947153e-01
13.3800  3.807565713066489e-01  3.463099846948910e-01  5.996530274968784e-02  7.264081432252816e-01
13.3900  3.839660472474280e-01  2.954115235015163e-01  4.363398410874345e-02  7.449325492360369e-01
13.4000  3.866615730224761e-01  2.435446540131001e-01  2.965699924918032e-02  7.607317146749938e-01
13.4100  3.888342160173264e-01  1.908606753463739e-01  1.821389869683698e-02  7.736275102226985e-01
13.4200  3.904765850357665e-01  1.375163963073129e-01  9.455379626674969e-03  7.834719843804042e-01
13.4300  3.915828800220075e-01  8.367305056340216e-02  3.500589695292827e-03  7.901500476957116e-01
13.4400  3.921489306588237e-01  2.949515877151603e-02  4.349821954784693e-04  7.935815955004052e-01
13.4500  3.921722233758789e-01  -2.485064926669463e-02  3.087773844881351e-04  7.937230144977785e-01
13.4600  3.916519164369872e-01  -7.919683862613242e-02  3.136069624186830e-03  7.905680338769100e-01
13.4700  3.905888429156105e-01  -1.333761851852706e-01  8.894603387287800e-03  7.841478983375864e-01
13.4800  3.889855015118949e-01  -1.872229889735127e-01  1.752622380008804e-02  7.745308579091379e-01
13.4900  3.868460353093608e-01  -2.405742705057810e-01  2.893798981469434e-02  7.618209871307254e-01
13.5000  3.841761987123271e-01  -2.932709359886730e-01  4.300392094783618e-02  7.461563634126116e-01
13.5100  3.809833129436435e-01  -3.451588978570218e-01  5.956733238493701e-02  7.277066506199305e-01
13.5200  3.772762106138228e-01  -3.960901379164428e-01  7.844369867733335e-02  7.066701485607801e-01
13.5300  3.730651699948976e-01  -4.459237014056186e-01  9.942397373764365e-02  6.832703816378433e-01
13.5400  3.683618397431686e-01  -4.945266115254359e-01  1.222782847534147e-01  6.577523100462140e-01
13.5500  3.631791549126765e-01  -5.417746953799882e-01  1.467599102770395e-01  6.303782542846744e-01
13.5600  3.575312451842294e-01  -5.875533138027471e-01  1.726094482802947e-01  6.014236282234476e-01
13.5700  3.514333363020390e-01  -6.317579891634398e-01  1.995590784359165e-01  5.711725774876979e-01
13.5800  3.449016457606996e-01  -6.742949269296860e-01  2.273368242415553e-01  5.399136185382024e-01
13.5900  3.379532738190179e-01  -7.150814284545776e-01  2.556707246603195e-01  5.079353697326484e-01
13.6000  3.306060909340677e-01  -7.540461941405111e-01  2.842928314488947e-01  4.755224591022096e-01
13.6100  3.228786227091438e-01  -7.911295177561912e-01  3.129429569325718e-01  4.429516849262218e-01
13.6200  3.147899334337321e-01  -8.262833742262969e-01  3.413721072613973e-01  4.104884948397089e-01
13.6300  3.063595092631549e-01  -8.594714046440154e-01  3.693455477003784e-01  3.783838376085780e-01
13.6400  2.976071420414540e-01  -8.906688035520453e-01  3.966454588104159e-01  3.468714293163157e-01
13.6500  2.885528147147744e-01  -9.198621146789644e-01  4.230731550108281e-01  3.161654629803719e-01
13.6600  2.792165892156330e-01  -9.470489422912223e-01  4.484508495474614e-01  2.864587779895110e-01
13.6700  2.696184976227192e-01  -9.722375861175950e-01  4.726229619298840e-01  2.579214936196245e-01
13.6800  2.597784373180793e-01  -9.954466084187558e-01  4.954569751062018e-01  2.307000995873567e-01
13.6900  2.497160707754779e-01  -1.016704342210265e+00  5.168438597346041e-01  2.049169864199328e-01
13.7000  2.394507305222091e-01  -1.036048349907620e+00  5.366980916731510e-01  1.806703895709138e-01
13.7100  2.290013297233320e-01  -1.053524841755577e+00  5.549572960980564e-01  1.580347138418856e-01
13.7200  2.183862787438766e-01  -1.069188063342528e+00  5.715815573970732e-01  1.370611988590602e-01
13.7300  2.076234079524501e-01  -1.083099661298615e+00  5.865524381525871e-01  1.177788821181978e-01
13.7400  1.967298969402275e-01  -1.095328035949743e+00  5.998717531687611e-01  1.001958134115801e-01
13.7500  1.857222102436711e-01  -1.105947689266484e+00  6.115601456969374e-01  8.430047319905243e-02
13.7600  1.746160395784775e-01  -1.115038575925264e+00  6.216555129007205e-01  7.006334755430231e-02
13.7700  1.634262525169801e-01  -1.122685464708072e+00  6.302113263333893e-01  5.743861355095381e-02
13.7800  1.521668474721529e-01  -1.128977316824349e+00  6.372948909519534e-01  4.636589117416390e-02
13.7900  1.408509147888810e-01  -1.134006687062631e+00  6.429855831513815e-01  3.677202086480224e-02
13.8000  1.294906036875504e-01  -1.137869152986321e+00  6.473731046589040e-01  2.857282943499878e-02
13.8100  1.180970947563391e-01  -1.140662776693246e+00  6.505557850667725e-01  2.167485115041713e-02
13.8200  1.066805776468284e-01  -1.142487602975940e+00  6.526389614768544e-01  1.597697508108949e-02
13.8300  9.525023359249657e-02  -1.143445197061314e+00  6.537334593412938e-01  1.137199421907881e-02
13.8400  8.381422234102540e-02  -1.143638224484693e+00  6.539541942512506e-01  7.748036205903054e-03
13.8500  7.237967306873577e-02  -1.143170075073088e+00  6.534189102713048e-01  4.989859684072093e-03
13.8600  6.095267882841729e-02  -1.142144532482861e+00  6.522470665402468e-01  2.980004184787295e-03
13.8700  4.953829406977991e-02  -1.140665490263192e+00  6.505588803386845e-01  1.599785008229419e-03
13.8800  3.814053476416226e-02  -1.138836715002932e+00  6.484745317193351e-01  7.301276841513230e-04
13.8900  2.676238066136547e-02  -1.136761656767178e+00  6.461135321480298e-01  2.522392771135575e-04
13.9000  1.540577920590667e-02  -1.134543306742781e+00  6.435942574374220e-01  4.811599708589351e-05
13.9100  4.071650641960426e-03  -1.132284101789585e+00  6.410336435827240e-01  8.882802457500289e-07
13.9200  -7.240092010469634e-03  -1.130077038839068e+00  6.385370568556384e-01  4.994255290549470e-06
13.9300  -1.852999898728857e-02  -1.127901504600726e+00  6.360809020402907e-01  8.372683388412274e-05
13.9400  -2.979789833983151e-02  -1.125658861163610e+00  6.335539358580777e-01  3.481732364198264e-04
13.9500  -4.104262039631223e-02  -1.123249495029116e+00  6.308447140415824e-01  9.097953745368574e-04
13.9600  -5.226200254469227e-02  -1.120574445191046e+00  6.278435436076100e-01  1.878436948962808e-03
13.9700  -6.345289623639733e-02  -1.117535506112177e+00  6.244428037106993e-01  3.361962239730747e-03
13.9800  -7.461117523505857e-02  -1.114035373618947e+00  6.205374068371536e-01  5.465754543234728e-03
13.9900  -8.573174553515388e-02  -1.109977832821800e+00  6.160253946778901e-01  8.292079948489925e-03
14.0000  -9.680855736547282e-02  -1.105267986954485e+00  6.108086614932101e-01  1.193932370119970e-02
14.0100  -1.078346196799738e-01  -1.099812525759620e+00  6.047937959088777e-01  1.650110830860973e-02
14.0200  -1.188020175233407e-01  -1.093520031733255e+00  5.978930299009489e-01  2.206530475013655e-02
14.0300  -1.297019326399150e-01  -1.086301322182152e+00  5.900252812873463e-01  2.871295062749168e-02
14.0400  -1.405246676722525e-01  -1.078069824648889e+00  5.811172734092430e-01  3.651709175108456e-02
14.0500  -1.512596742689691e-01  -1.068741982827598e+00  5.711047129291332e-01  4.554156644235493e-02
14.0600  -1.618955853904945e-01  -1.058237689634368e+00  5.599335038813429e-01  5.583975464764226e-02
14.0700  -1.724202520656166e-01  -1.046480743618894e+00  5.475609733825768e-01  6.745331670991021e-02
14.0800  -1.828207848111340e-01  -1.033399324417351e+00  5.339570818531186e-01  8.041094922146713e-02
14.0900  -1.930835998815038e-01  -1.018926482460720e+00  5.191055883298883e-01  9.472718766688577e-02
14.1000  -2.031944704651272e-01  -1.003000637679250e+00  5.030051395924915e-01  1.104012874384049e-01
14.1100  -2.131385828890534e-01  -9.855660814943463e-01  4.856702504960603e-01  1.274162161423174e-01
14.1200  -2.229005978346934e-01  -9.665734759766418e-01  4.671321422307839e-01  1.457377907930847e-01
14.1300  -2.324647165040648e-01  -9.459803436863348e-01  4.474394053204580e-01  1.653139933988508e-01
14.1400  -2.418147516096929e-01  -9.237515414122626e-01  4.266584551307655e-01  1.860744974777011e-01
14.1500  -2.509342029922693e-01  -8.998597108025752e-01  4.048737495628472e-01  2.079304361275798e-01
14.1600  -2.598063375993472e-01  -8.742856987446619e-01  3.821877415147208e-01  2.307744393483939e-01
14.1700  -2.684142734866621e-01  -8.470189403166095e-01  3.587205426275361e-01  2.544809643570408e-01
14.1800  -2.767410674321648e-01  -8.180577972070228e-01  3.346092797856032e-01  2.789069376548306e-01
14.1900  -2.847698056826893e-01  -7.874098446928418e-01  3.100071317596026e-01  3.038927216511400e-01
14.2000  -2.924836972855528e-01  -7.550921005820197e-01  2.850820401806834e-01  3.292634118080230e-01
14.2100  -2.998661693935686e-01  -7.211311899732500e-01  2.600150965761178e-01  3.548304626814824e-01
14.2200  -3.069009638732477e-01  -6.855634402591724e-01  2.349986153099959e-01  3.803936330714719e-01
14.2300  -3.135722344936213e-01  -6.484349015003605e-01  2.102339107418911e-01  4.057432319682849e-01
14.2400  -3.198646439284062e-01  -6.098012881193733e-01  1.859288054960234e-01  4.306626383450842e-01
14.2500  -3.257634597683094e-01  -5.697278387982712e-01  1.622949051508744e-01  4.549310593680992e-01
14.2600  -3.312546487141916e-01  -5.282890924970119e-01  1.395446826256582e-01  4.783264835672789e-01
14.2700  -3.363249681065180e-01  -4.855685796284628e-01  1.178884227612014e-01  5.006287782263420e-01
14.2800  -3.409620539427512e-01  -4.416584286099070e-01  9.753108378108616e-02  5.216228740009085e-01
14.2900  -3.451545045426577e-01  -3.966588892396457e-01  7.866913720641476e-02  5.411019748258260e-01
14.3000  -3.488919590422282e-01  -3.506777755972321e-01  6.148745114891133e-02  5.588707277645422e-01
14.3100  -3.521651699301409e-01  -3.038298324119856e-01  4.615628353174762e-02  5.747482857760606e-01
14.3200  -3.549660688862615e-01  -2.562360300607063e-01  3.282845155063560e-02  5.885711965646834e-01
14.3300  -3.572878252391410e-01  -2.080227945156493e-01  2.163674151905003e-02  6.001960528057295e-01
14.3400  -3.591248964281498e-01  -1.593211796419811e-01  1.269161914125621e-02  6.095018431073480e-01
14.3500  -3.604730699348421e-01  -1.102659902155528e-01  6.079294299108196e-03  6.163919490012905e-01
14.3600  -3.613294962361738e-01  -6.099486487424155e-02  1.860186770513493e-03  6.207957409074730e-01
14.3700  -3.616927124279328e-01  -1.164732890942848e-02  6.783013536220416e-05  6.226697351725822e-01
14.3800  -3.615626562685879e-01  3.763617266822551e-02  7.082407465562426e-04  6.219982846640867e-01
14.3900  -3.609406704999994e-01  8.671525100542307e-02  3.759767378466763e-03  6.187937866790097e-01
14.4000  -3.598294974102411e-01  1.354505472798354e-01  9.173425379203459e-03  6.130964037350090e-01
14.4100  -3.582332637132492e-01  1.837046936539139e-01  1.687370723523918e-02  6.049733047606177e-01
14.4200  -3.561574559282485e-01  2.313432506109716e-01  2.675984980162541e-02  5.945174458969212e-01
14.4300  -3.536088865470144e-01  2.782356103791159e-01  3.870752744151958e-02  5.818459211804872e-01
14.4400  -3.505956513772242e-01  3.242558567269376e-01  5.257093031086013e-02  5.670979234402527e-01
14.4500  -3.471270785437457e-01  3.692835721539329e-01  6.818517833138447e-02  5.504323644946612e-01
14.4600  -3.432136697151766e-01  4.132045843807030e-01  8.536901427661474e-02  5.320252109195819e-01
14.4700  -3.388670341989754e-01  4.559116450481608e-01  1.039277140452601e-01  5.120665970769194e-01
14.4800  -3.340998166139850e-01  4.973050346379101e-01  1.236561487381065e-01  4.907577806235257e-01
14.4900  -3.289256189031986e-01  5.372930888025561e-01  1.443419316374957e-01  4.683080073092230e-01
14.5000  -3.233589174916366e-01  5.757926425188600e-01  1.657685835894258e-01  4.449313515435385e-01
14.5100  -3.174149764238539e-01  6.127293897220201e-01  1.877186525145596e-01  4.208435970545206e-01
14.5200  -3.111097573327981e-01  6.480381573201563e-01  2.099767266714519e-01  3.962592181330896e-01
14.5300  -3.044598270966528e-01  6.816630936996479e-01  2.323322866560875e-01  3.713885166586980e-01
14.5400  -2.974822640333467e-01  7.135577729915342e-01  2.545823476983189e-01  3.464349635837582e-01
14.5500  -2.901945634642009e-01  7.436852174562822e-01  2.765338513314989e-01  3.215927860909910e-01
14.5600  -2.826145434495498e-01  7.720178413411630e-01  2.980057736745346e-01  2.970448335209227e-01
14.5700  -2.747602514610744e-01  7.985373204566794e-01  3.188309260810667e-01  2.729607466903801e-01
14.5800  -2.666498727091378e-01  8.232343924946245e-01  3.388574324929967e-01  2.494954466721675e-01
14.5900  -2.583016407898273e-01  8.461085937625139e-01  3.579498762193894e-01  2.267879507467960e-01
14.6000  -2.497337512569262e-01  8.671679385327026e-01  3.759901168095285e-01  2.049605153064481e-01
14.6100  -2.409642786599860e-01  8.864285475981230e-01  3.928777849984589e-01  1.841180981916363e-01
14.6200  -2.320110975223119e-01  9.039142328918908e-01  4.085304702122677e-01  1.643481264349198e-01
14.6300  -2.228918076633011e-01  9.196560451693858e-01  4.228836207082977e-01  1.457205497943605e-01
14.6400  -2.136236641993660e-01  9.336917917755878e-01  4.358901810145538e-01  1.282881558604632e-01
14.6500  -2.042235124877855e-01  9.460655314361925e-01  4.475199948858227e-01  1.120871189517030e-01
14.6600  -1.947077282092762e-01  9.568270528287215e-01  4.577590045124485e-01  9.713775247502283e-02
14.6700  -1.850921627187885e-01  9.660313434210539e-01  4.666082782359431e-01  8.344543288492610e-02
14.6800  -1.753920937308184e-01  9.737380547219228e-01  4.740828996068171e-01  7.100166276552293e-02
14.6900  -1.656221813460534e-01  9.800109696837200e-01  4.802107503502126e-01  5.978524079879218e-02
14.7000  -1.557964293709993e-01  9.849174775453202e-01  4.850312187871182e-01  4.976350736708201e-02
14.7100  -1.459281518317691e-01  9.885280609141519e-01  4.885938636073466e-01  4.089363615493510e-02
14.7200  -1.360299445377769e-01  9.909157993745357e-01  4.909570607250375e-01  3.312394424536718e-02
14.7300  -1.261136615108189e-01  9.921558933846806e-01  4.921866583889768e-01  2.639519572853329e-02
14.7400  -1.161903960600418e-01  9.923252116981264e-01  4.923546628858657e-01  2.064187663947859e-02
14.7500  -1.062704662535418e-01  9.915018650261794e-01  4.915379741751961e-01  1.579342200646815e-02
14.7600  -9.636340451271054e-02  9.897648081542233e-01  4.898171877302832e-01  1.177537882194821e-02
14.7700  -8.647795103573817e-02  9.871934722437226e-01  4.872754758203087e-01  8.510491755818720e-03
14.7800  -7.662205074165913e-02  9.838674285990811e-01  4.839975585290839e-01  5.919701339517195e-03
14.7900  -6.680285341565725e-02  9.798660847589135e-01  4.800687720303811e-01  3.923047096915985e-03
14.8000  -5.702671672970132e-02  9.752684133882685e-01  4.755742390764353e-01  2.440470635046669e-03
14.8100  -4.729921180956892e-02  9.701527141043482e-01  4.705981443420166e-01  1.392515997838888e-03
14.8200  -3.762513101954172e-02  9.645964080648400e-01  4.652231152257957e-01  7.009266049811347e-04
14.8300  -2.800849763911088e-02  9.586758648857416e-01  4.595297069572124e-01  2.891398320150217e-04
14.8400  -1.845257711150125e-02  9.524662612344416e-01  4.535959893949577e-01  8.268173258347572e-05
14.8500  -8.959889551302636e-03  9.460414702630835e-01  4.474972317287683e-01  9.465563001087502e-06
14.8600  4.677767924138097e-04  9.394739780261550e-01  4.413056776941441e-01  1.346959372874906e-09
14.8700  9.829281144503290e-03  9.328081020769925e-01  4.350654776502405e-01  1.249694198787657e-05
14.8800  1.912345001021649e-02  9.259956292255692e-01  4.287339526724289e-01  9.203165176467419e-05
14.8900  2.834848240784418e-02  9.189698118884716e-01  4.222527575811664e-01  2.997974439041857e-04
14.9000  3.750191762227596e-02  9.116654611076447e-01  4.155669564883072e-01  6.940630246202319e-04
14.9100  4.658065113263019e-02  9.040190185036198e-01  4.086251929081240e-01  1.330010737713557e-03
14.9200  5.558095136754985e-02  8.959686496323843e-01  4.013799105620391e-01  2.259521149185812e-03
14.9300  6.449847749537010e-02  8.874543573653624e-01  3.937876182033841e-01  3.530911816638189e-03
14.9400  7.332829844209589e-02  8.784181138165938e-01  3.858091913405512e-01  5.188637192402267e-03
14.9500  8.206491331482280e-02  8.688040092295699e-01  3.774102032266873e-01  7.272957123369005e-03
14.9600  9.070227339174403e-02  8.585584161111965e-01  3.685612769376833e-01  9.819581962823279e-03
14.9700  9.923380582209210e-02  8.476301667651196e-01  3.592384498051323e-01  1.285930287287494e-02
14.9800  1.076524391601796e-01  8.359707422344514e-01  3.494235409360099e-01  1.641761644156919e-02
14.9900  1.159506308370765e-01  8.235344705183367e-01  3.391045120659586e-01  2.051435323665440e-02
15.0000  1.241203966513795e-01  8.102787317815060e-01  3.282758115887229e-01  2.516332033784846e-02

