# m=10, k=39.478, p=2
# x0=0, v0=1
# t_start=0, t_end=15, h=0.001
#   t          x(t)               v(t)               KE(t)              PE(x(t)) 
0.0000  0.000000000000000e+00  1.000000000000000e+00  5.000000000000000e+00  0.000000000000000e+00
0.0100  9.999342046319517e-03  9.998026164937167e-01  4.998026359738410e+00  1.973640261591093e-03
0.0200  1.999473668225177e-02  9.992105438953636e-01  4.992108555158342e+00  7.891444841658631e-03
0.0300  2.998223805571692e-02  9.982240159356716e-01  4.982255929953699e+00  1.774407004629905e-02
0.0400  3.995790343063475e-02  9.968434220633362e-01  4.968484040554713e+00  3.151595944528337e-02
0.0500  4.991779474338682e-02  9.950693072912762e-01  4.950814631565701e+00  4.918536843429474e-02
0.0600  5.985798015743413e-02  9.929023719814799e-01  4.929275601432245e+00  7.072439856774983e-02
0.0700  6.977453561547640e-02  9.903434715685263e-01  4.903900958392002e+00  9.609904160799494e-02
0.0800  7.966354638854051e-02  9.873936162218864e-01  4.874730766778669e+00  1.252692332213279e-01
0.0900  8.952110862138636e-02  9.840539704471429e-01  4.841811083763932e+00  1.581889162360638e-01
0.1000  9.934333087362007e-02  9.803258526262818e-01  4.805193886637232e+00  1.948061133627650e-01
0.1100  1.091263356559064e-01  9.762107344972373e-01  4.764936990738177e+00  2.350630092618189e-01
0.1200  1.188662609606734e-01  9.717102405728997e-01  4.721103958171213e+00  2.788960418287832e-01
0.1300  1.285592617867061e-01  9.668261474998106e-01  4.673763997446628e+00  3.262360025533684e-01
0.1400  1.382015116570254e-01  9.615603833568014e-01  4.622991854206393e+00  3.770081457935997e-01
0.1500  1.477892041294557e-01  9.559150268938521e-01  4.568867693207370e+00  4.311323067926247e-01
0.1600  1.573185542992822e-01  9.498923067114683e-01  4.511476971748171e+00  4.885230282518248e-01
0.1700  1.667858002934065e-01  9.434946003809038e-01  4.450910304739607e+00  5.490896952603890e-01
0.1800  1.761872047554105e-01  9.367244335055740e-01  4.387263321631693e+00  6.127366783683031e-01
0.1900  1.855190563209408e-01  9.295844787240309e-01  4.320636515423142e+00  6.793634845768544e-01
0.2000  1.947776710828329e-01  9.220775546548936e-01  4.251135083991741e+00  7.488649160082552e-01
0.2100  2.039593940453971e-01  9.142066247841503e-01  4.178868763996141e+00  8.211312360038567e-01
0.2200  2.130606005672889e-01  9.059747962952722e-01  4.103951657611300e+00  8.960483423886983e-01
0.2300  2.220776977923992e-01  8.973853188425996e-01  4.026502052371171e+00  9.734979476288260e-01
0.2400  2.310071260681942e-01  8.884415832684864e-01  3.946642234403074e+00  1.053357765596923e+00
0.2500  2.398453603509497e-01  8.791471202647063e-01  3.864498295348630e+00  1.135501704651369e+00
0.2600  2.485889115973215e-01  8.695055989786525e-01  3.780199933276126e+00  1.219800066723872e+00
0.2700  2.572343281417047e-01  8.595208255648797e-01  3.693880247898662e+00  1.306119752101336e+00
0.2800  2.657781970588378e-01  8.491967416825599e-01  3.605675530421382e+00  1.394324469578617e+00
0.2900  2.742171455111126e-01  8.385374229394446e-01  3.515725048349625e+00  1.484274951650373e+00
0.3000  2.825478420800593e-01  8.275470772829500e-01  3.424170825597764e+00  1.575829174402233e+00
0.3100  2.907669980814810e-01  8.162300433389980e-01  3.331157418245913e+00  1.668842581754084e+00
0.3200  2.988713688637170e-01  8.045907886992696e-01  3.236831686298563e+00  1.763168313701431e+00
0.3300  3.068577550885249e-01  7.926339081575479e-01  3.141342561805540e+00  1.858657438194453e+00
0.3400  3.147230039940736e-01  7.803641218958437e-01  3.044840813711356e+00  1.955159186288636e+00
0.3500  3.224640106395495e-01  7.677862736210244e-01  2.947478809804293e+00  2.052521190195699e+00
0.3600  3.300777191308849e-01  7.549053286526780e-01  2.849410276141039e+00  2.150589723858951e+00
0.3700  3.375611238271242e-01  7.417263719629686e-01  2.750790054326741e+00  2.249209945673249e+00
0.3800  3.449112705269516e-01  7.282546061692574e-01  2.651773857033701e+00  2.348226142966290e+00
0.3900  3.521252576349125e-01  7.144953494802807e-01  2.552518022144742e+00  2.447481977855248e+00
0.4000  3.592002373068674e-01  7.004540335966972e-01  2.453179265909415e+00  2.546820734090575e+00
0.4100  3.661334165742275e-01  6.861362015668302e-01  2.353914435502789e+00  2.646085564497201e+00
0.4200  3.729220584465257e-01  6.715475055984568e-01  2.254880261377547e+00  2.745119738622444e+00
0.4300  3.795634829918907e-01  6.566937048275016e-01  2.156233109800349e+00  2.843766890199642e+00
0.4400  3.860550683949956e-01  6.415806630445201e-01  2.058128735963230e+00  2.941871264036761e+00
0.4500  3.923942519920640e-01  6.262143463798677e-01  1.960722038059825e+00  3.039277961940164e+00
0.4600  3.985785312825250e-01  6.106008209484688e-01  1.864166812714720e+00  3.135833187285269e+00
0.4700  4.046054649169184e-01  5.947462504551131e-01  1.768615512152081e+00  3.231384487847908e+00
0.4800  4.104726736606584e-01  5.786568937612300e-01  1.674219003486977e+00  3.325780996513011e+00
0.4900  4.161778413332770e-01  5.623391024140957e-01  1.581126330519454e+00  3.418873669480534e+00
0.5000  4.217187157227761e-01  5.457993181394519e-01  1.489484478407453e+00  3.510515521592537e+00
0.5100  4.270931094747258e-01  5.290440702985252e-01  1.399438141590154e+00  3.600561858409836e+00
0.5200  4.322989009557603e-01  5.120799733104506e-01  1.311129495328159e+00  3.688870504671832e+00
0.5300  4.373340350911285e-01  4.949137240411169e-01  1.224697971221234e+00  3.775302028778757e+00
0.5400  4.421965241759701e-01  4.775520991594653e-01  1.140280037058059e+00  3.859719962941932e+00
0.5500  4.468844486599953e-01  4.600019524622834e-01  1.058008981345564e+00  3.941991018654428e+00
0.5600  4.513959579052604e-01  4.422702121685531e-01  9.780147028580846e-01  4.021985297141906e+00
0.5700  4.557292709167386e-01  4.243638781844177e-01  9.004235055385964e-01  4.099576494461393e+00
0.5800  4.598826770453978e-01  4.062900193398502e-01  8.253578990758791e-01  4.174642100924111e+00
0.5900  4.638545366635085e-01  3.880557705981122e-01  7.529364054724734e-01  4.247063594527518e+00
0.6000  4.676432818119151e-01  3.696683302391060e-01  6.832733719088436e-01  4.316726628091148e+00
0.6100  4.712474168190138e-01  3.511349570177307e-01  6.164787901992178e-01  4.383521209800774e+00
0.6200  4.746655188911950e-01  3.324629672983657e-01  5.526581231241707e-01  4.447341876875819e+00
0.6300  4.778962386745151e-01  3.136597321666113e-01  4.919121379141517e-01  4.508087862085838e+00
0.6400  4.809383007873769e-01  2.947326745194270e-01  4.343367471468725e-01  4.565663252853119e+00
0.6500  4.837905043240078e-01  2.756892661348168e-01  3.800228573097693e-01  4.619977142690222e+00
0.6600  4.864517233285386e-01  2.565370247222180e-01  3.290562252666393e-01  4.670943774733352e+00
0.6700  4.889209072394929e-01  2.372835109547566e-01  2.815173228550806e-01  4.718482677144911e+00
0.6800  4.911970813045150e-01  2.179363254845444e-01  2.374812098285264e-01  4.762518790171465e+00
0.6900  4.932793469651690e-01  1.985031059421909e-01  1.970174153434833e-01  4.802982584656509e+00
0.7000  4.951668822116606e-01  1.789915239217193e-01  1.601898281790970e-01  4.839810171820895e+00
0.7100  4.968589419073394e-01  1.594092819520743e-01  1.270565958623796e-01  4.872943404137611e+00
0.7200  4.983548580828545e-01  1.397641104564177e-01  9.767003285836869e-02  4.902329967141622e+00
0.7300  4.996540401998460e-01  1.200637647004122e-01  7.207653797017971e-02  4.927923462029811e+00
0.7400  5.007559753840708e-01  1.003160217306984e-01  5.031652107936976e-02  4.949683478920618e+00
0.7500  5.016602286278683e-01  8.052867730477338e-02  3.242433934228162e-02  4.967575660657705e+00
0.7600  5.023664429618869e-01  6.070954281348283e-02  1.842824294311052e-02  4.981571757056876e+00
0.7700  5.028743395960036e-01  4.086644219734149e-02  8.350330489343267e-03  4.991649669510640e+00
0.7800  5.031837180293816e-01  2.100720885789967e-02  2.206514119997093e-03  4.997793485879987e+00
0.7900  5.032944561296208e-01  1.139682565374658e-03  6.494381749094808e-06  4.999993505618234e+00
0.8000  5.032065101809723e-01  -1.872829363623196e-02  1.753744912624633e-03  4.998246255087358e+00
0.8100  5.029199149015954e-01  -3.858887652530934e-02  7.445506957427851e-03  4.992554493042551e+00
0.8200  5.024347834298525e-01  -5.843422579888249e-02  1.707279372357392e-02  4.982927206276402e+00
0.8300  5.017513072796455e-01  -7.825650716770538e-02  3.062040457044562e-02  4.969379595429531e+00
0.8400  5.008697562648122e-01  -9.804789544897975e-02  4.806694900987032e-02  4.951933050990108e+00
0.8500  4.997904783926131e-01  -1.178005776554793e-01  6.938488047982300e-02  4.930615119520152e+00
0.8600  4.985138997263498e-01  -1.375067560798591e-01  9.454053983802933e-02  4.905459460161945e+00
0.8700  4.970405242171685e-01  -1.571586513729335e-01  1.234942085067963e-01  4.876505791493179e+00
0.8800  4.953709335051172e-01  -1.767485056147064e-01  1.562001711851594e-01  4.843799828814814e+00
0.8900  4.935057866895338e-01  -1.962685853769422e-01  1.926067880293302e-01  4.807393211970641e+00
0.9000  4.914458200688546e-01  -2.157111847760679e-01  2.326565761874746e-01  4.767343423812499e+00
0.9100  4.891918468499484e-01  -2.350686285152024e-01  2.762863005600912e-01  4.723713699439884e+00
0.9200  4.867447568270893e-01  -2.543332749141098e-01  3.234270736426809e-01  4.676572926357295e+00
0.9300  4.841055160306950e-01  -2.734975189258831e-01  3.740044642930689e-01  4.625995535706909e+00
0.9400  4.812751663459701e-01  -2.925537951391655e-01  4.279386152516441e-01  4.572061384748333e+00
0.9500  4.782548251016041e-01  -3.114945807647257e-01  4.851443692289613e-01  4.514855630771015e+00
0.9600  4.750456846286872e-01  -3.303123986052068e-01  5.455314033616252e-01  4.454468596638351e+00
0.9700  4.716490117900167e-01  -3.489998200068767e-01  6.090043718241616e-01  4.390995628175814e+00
0.9800  4.680661474799818e-01  -3.675494677922162e-01  6.754630563717069e-01  4.324536943628269e+00
0.9900  4.642985060952226e-01  -3.859540191721849e-01  7.448025245758162e-01  4.255197475424161e+00
1.0000  4.603475749762729e-01  -4.042062086370167e-01  8.169132955035573e-01  4.183086704496418e+00
1.0100  4.562149138204075e-01  -4.222988308244039e-01  8.916815125782926e-01  4.108318487421682e+00
1.0200  4.519021540659248e-01  -4.402247433639362e-01  9.689891233492177e-01  4.031010876650757e+00
1.0300  4.474109982481089e-01  -4.579768696966727e-01  1.048714065885816e+00  3.951285934114157e+00
1.0400  4.427432193271252e-01  -4.755482018687344e-01  1.130730461502933e+00  3.869269538497039e+00
1.0500  4.379006599881135e-01  -4.929318032978128e-01  1.214908813512168e+00  3.785091186487803e+00
1.0600  4.328852319137573e-01  -5.101208115115042e-01  1.301116211685778e+00  3.698883788314193e+00
1.0700  4.276989150296143e-01  -5.271084408563871e-01  1.389216542110257e+00  3.610783457889715e+00
1.0800  4.223437567225071e-01  -5.438879851767746e-01  1.479070702098257e+00  3.520929297901718e+00
1.0900  4.168218710322821e-01  -5.604528204620830e-01  1.570536819819519e+00  3.429463180180456e+00
1.1000  4.111354378172573e-01  -5.767964074617727e-01  1.663470478304037e+00  3.336529521695938e+00
1.1100  4.052867018936849e-01  -5.929122942668295e-01  1.757724943463777e+00  3.242275056536197e+00
1.1200  3.992779721495731e-01  -6.087941188567645e-01  1.853151395772922e+00  3.146848604227054e+00
1.1300  3.931116206332120e-01  -6.244356116111301e-01  1.949599165240831e+00  3.050400834759144e+00
1.1400  3.867900816167682e-01  -6.398305977845594e-01  2.046915969306733e+00  2.953084030693239e+00
1.1500  3.803158506353142e-01  -6.549729999443529e-01  2.144948153280526e+00  2.855051846719447e+00
1.1600  3.736914835016731e-01  -6.698568403696463e-01  2.243540932950029e+00  2.756459067049946e+00
1.1700  3.669195952974683e-01  -6.844762434112196e-01  2.342538638971676e+00  2.657461361028298e+00
1.1800  3.600028593407757e-01  -6.988254378110086e-01  2.441784962658739e+00  2.558215037341235e+00
1.1900  3.529440061307857e-01  -7.128987589804070e-01  2.541123202779022e+00  2.458876797220950e+00
1.2000  3.457458222698921e-01  -7.266906512364605e-01  2.640396512972355e+00  2.359603487027618e+00
1.2100  3.384111493636336e-01  -7.401956699950650e-01  2.739448149397216e+00  2.260551850602758e+00
1.2200  3.309428828989215e-01  -7.534084839203108e-01  2.838121718215506e+00  2.161878281784468e+00
1.2300  3.233439711009972e-01  -7.663238770291168e-01  2.936261422524684e+00  2.063738577475288e+00
1.2400  3.156174137695697e-01  -7.789367507503293e-01  3.033712308347403e+00  1.966287691652567e+00
1.2500  3.077662610945945e-01  -7.912421259374699e-01  3.130320509290235e+00  1.869679490709737e+00
1.2600  2.997936124521582e-01  -8.032351448343369e-01  3.225933489485191e+00  1.774066510514780e+00
1.2700  2.917026151809475e-01  -8.149110729926894e-01  3.320400284430482e+00  1.679599715569491e+00
1.2800  2.834964633397840e-01  -8.262653011412489e-01  3.413571739350194e+00  1.586428260649781e+00
1.2900  2.751783964467147e-01  -8.372933470052892e-01  3.505300744696598e+00  1.494699255303378e+00
1.3000  2.667516982001570e-01  -8.479908570760902e-01  3.595442468423210e+00  1.404557531576767e+00
1.3100  2.582196951826038e-01  -8.583536083295594e-01  3.683854584661874e+00  1.316145415338105e+00
1.3200  2.495857555473974e-01  -8.683775098933424e-01  3.770397498442810e+00  1.229602501557169e+00
1.3300  2.408532876890943e-01  -8.780586046617646e-01  3.854934566102825e+00  1.145065433897154e+00
1.3400  2.320257388979433e-01  -8.873930708579657e-01  3.937332311033653e+00  1.062667688966325e+00
1.3500  2.231065939990090e-01  -8.963772235426121e-01  4.017460634429809e+00  9.825393655701692e-01
1.3600  2.140993739764778e-01  -9.050075160685875e-01  4.095193020703173e+00  9.048069792968058e-01
1.3700  2.050076345836894e-01  -9.132805414810942e-01  4.170406737240003e+00  8.295932627599769e-01
1.3800  1.958349649394430e-01  -9.211930338626048e-01  4.242983028184950e+00  7.570169718150283e-01
1.3900  1.865849861111314e-01  -9.287418696221401e-01  4.312807301946141e+00  6.871926980538363e-01
1.4000  1.772613496852629e-01  -9.359240687283593e-01  4.379769312125234e+00  6.202306878747461e-01
1.4100  1.678677363259355e-01  -9.427367958859770e-01  4.443763331586791e+00  5.562366684131869e-01
1.4200  1.584078543218325e-01  -9.491773616550461e-01  4.504688319392170e+00  4.953116806078069e-01
1.4300  1.488854381223116e-01  -9.552432235126586e-01  4.562448080334275e+00  4.375519196657021e-01
1.4400  1.393042468631686e-01  -9.609319868566502e-01  4.616951416821347e+00  3.830485831786286e-01
1.4500  1.296680628826535e-01  -9.662414059509108e-01  4.668112272869964e+00  3.318877271300117e-01
1.4600  1.199806902283290e-01  -9.711693848119258e-01  4.715849869979873e+00  2.841501300201038e-01
1.4700  1.102459531553573e-01  -9.757139780362023e-01  4.760088834676153e+00  2.399111653238228e-01
1.4800  1.004676946168108e-01  -9.798733915682498e-01  4.800759317517323e+00  1.992406824826533e-01
1.4900  9.064977474660105e-02  -9.836459834088142e-01  4.837797103381466e+00  1.622028966185101e-01
1.5000  8.079606933562469e-02  -9.870302642630848e-01  4.871143712856275e+00  1.288562871436987e-01
1.5100  7.091046830172956e-02  -9.900248981286195e-01  4.900746494572917e+00  9.925350542705674e-02
1.5200  6.099687415410326e-02  -9.926287028227532e-01  4.926558708337907e+00  7.344129166206506e-02
1.5300  5.105920045269125e-02  -9.948406504492854e-01  4.948539598931786e+00  5.146040106818556e-02
1.5400  4.110137026325248e-02  -9.966598678042600e-01  4.966654460458025e+00  3.334553954194758e-02
1.5500  3.112731460866248e-02  -9.980856367206762e-01  4.980874691140588e+00  1.912530885938418e-02
1.5600  2.114097091707520e-02  -9.991173943519984e-01  4.991177838483633e+00  8.822161516338748e-03
1.5700  1.114628146755621e-02  -9.997547333943487e-01  4.997547634722026e+00  2.452365277945151e-03
1.5800  1.147191833801055e-03  -9.999974022472974e-01  4.999974022506716e+00  2.597749325477267e-05
1.5900  -8.852350673447171e-03  -9.998453051131866e-01  4.998453170784406e+00  1.546829215565289e-03
1.6000  -1.884839856466585e-02  -9.992985020349473e-01  4.992987480846447e+00  7.012519153523853e-03
1.6100  -2.883700572989148e-02  -9.983572088723972e-01  4.983585582537417e+00  1.641441746255531e-02
1.6200  -3.881422899651376e-02  -9.970217972170259e-01  4.970262320629342e+00  2.973767937062921e-02
1.6300  -4.877612968591000e-02  -9.952927942453035e-01  4.953038731383121e+00  4.696126861685153e-02
1.6400  -5.871877516830556e-02  -9.931708825105674e-01  4.931942009334096e+00  6.805799066587392e-02
1.6500  -6.863824041524634e-02  -9.906568996735745e-01  4.907005464354294e+00  9.299453564567751e-02
1.6600  -7.853060954907057e-02  -9.877518381718189e-01  4.878268469059035e+00  1.217315309409367e-01
1.6700  -8.839197738876804e-02  -9.844568448277508e-01  4.845776396641051e+00  1.542236033589218e-01
1.6800  -9.821845099161688e-02  -9.807732203960491e-01  4.809580549230185e+00  1.904194507697877e-01
1.6900  -1.080061511899888e-01  -9.767024190501261e-01  4.769738076891841e+00  2.302619231081323e-01
1.7000  -1.177512141227167e-01  -9.722460478080680e-01  4.726311887392041e+00  2.736881126079330e-01
1.7100  -1.274497927604192e-01  -9.674058658982368e-01  4.679370546871587e+00  3.206294531283864e-01
1.7200  -1.370980584241814e-01  -9.621837840647854e-01  4.628988171586149e+00  3.710118284138248e-01
1.7300  -1.466922022969909e-01  -9.565818638133585e-01  4.575244310883194e+00  4.247556891167784e-01
1.7400  -1.562284369273327e-01  -9.506023165972786e-01  4.518223821600563e+00  4.817761783994098e-01
1.7500  -1.657029977243507e-01  -9.442475029445363e-01  4.458016734084961e+00  5.419832659150113e-01
1.7600  -1.751121444439837e-01  -9.375199315259333e-01  4.394718110041953e+00  6.052818899580202e-01
1.7700  -1.844521626654904e-01  -9.304222581647399e-01  4.328427892441869e+00  6.715721075581047e-01
1.7800  -1.937193652577802e-01  -9.229572847882652e-01  4.259250747718634e+00  7.407492522813409e-01
1.7900  -2.029100938349707e-01  -9.151279583217476e-01  4.187295900510652e+00  8.127040994893223e-01
1.8000  -2.120207202005985e-01  -9.069373695250070e-01  4.112676961204696e+00  8.873230387952763e-01
1.8100  -2.210476477799104e-01  -8.983887517723141e-01  4.035511746555083e+00  9.644882534448898e-01
1.8200  -2.299873130396733e-01  -8.894854797759605e-01  3.955922093661353e+00  1.044077906338620e+00
1.8300  -2.388361868949393e-01  -8.802310682540342e-01  3.874033667598191e+00  1.125966332401783e+00
1.8400  -2.475907761022119e-01  -8.706291705429247e-01  3.789975763001304e+00  1.210024236998669e+00
1.8500  -2.562476246384636e-01  -8.606835771551065e-01  3.703881099922551e+00  1.296118900077424e+00
1.8600  -2.648033150654595e-01  -8.503982142827695e-01  3.615885614276616e+00  1.384114385723359e+00
1.8700  -2.732544698788492e-01  -8.397771422478880e-01  3.526128243210148e+00  1.473871756789829e+00
1.8800  -2.815977528414941e-01  -8.288245538993393e-01  3.434750705732194e+00  1.565249294267780e+00
1.8900  -2.898298703005044e-01  -8.175447729577059e-01  3.341897278952334e+00  1.658102721047640e+00
1.9000  -2.979475724874635e-01  -8.059422523084123e-01  3.247714570279783e+00  1.752285429720190e+00
1.9100  -3.059476548013302e-01  -7.940215722438737e-01  3.152351285943165e+00  1.847648714056807e+00
1.9200  -3.138269590735092e-01  -7.817874386553467e-01  3.055957996196438e+00  1.944042003803534e+00
1.9300  -3.215823748145918e-01  -7.692446811751996e-01  2.958686897581672e+00  2.041313102418299e+00
1.9400  -3.292108404422747e-01  -7.563982512703318e-01  2.860691572624080e+00  2.139308427375888e+00
1.9500  -3.367093444899718e-01  -7.432532202874994e-01  2.762126747338691e+00  2.237873252661277e+00
1.9600  -3.440749267956411e-01  -7.298147774513135e-01  2.663148046931551e+00  2.336851953068416e+00
1.9700  -3.513046796703602e-01  -7.160882278157060e-01  2.563911750081192e+00  2.436088249918773e+00
1.9800  -3.583957490461852e-01  -7.020789901696696e-01  2.464574542188315e+00  2.535425457811651e+00
1.9900  -3.653453356028425e-01  -6.877925948980980e-01  2.365293267983295e+00  2.634706732016670e+00
2.0000  -3.721506958728087e-01  -6.732346817985730e-01  2.266224683882129e+00  2.733775316117837e+00
2.0100  -3.788091433243405e-01  -6.584109978549582e-01  2.167525210481809e+00  2.832474789518158e+00
2.0200  -3.853180494220292e-01  -6.433273949686789e-01  2.069350685585932e+00  2.930649314414034e+00
2.0300  -3.916748446644596e-01  -6.279898276485855e-01  1.971856118150501e+00  3.028143881849466e+00
2.0400  -3.978770195985641e-01  -6.124043506603088e-01  1.875195443538373e+00  3.124804556461594e+00
2.0500  -4.039221258102728e-01  -5.965771166360393e-01  1.779521280468852e+00  3.220478719531114e+00
2.0600  -4.098077768910657e-01  -5.805143736456695e-01  1.684984690046120e+00  3.315015309953846e+00
2.0700  -4.155316493800487e-01  -5.642224627302637e-01  1.591734937247019e+00  3.408265062752946e+00
2.0800  -4.210914836811790e-01  -5.477078153988227e-01  1.499919255244754e+00  3.500080744755211e+00
2.0900  -4.264850849552791e-01  -5.309769510893372e-01  1.409682612940642e+00  3.590317387059323e+00
2.1000  -4.317103239864873e-01  -5.140364745951285e-01  1.321167486070941e+00  3.678832513929025e+00
2.1100  -4.367651380228009e-01  -4.968930734574934e-01  1.234513632250170e+00  3.765486367749795e+00
2.1200  -4.416475315903841e-01  -4.795535153256844e-01  1.149857870306107e+00  3.850142129693858e+00
2.1300  -4.463555772813138e-01  -4.620246452852642e-01  1.067333864254871e+00  3.932666135745093e+00
2.1400  -4.508874165144576e-01  -4.443133831558926e-01  9.870719122571753e-01  4.012928087742788e+00
2.1500  -4.552412602691801e-01  -4.264267207596092e-01  9.091987408889685e-01  4.090801259110994e+00
2.1600  -4.594153897915890e-01  -4.083717191606929e-01  8.338373050512990e-01  4.166162694948664e+00
2.1700  -4.634081572730428e-01  -3.901555058781867e-01  7.611065938353189e-01  4.238893406164645e+00
2.1800  -4.672179865006507e-01  -3.717852720721886e-01  6.911214426489565e-01  4.308878557351008e+00
2.1900  -4.708433734795104e-01  -3.532682697050181e-01  6.239923519018872e-01  4.376007648098078e+00
2.2000  -4.742828870264346e-01  -3.346118086783816e-01  5.598253125350894e-01  4.440174687464875e+00
2.2100  -4.775351693349359e-01  -3.158232539476637e-01  4.987216386704524e-01  4.501278361329512e+00
2.2200  -4.805989365112432e-01  -2.969100226144857e-01  4.407778076446719e-01  4.559222192355293e+00
2.2300  -4.834729790811413e-01  -2.778795809986789e-01  3.860853076800068e-01  4.613914692319958e+00
2.2400  -4.861561624674308e-01  -2.587394416908280e-01  3.347304934324068e-01  4.665269506567559e+00
2.2500  -4.886474274378220e-01  -2.394971605865476e-01  2.867944496450928e-01  4.713205550354873e+00
2.2600  -4.909457905230852e-01  -2.201603339036643e-01  2.423528631228647e-01  4.757647136877101e+00
2.2700  -4.930503444052913e-01  -2.007365951834801e-01  2.014759032292817e-01  4.798524096770683e+00
2.2800  -4.949602582759915e-01  -1.812336122773024e-01  1.642281110953979e-01  4.835771888904567e+00
2.2900  -4.966747781641928e-01  -1.616590843194294e-01  1.306682977149820e-01  4.869331702284982e+00
2.3000  -4.981932272340009e-01  -1.420207386877853e-01  1.008494510871210e-01  4.899150548912840e+00
2.3100  -4.995150060518130e-01  -1.223263279534069e-01  7.481865255282234e-02  4.925181347447140e+00
2.3200  -5.006395928229537e-01  -1.025836268199842e-01  5.261700245770887e-02  4.947382997542253e+00
2.3300  -5.015665435976630e-01  -8.280042905466338e-02  3.427955525818172e-02  4.965720444741779e+00
2.3400  -5.022954924463527e-01  -6.298454441132544e-02  1.983526417351113e-02  4.980164735826448e+00
2.3500  -5.028261516040637e-01  -4.314379554755236e-02  9.306935471244997e-03  4.990693064528713e+00
2.3600  -5.031583115840655e-01  -2.328601493650019e-02  2.711192458114550e-03  4.997288807541843e+00
2.3700  -5.032918412605552e-01  -3.419041774896958e-03  5.844923329245269e-05  4.999941550766663e+00
2.3800  -5.032266879204212e-01  1.644928111161359e-02  1.352894245444438e-03  4.998647105754513e+00
2.3900  -5.029628772840530e-01  3.631111036456083e-02  6.592483679536586e-03  4.993407516320420e+00
2.4000  -5.025005134951873e-01  5.615860518894648e-02  1.576894468383984e-02  4.984231055316115e+00
2.4100  -5.018397790797962e-01  7.598393044853176e-02  2.886778843203656e-02  4.971132211567922e+00
2.4200  -5.009809348740303e-01  9.577925975889080e-02  4.586833299980540e-02  4.954131667000153e+00
2.4300  -4.999243199212512e-01  1.155367785770090e-01  6.674373601976399e-02  4.933256263980193e+00
2.4400  -4.986703513381873e-01  1.352486872862067e-01  9.146103706321064e-02  4.908538962936745e+00
2.4500  -4.972195241502702e-01  1.549072042751709e-01  1.199812096817476e-01  4.880018790318209e+00
2.4600  -4.955724110962144e-01  1.745045690098782e-01  1.522592230266168e-01  4.847740776973340e+00
2.4700  -4.937296624019195e-01  1.940330450971983e-01  1.882441129484570e-01  4.811755887051500e+00
2.4800  -4.916920055237827e-01  2.134849233389662e-01  2.278790624652214e-01  4.772120937534736e+00
2.4900  -4.894602448615223e-01  2.328525247753195e-01  2.711014914712039e-01  4.728898508528754e+00
2.5000  -4.870352614406277e-01  2.521282037160986e-01  3.178431555455326e-01  4.682156844454425e+00
2.5100  -4.844180125645596e-01  2.713043507591128e-01  3.680302537041186e-01  4.631969746295840e+00
2.5200  -4.816095314368377e-01  2.903733957940816e-01  4.215835449249317e-01  4.578416455075025e+00
2.5300  -4.786109267531668e-01  3.093278109910638e-01  4.784184732626165e-01  4.521581526737340e+00
2.5400  -4.754233822637599e-01  3.281601137721973e-01  5.384453013549073e-01  4.461554698645050e+00
2.5500  -4.720481563060323e-01  3.468628697655733e-01  6.015692521100453e-01  4.398430747889913e+00
2.5600  -4.684865813078520e-01  3.654286957400816e-01  6.676906583514856e-01  4.332309341648472e+00
2.5700  -4.647400632615413e-01  3.838502625200664e-01  7.367051201836196e-01  4.263294879816338e+00
2.5800  -4.608100811688367e-01  4.021202978786433e-01  8.085036698300444e-01  4.191496330169915e+00
2.5900  -4.566981864570284e-01  4.202315894085342e-01  8.829729436841142e-01  4.117027056315845e+00
2.6000  -4.524060023665079e-01  4.381769873692881e-01  9.599953613001263e-01  4.040004638699833e+00
2.6100  -4.479352233099658e-01  4.559494075097627e-01  1.039449311042518e+00  3.960550688957442e+00
2.6200  -4.432876142034941e-01  4.735418338647531e-01  1.121209342099967e+00  3.878790657899992e+00
2.6300  -4.384650097698555e-01  4.909473215246633e-01  1.205146362561206e+00  3.794853637438753e+00
2.6400  -4.334693138141951e-01  5.081589993771275e-01  1.291127843239817e+00  3.708872156760142e+00
2.6500  -4.283024984724808e-01  5.251700728194989e-01  1.379018026926189e+00  3.620981973073771e+00
2.6600  -4.229666034329697e-01  5.419738264411337e-01  1.468678142736221e+00  3.531321857263740e+00
2.6700  -4.174637351310059e-01  5.585636266744148e-01  1.559966625218375e+00  3.440033374781585e+00
2.6800  -4.117960659174694e-01  5.749329244134652e-01  1.652739337873097e+00  3.347260662126864e+00
2.6900  -4.059658332012039e-01  5.910752575995186e-01  1.746849800731686e+00  3.253150199268274e+00
2.7000  -3.999753385657615e-01  6.069842537719276e-01  1.842149421635319e+00  3.157850578364642e+00
2.7100  -3.938269468608130e-01  6.226536325837998e-01  1.938487730849008e+00  3.061512269150954e+00
2.7200  -3.875230852685840e-01  6.380772082812730e-01  2.035712618640115e+00  2.964287381359846e+00
2.7300  -3.810662423456829e-01  6.532488921454462e-01  2.133670575446264e+00  2.866329424553699e+00
2.7400  -3.744589670407008e-01  6.681626948960043e-01  2.232206934253455e+00  2.767793065746507e+00
2.7500  -3.677038676879714e-01  6.828127290555900e-01  2.331166114801713e+00  2.668833885198250e+00
2.7600  -3.608036109778854e-01  6.971932112739839e-01  2.430391869232650e+00  2.569608130767314e+00
2.7700  -3.537609209041704e-01  7.112984646111812e-01  2.529727528791119e+00  2.470272471208844e+00
2.7800  -3.465785776885472e-01  7.251229207784607e-01  2.629016251191429e+00  2.370983748808534e+00
2.7900  -3.392594166831903e-01  7.386611223365607e-01  2.728101268257538e+00  2.271898731742426e+00
2.8000  -3.318063272514242e-01  7.519077248500967e-01  2.826826133446243e+00  2.173173866553719e+00
2.8100  -3.242222516270982e-01  7.648574989973681e-01  2.925034968862545e+00  2.074965031137420e+00
2.8200  -3.165101837530898e-01  7.775053326347208e-01  3.022572711377139e+00  1.977427288622827e+00
2.8300  -3.086731680993942e-01  7.898462328146544e-01  3.119285357457506e+00  1.880714642542459e+00
2.8400  -3.007142984612685e-01  8.018753277568726e-01  3.215020206325960e+00  1.784979793674004e+00
2.8500  -2.926367167379031e-01  8.135878687715014e-01  3.309626101060769e+00  1.690373898939195e+00
2.8600  -2.844436116921038e-01  8.249792321337147e-01  3.402953667259668e+00  1.597046332740298e+00
2.8700  -2.761382176914731e-01  8.360449209090290e-01  3.494855548888923e+00  1.505144451111044e+00
2.8800  -2.677238134315887e-01  8.467805667285444e-01  3.585186640945574e+00  1.414813359054393e+00
2.8900  -2.592037206416830e-01  8.571819315134329e-01  3.673804318565498e+00  1.326195681434471e+00
2.9000  -2.505813027733333e-01  8.672449091479913e-01  3.760568662215539e+00  1.239431337784429e+00
2.9100  -2.418599636726828e-01  8.769655271006017e-01  3.845342678614181e+00  1.154657321385786e+00
2.9200  -2.330431462367137e-01  8.863399479919544e-01  3.927992517031902e+00  1.072007482968063e+00
2.9300  -2.241343310541057e-01  8.953644711099198e-01  4.008387680629732e+00  9.916123193702330e-01
2.9400  -2.151370350312137e-01  9.040355338704668e-01  4.086401232502300e+00  9.135987674976657e-01
2.9500  -2.060548100037100e-01  9.123497132240536e-01  4.161909996100063e+00  8.380900038999016e-01
2.9600  -1.968912413344360e-01  9.203037270069346e-01  4.234794749714273e+00  7.652052502856923e-01
2.9700  -1.876499464980199e-01  9.278944352368512e-01  4.304940414717575e+00  6.950595852823896e-01
2.9800  -1.783345736528165e-01  9.351188413525919e-01  4.372236237263071e+00  6.277637627368948e-01
2.9900  -1.689488002007348e-01  9.419740933969369e-01  4.436575963154906e+00  5.634240368450574e-01
3.0000  -1.594963313355211e-01  9.484574851425164e-01  4.497858005614333e+00  5.021419943856297e-01
3.0100  -1.499808985800707e-01  9.545664571601397e-01  4.555985605676304e+00  4.440143943236602e-01
3.0200  -1.404062583133459e-01  9.602985978291730e-01  4.610866984963379e+00  3.891330150365824e-01
3.0300  -1.307761902874809e-01  9.656516442895695e-01  4.662415490595746e+00  3.375845094042143e-01
3.0400  -1.210944961356613e-01  9.706234833351698e-01  4.710549732008493e+00  2.894502679914687e-01
3.0500  -1.113649978713640e-01  9.752121522479266e-01  4.755193709460166e+00  2.448062905397961e-01
3.0600  -1.015915363795525e-01  9.794158395727218e-01  4.796276934029698e+00  2.037230659702656e-01
3.0700  -9.177796990042229e-02  9.832328858324682e-01  4.833734538912217e+00  1.662654610877463e-01
3.0800  -8.192817250629512e-02  9.866617841832170e-01  4.867507381838045e+00  1.324926181619173e-01
3.0900  -7.204603257226255e-02  9.897011810090102e-01  4.897542138453148e+00  1.024578615468160e-01
3.1000  -6.213545124118419e-02  9.923498764562425e-01  4.923791386513598e+00  7.620861348636475e-02
3.1100  -5.220034088364482e-02  9.946068249073253e-01  4.946213680761154e+00  5.378631923881019e-02
3.1200  -4.224462355347985e-02  9.964711353934608e-01  4.964773618361664e+00  3.522638163829977e-02
3.1300  -3.227222943947766e-02  9.979420719463681e-01  4.979441894803051e+00  2.055810519691427e-02
3.1400  -2.228709531387078e-02  9.990190538888184e-01  4.990195350164549e+00  9.804649835416006e-03
3.1500  -1.229316297822806e-02  9.997016560638676e-01  4.997017005684198e+00  2.982994315767117e-03
3.1600  -2.294377707361415e-03  9.999896090026946e-01  4.999896090566810e+00  1.039094331550268e-04
3.1700  7.705313308138461e-03  9.998827990309778e-01  4.998828058990114e+00  1.171941009852427e-03
3.1800  1.770196252012279e-02  9.993812683137705e-01  4.993814597282203e+00  6.185402717762982e-03
3.1900  2.769162358124648e-02  9.984852148388556e-01  4.984863621258977e+00  1.513637874098535e-02
3.2000  3.767035290285588e-02  9.971949923385870e-01  4.971989263725773e+00  2.801073627419155e-02
3.2100  4.763421121178750e-02  9.955111101502463e-01  4.955211852162879e+00  4.478814783708589e-02
3.2200  5.757926510546305e-02  9.934342330149744e-01  4.934557876630252e+00  6.544212336971166e-02
3.2300  6.750158860466712e-02  9.909651808153538e-01  4.910059947942034e+00  8.994005205793040e-02
3.2400  7.739726470339420e-02  9.881049282517449e-01  4.881756746176929e+00  1.182432538230343e-01
3.2500  8.726238691515351e-02  9.848546044575077e-01  4.849692959605770e+00  1.503070403941952e-01
3.2600  9.709306081512088e-02  9.812154925532559e-01  4.813919214132643e+00  1.860807858673201e-01
3.2700  1.068854055775293e-01  9.771890291403248e-01  4.774491993361052e+00  2.255080066389102e-01
3.2800  1.166355555076909e-01  9.727768037336469e-01  4.731473549411251e+00  2.685264505887116e-01
3.2900  1.263396615680457e-01  9.679805581342650e-01  4.684931804629616e+00  3.150681953703478e-01
3.3000  1.359938928976345e-01  9.628021857417255e-01  4.634940244345221e+00  3.650597556547424e-01
3.3100  1.455944383243968e-01  9.572437308066282e-01  4.581577800842962e+00  4.184221991570016e-01
3.3200  1.551375078696954e-01  9.513073876236220e-01  4.524928728736401e+00  4.750712712635631e-01
3.3300  1.646193342444753e-01  9.449954996651708e-01  4.465082471937129e+00  5.349175280628342e-01
3.3400  1.740361743364648e-01  9.383105586564279e-01  4.402133522430689e+00  5.978664775692750e-01
3.3500  1.833843106878329e-01  9.312552035915842e-01  4.336181271082015e+00  6.638187289179485e-01
3.3600  1.926600529627192e-01  9.238322196920815e-01  4.267329850705992e+00  7.326701492939719e-01
3.3700  2.018597394040563e-01  9.160445373070980e-01  4.195687971650877e+00  8.043120283490873e-01
3.3800  2.109797382791115e-01  9.078952307567438e-01  4.121368750154205e+00  8.786312498457592e-01
3.3900  2.200164493131740e-01  8.993875171184202e-01  4.044489529742183e+00  9.555104702577835e-01
3.4000  2.289663051108257e-01  8.905247549568237e-01  3.965171695954555e+00  1.034828304045411e+00
3.4100  2.378257725642303e-01  8.813104429980961e-01  3.883540484687503e+00  1.116459515312463e+00
3.4200  2.465913542478883e-01  8.717482187486423e-01  3.799724784457153e+00  1.200275215542811e+00
3.4300  2.552595897993051e-01  8.618418570591626e-01  3.713856932895930e+00  1.286143067104033e+00
3.4400  2.638270572850278e-01  8.515952686344668e-01  3.626072507803049e+00  1.373927492196915e+00
3.4500  2.722903745515118e-01  8.410124984896562e-01  3.536510113079070e+00  1.463489886920893e+00
3.4600  2.806462005602836e-01  8.300977243532854e-01  3.445311159882515e+00  1.554688840117449e+00
3.4700  2.888912367068718e-01  8.188552550181332e-01  3.352619643354059e+00  1.647380356645904e+00
3.4800  2.970222281229886e-01  8.072895286402330e-01  3.258581915260848e+00  1.741418084739117e+00
3.4900  3.050359649614433e-01  7.954051109868349e-01  3.163346452919896e+00  1.836653547080068e+00
3.5000  3.129292836632848e-01  7.832066936339923e-01  3.067063624765451e+00  1.932936375234513e+00
3.5100  3.206990682066698e-01  7.706990921144815e-01  2.969885452930430e+00  2.030114547069534e+00
3.5200  3.283422513369660e-01  7.578872440167889e-01  2.871965373216818e+00  2.128034626783147e+00
3.5300  3.358558157776024e-01  7.447762070359130e-01  2.773457992834005e+00  2.226542007165959e+00
3.5400  3.432367954211911e-01  7.313711569767548e-01  2.674518846287585e+00  2.325481153712379e+00
3.5500  3.504822765004484e-01  7.176773857108795e-01  2.575304149804012e+00  2.424695850195951e+00
3.5600  3.575893987384540e-01  7.037002990874601e-01  2.475970554678904e+00  2.524029445321057e+00
3.5700  3.645553564777940e-01  6.894454147992278e-01  2.376674899938397e+00  2.623325100061564e+00
3.5800  3.713773997881422e-01  6.749183602042674e-01  2.277573964704086e+00  2.722426035295874e+00
3.5900  3.780528355518410e-01  6.601248701045227e-01  2.178824220652565e+00  2.821175779347394e+00
3.6000  3.845790285270568e-01  6.450707844818858e-01  2.080581584960378e+00  2.919418415039581e+00
3.6100  3.909534023880851e-01  6.297620461927648e-01  1.983001174124490e+00  3.016998825875467e+00
3.6200  3.971734407423998e-01  6.142046986220403e-01  1.886237059046957e+00  3.113762940953000e+00
3.6300  4.032366881240418e-01  5.984048832973365e-01  1.790442021770495e+00  3.209557978229462e+00
3.6400  4.091407509629558e-01  5.823688374645480e-01  1.695767314249046e+00  3.304232685750911e+00
3.6500  4.148832985298928e-01  5.661028916255817e-01  1.602362419534225e+00  3.397637580465732e+00
3.6600  4.204620638565053e-01  5.496134670392828e-01  1.510374815754704e+00  3.489625184245253e+00
3.6700  4.258748446302714e-01  5.329070731865345e-01  1.419949743261192e+00  3.580050256738764e+00
3.6800  4.311195040638955e-01  5.159903052005287e-01  1.331229975304674e+00  3.668770024695282e+00
3.6900  4.361939717388411e-01  4.988698412632255e-01  1.244355592609979e+00  3.755644407389977e+00
3.7000  4.410962444226637e-01  4.815524399690269e-01  1.159463762200616e+00  3.840536237799340e+00
3.7100  4.458243868598212e-01  4.640449376567076e-01  1.076688520824088e+00  3.923311479175868e+00
3.7200  4.503765325356486e-01  4.463542457106527e-01  9.961605633196288e-01  4.003839436680328e+00
3.7300  4.547508844131967e-01  4.284873478324722e-01  9.180070362625302e-01  4.081992963737425e+00
3.7400  4.589457156426430e-01  4.104512972840653e-01  8.423513372108605e-01  4.157648662789097e+00
3.7500  4.629593702429947e-01  3.922532141032253e-01  7.693129198715535e-01  4.230687080128404e+00
3.7600  4.667902637558157e-01  3.739002822928840e-01  6.990071054934919e-01  4.300992894506465e+00
3.7700  4.704368838707187e-01  3.553997469851042e-01  6.315449007853804e-01  4.368455099214578e+00
3.7800  4.738977910223747e-01  3.367589115809400e-01  5.670328226458968e-01  4.432967177354060e+00
3.7900  4.771716189588068e-01  3.179851348672958e-01  5.055727299828614e-01  4.494427270017094e+00
3.8000  4.802570752807410e-01  2.990858281119193e-01  4.472616628869627e-01  4.552738337112994e+00
3.8100  4.831529419518025e-01  2.800684521376781e-01  3.921916894139745e-01  4.607808310585982e+00
3.8200  4.858580757793567e-01  2.609405143772724e-01  3.404497602173776e-01  4.659550239782579e+00
3.8300  4.883714088658042e-01  2.417095659095483e-01  2.921175712609113e-01  4.707882428739045e+00
3.8400  4.906919490301507e-01  2.223831984785812e-01  2.472714348278203e-01  4.752728565172135e+00
3.8500  4.928187801996879e-01  2.029690414967057e-01  2.059821590304573e-01  4.794017840969498e+00
3.8600  4.947510627716291e-01  1.834747590326751e-01  1.683149360104910e-01  4.831685063989465e+00
3.8700  4.964880339445554e-01  1.639080467861397e-01  1.343292390062368e-01  4.865670760993717e+00
3.8800  4.980290080195465e-01  1.442766290496389e-01  1.040787284496355e-01  4.895921271550318e+00
3.8900  4.993733766708701e-01  1.245882556593050e-01  7.761116724114167e-02  4.922388832758813e+00
3.9000  5.005206091861298e-01  1.048506989354835e-01  5.496834533629697e-02  4.945031654663657e+00
3.9100  5.014702526757729e-01  8.507175061447771e-02  3.618601376305944e-02  4.963813986236890e+00
3.9200  5.022219322518764e-01  6.525921877262804e-02  2.129382817406864e-02  4.978706171825881e+00
3.9300  5.027753511761394e-01  4.542092474394105e-02  1.031530202297378e-02  4.989684697976980e+00
3.9400  5.031302909770262e-01  2.556470003248487e-02  3.267769438754660e-03  4.996732230561200e+00
3.9500  5.032866115360123e-01  5.698383220769702e-03  1.623578566537484e-04  4.999837642143303e+00
3.9600  5.032442511428974e-01  -1.417018312466600e-02  1.003970448932845e-03  4.998996029551026e+00
3.9700  5.030032265201674e-01  -3.403315554924205e-02  5.791278383194525e-03  4.994208721616766e+00
3.9800  5.025636328163925e-01  -5.388269280667370e-02  1.451672292049183e-02  4.985483277079467e+00
3.9900  5.019256435686660e-01  -7.371095895443702e-02  2.716652734991350e-02  4.972833472650046e+00
4.0000  5.010895106340972e-01  -9.351012644714048e-02  4.372071874080100e-02  4.956279281259159e+00
4.0100  5.000555640903870e-01  -1.132723792265816e-01  6.415315947825262e-02  4.935846840521709e+00
4.0200  4.988242121055233e-01  -1.329899158072692e-01  8.843158853212275e-02  4.911568411467838e+00
4.0300  4.973959407766507e-01  -1.526549523561920e-01  1.165176723943563e-01  4.883482327605605e+00
4.0400  4.957713139381749e-01  -1.722597257656197e-01  1.483670656042324e-01  4.851632934395728e+00
4.0500  4.939509729391794e-01  -1.917964967177212e-01  1.839294807659543e-01  4.816070519234005e+00
4.0600  4.919356363902422e-01  -2.112575527397928e-01  2.231487679480316e-01  4.776851232051928e+00
4.0700  4.897260998797522e-01  -2.306352112488870e-01  2.659630033390937e-01  4.734036996660866e+00
4.0800  4.873232356598368e-01  -2.499218225846439e-01  3.123045870201511e-01  4.687695412979809e+00
4.0900  4.847279923020255e-01  -2.691097730291237e-01  3.621003496989323e-01  4.637899650301028e+00
4.1000  4.819413943227855e-01  -2.881914878124523e-01  4.152716682377742e-01  4.584728331762186e+00
4.1100  4.789645417790766e-01  -3.071594341030900e-01  4.717345897926526e-01  4.528265410207308e+00
4.1200  4.757986098340841e-01  -3.260061239815453e-01  5.313999643673534e-01  4.468600035632607e+00
4.1300  4.724448482933039e-01  -3.447241173963577e-01  5.941735855734890e-01  4.405826414426470e+00
4.1400  4.689045811111605e-01  -3.633060251011859e-01  6.599563393741175e-01  4.340043660625842e+00
4.1500  4.651792058683528e-01  -3.817445115718374e-01  7.286443605761034e-01  4.271355639423854e+00
4.1600  4.612701932201365e-01  -4.000322979020918e-01  8.001291968241397e-01  4.199870803175818e+00
4.1700  4.571790863157564e-01  -4.181621646771734e-01  8.742979798374974e-01  4.125702020162461e+00
4.1800  4.529075001892635e-01  -4.361269548237368e-01  9.510336036191289e-01  4.048966396380828e+00
4.1900  4.484571211219519e-01  -4.539195764352447e-01  1.030214909355760e+00  3.969785090644198e+00
4.2000  4.438297059766705e-01  -4.715330055716176e-01  1.111716876717016e+00  3.888283123282940e+00
4.2100  4.390270815042724e-01  -4.889602890320545e-01  1.195410821251551e+00  3.804589178748405e+00
4.2200  4.340511436224730e-01  -5.061945470999263e-01  1.281164597568497e+00  3.718835402431460e+00
4.2300  4.289038566674045e-01  -5.232289762586619e-01  1.368842807983437e+00  3.631157192016521e+00
4.2400  4.235872526181611e-01  -5.400568518775516e-01  1.458307016299458e+00  3.541692983700500e+00
4.2500  4.181034302946403e-01  -5.566715308664093e-01  1.549415966385758e+00  3.450584033614200e+00
4.2600  4.124545545289980e-01  -5.730664542980458e-01  1.642025805208671e+00  3.357974194791287e+00
4.2700  4.066428553110449e-01  -5.892351499975169e-01  1.735990309962981e+00  3.264009690036977e+00
4.2800  4.006706269079189e-01  -6.051712350971240e-01  1.831161118944893e+00  3.168838881055064e+00
4.2900  3.945402269583851e-01  -6.208684185561608e-01  1.927387965802141e+00  3.072612034197816e+00
4.3000  3.882540755421177e-01  -6.363205036444068e-01  2.024518916791358e+00  2.975481083208597e+00
4.3100  3.818146542243316e-01  -6.515213903883942e-01  2.122400610668132e+00  2.877599389331822e+00
4.3200  3.752245050761432e-01  -6.664650779794746e-01  2.220878500830936e+00  2.779121499169017e+00
4.3300  3.684862296710440e-01  -6.811456671427411e-01  2.319797099336649e+00  2.680202900663303e+00
4.3400  3.616024880578856e-01  -6.955573624658667e-01  2.419000222402365e+00  2.580999777597587e+00
4.3500  3.545759977107799e-01  -7.096944746869430e-01  2.518331237005880e+00  2.481668762994073e+00
4.3600  3.474095324563301e-01  -7.235514229404117e-01  2.617633308195473e+00  2.382366691804479e+00
4.3700  3.401059213786151e-01  -7.371227369602081e-01  2.716749646718541e+00  2.283250353281411e+00
4.3800  3.326680477023614e-01  -7.504030592392398e-01  2.815523756578050e+00  2.184476243421903e+00
4.3900  3.250988476547397e-01  -7.633871471443544e-01  2.913799682125981e+00  2.086200317873973e+00
4.4000  3.174013093062404e-01  -7.760698749859591e-01  3.011422254303611e+00  1.988577745696343e+00
4.4100  3.095784713910816e-01  -7.884462360414725e-01  3.108237335639827e+00  1.891762664360128e+00
4.4200  3.016334221076168e-01  -8.005113445318142e-01  3.204092063620664e+00  1.795907936379291e+00
4.4300  2.935692978992162e-01  -8.122604375501492e-01  3.298835092045799e+00  1.701164907954155e+00
4.4400  2.853892822161026e-01  -8.236888769421263e-01  3.392316829990907e+00  1.607683170009047e+00
4.4500  2.770966042586300e-01  -8.347921511368687e-01  3.484389677998603e+00  1.515610322001352e+00
4.4600  2.686945377025017e-01  -8.455658769279923e-01  3.574908261125023e+00  1.425091738874929e+00
4.4700  2.601863994064316e-01  -8.560058012039529e-01  3.663729658474106e+00  1.336270341525846e+00
4.4800  2.515755481027573e-01  -8.661078026270324e-01  3.750713628857132e+00  1.249286371142819e+00
4.4900  2.428653830715238e-01  -8.758678932603079e-01  3.835722832221251e+00  1.164277167778701e+00
4.5000  2.340593427985592e-01  -8.852822201419579e-01  3.918623046497370e+00  1.081376953502581e+00
4.5100  2.251609036180746e-01  -8.943470668062841e-01  3.999283379525020e+00  1.000716620474931e+00
4.5200  2.161735783403219e-01  -9.030588547508493e-01  4.077576475719578e+00  9.224235242803743e-01
4.5300  2.071009148648520e-01  -9.114141448491525e-01  4.153378717155560e+00  8.466212828443922e-01
4.5400  1.979464947799210e-01  -9.194096387082825e-01  4.226570418748473e+00  7.734295812514791e-01
4.5500  1.887139319485976e-01  -9.270421799710147e-01  4.297036017227056e+00  7.029639827728975e-01
4.5600  1.794068710821292e-01  -9.343087555618362e-01  4.364664253597535e+00  6.353357464024185e-01
4.5700  1.700289863011298e-01  -9.412064968764096e-01  4.429348348811814e+00  5.706516511881395e-01
4.5800  1.605839796851585e-01  -9.477326809140025e-01  4.490986172362213e+00  5.090138276377404e-01
4.5900  1.510755798112608e-01  -9.538847313524392e-01  4.549480403536576e+00  4.505195964633772e-01
4.6000  1.415075402820493e-01  -9.596602195651468e-01  4.604738685079129e+00  3.952613149208238e-01
4.6100  1.318836382439049e-01  -9.650568655798974e-01  4.656673769014481e+00  3.433262309854703e-01
4.6200  1.222076728958845e-01  -9.700725389788661e-01  4.705203654404519e+00  2.947963455954323e-01
4.6300  1.124834639899223e-01  -9.747052597396491e-01  4.750251716820683e+00  2.497482831792668e-01
4.6400  1.027148503229176e-01  -9.789531990169116e-01  4.791746829327225e+00  2.082531706727269e-01
4.6500  9.290568822130466e-02  -9.828146798643554e-01  4.829623474784378e+00  1.703765252155741e-01
4.6600  8.305985001870216e-02  -9.862881778967224e-01  4.863821849294184e+00  1.361781507057672e-01
4.6700  7.318122252724353e-02  -9.893723218915713e-01  4.894287956625595e+00  1.057120433743568e-01
4.6800  6.327370550319186e-02  -9.920658943305909e-01  4.920973693469776e+00  7.902630653017773e-02
4.6900  5.334121010744465e-02  -9.943678318802361e-01  4.943836925391007e+00  5.616307460894648e-02
4.7000  4.338765736153663e-02  -9.962772258114974e-01  4.962841553353266e+00  3.715844664668701e-02
4.7100  3.341697659974972e-02  -9.977933223586367e-01  4.977957570717432e+00  2.204242928252161e-02
4.7200  2.343310391794151e-02  -9.989155230167495e-01  4.989161110619130e+00  1.083888938082214e-02
4.7300  1.343998061970445e-02  -9.996433847780345e-01  4.996434483652428e+00  3.565516347526480e-03
4.7400  3.441551660469193e-03  -9.999766203066786e-01  4.999766205799836e+00  2.337942001194972e-04
4.7500  -6.558235909833662e-03  -9.999150980522875e-01  4.999151016564579e+00  8.489834353776380e-04
4.7600  -1.655543450493869e-02  -9.994588423018178e-01  4.994589887276450e+00  5.410112723506344e-03
4.7700  -2.654609756062246e-02  -9.986080331699891e-01  4.986090019558171e+00  1.390998044178451e-02
4.7800  -3.652628109267691e-02  -9.973630065281809e-01  4.973664833954660e+00  2.633516604529455e-02
4.7900  -4.649204525386424e-02  -9.957242538718409e-01  4.957333948743171e+00  4.266605125678460e-02
4.8000  -5.643945588923856e-02  -9.936924221264596e-01  4.937123148957750e+00  6.287685104220599e-02
4.8100  -6.636458608922061e-02  -9.912683133921851e-01  4.913064345676936e+00  8.693565432301835e-02
4.8200  -7.626351773981199e-02  -9.884528846271808e-01  4.885195525638974e+00  1.148044743609812e-01
4.8300  -8.613234306933737e-02  -9.852472472698492e-01  4.853560691264077e+00  1.464393087358783e-01
4.8400  -9.596716619110392e-02  -9.816526668000733e-01  4.818209791178479e+00  1.817902088214772e-01
4.8500  -1.057641046413687e-01  -9.776705622396465e-01  4.779198641349932e+00  2.208013586500236e-01
4.8600  -1.155192909120074e-01  -9.733025055920898e-01  4.736588836959200e+00  2.634111630407556e-01
4.8700  -1.252288739772789e-01  -9.685502212220769e-01  4.690447655146670e+00  3.095523448532860e-01
4.8800  -1.348890208140834e-01  -9.634155851747112e-01  4.640847948787655e+00  3.591520512123008e-01
4.8900  -1.444959179151130e-01  -9.579006244349259e-01  4.587868031464104e+00  4.121319685358530e-01
4.9000  -1.540457727942991e-01  -9.520075161272965e-01  4.531591553814324e+00  4.684084461856345e-01
4.9100  -1.635348154839607e-01  -9.457385866565845e-01  4.472107371455970e+00  5.278926285439891e-01
4.9200  -1.729593000230630e-01  -9.390963107893490e-01  4.409509404690827e+00  5.904905953091325e-01
4.9300  -1.823155059359996e-01  -9.320833106769906e-01  4.343896490212896e+00  6.561035097870638e-01
4.9400  -1.915997397013133e-01  -9.247023548206127e-01  4.275372225053931e+00  7.246277749460278e-01
4.9500  -2.008083362097765e-01  -9.169563569781087e-01  4.204044803012824e+00  7.959551969871335e-01
4.9600  -2.099376602112557e-01  -9.088483750139066e-01  4.130026843827093e+00  8.699731561728640e-01
4.9700  -2.189841077497879e-01  -9.003816096918241e-01  4.053435215356202e+00  9.465647846437554e-01
4.9800  -2.279441075863043e-01  -8.915594034115135e-01  3.974390849057469e+00  1.025609150942488e+00
4.9900  -2.368141226084366e-01  -8.823852388889923e-01  3.893018549045920e+00  1.106981450954037e+00
5.0000  -2.455906512268531e-01  -8.728627377817820e-01  3.809446795039540e+00  1.190553204960419e+00
5.0100  -2.542702287575705e-01  -8.629956592591965e-01  3.723807539501076e+00  1.276192460498881e+00
5.0200  -2.628494287896966e-01  -8.527878985183472e-01  3.636235999296694e+00  1.363764000703262e+00
5.0300  -2.713248645380644e-01  -8.422434852464467e-01  3.546870442200407e+00  1.453129557799548e+00
5.0400  -2.796931901802235e-01  -8.313665820300218e-01  3.455851968581404e+00  1.544148031418551e+00
5.0500  -2.879511021772599e-01  -8.201614827116609e-01  3.363324288618950e+00  1.636675711381005e+00
5.0600  -2.960953405779245e-01  -8.086326106949477e-01  3.269433495396635e+00  1.730566504603321e+00
5.0700  -3.041226903055541e-01  -7.967845171982464e-01  3.174327834234213e+00  1.825672165765742e+00
5.0800  -3.120299824272781e-01  -7.846218794580313e-01  3.078157468621267e+00  1.921842531378688e+00
5.0900  -3.198140954050079e-01  -7.721494988824680e-01  2.981074243122232e+00  2.018925756877723e+00
5.1000  -3.274719563277181e-01  -7.593722991559758e-01  2.883231443627164e+00  2.116768556372791e+00
5.1100  -3.350005421245295e-01  -7.462953242955200e-01  2.784783555326777e+00  2.215216444673179e+00
5.1200  -3.423968807581179e-01  -7.329237366593996e-01  2.685886018793885e+00  2.314113981206073e+00
5.1300  -3.496580523979773e-01  -7.192628149093186e-01  2.586694984556384e+00  2.413305015443572e+00
5.1400  -3.567811905730716e-01  -7.053179519265457e-01  2.487367066549285e+00  2.512632933450670e+00
5.1500  -3.637634833034234e-01  -6.910946526829810e-01  2.388059094835051e+00  2.611940905164905e+00
5.1600  -3.706021742101906e-01  -6.765985320679757e-01  2.288927867982698e+00  2.711072132017257e+00
5.1700  -3.772945636037942e-01  -6.618353126717589e-01  2.190129905496624e+00  2.809870094503331e+00
5.1800  -3.838380095496661e-01  -6.468108225263475e-01  2.091821200686051e+00  2.908178799313904e+00
5.1900  -3.902299289111986e-01  -6.315309928048314e-01  1.994156974365280e+00  3.005843025634674e+00
5.2000  -3.964677983694806e-01  -6.160018554799426e-01  1.897291429773660e+00  3.102708570226293e+00
5.2100  -4.025491554194214e-01  -6.002295409428302e-01  1.801377509102204e+00  3.198622490897750e+00
5.2200  -4.084715993418660e-01  -5.842202755829856e-01  1.706566652011298e+00  3.293433347988655e+00
5.2300  -4.142327921513200e-01  -5.679803793302682e-01  1.613008556520777e+00  3.386991443479175e+00
5.2400  -4.198304595189092e-01  -5.515162631600062e-01  1.520850942649886e+00  3.479149057350067e+00
5.2500  -4.252623916702097e-01  -5.348344265621545e-01  1.430239319180343e+00  3.569760680819611e+00
5.2600  -4.305264442575935e-01  -5.179414549755110e-01  1.341316753910747e+00  3.658683246089208e+00
5.2700  -4.356205392067468e-01  -5.008440171880022e-01  1.254223647765079e+00  3.745776352234875e+00
5.2800  -4.405426655370247e-01  -4.835488627040662e-01  1.169097513111979e+00  3.830902486887977e+00
5.2900  -4.452908801553203e-01  -4.660628190801704e-01  1.086072756644778e+00  3.913927243355177e+00
5.3000  -4.498633086231338e-01  -4.483927892295179e-01  1.005280467165135e+00  3.994719532834822e+00
5.3100  -4.542581458965387e-01  -4.305457486970048e-01  9.268482086053220e-01  4.073151791394634e+00
5.3200  -4.584736570387539e-01  -4.125287429055052e-01  8.508998186159820e-01  4.149100181383973e+00
5.3300  -4.625081779050393e-01  -3.943488843745709e-01  7.775552130373435e-01  4.222444786962610e+00
5.3400  -4.663601157996455e-01  -3.760133499126430e-01  7.069301965626386e-01  4.293069803437315e+00
5.3500  -4.700279501045572e-01  -3.575293777838848e-01  6.391362798926590e-01  4.360863720107295e+00
5.3600  -4.735102328797833e-01  -3.389042648507540e-01  5.742805036701500e-01  4.425719496329806e+00
5.3700  -4.768055894349557e-01  -3.201453636934419e-01  5.124652694720311e-01  4.487534730527926e+00
5.3800  -4.799127188720116e-01  -3.012600797073176e-01  4.537881781262966e-01  4.546211821873660e+00
5.3900  -4.828303945987456e-01  -2.822558681795215e-01  3.983418756088770e-01  4.601658124391081e+00
5.4000  -4.855574648130275e-01  -2.631402313458648e-01  3.462139067637762e-01  4.653786093236183e+00
5.4100  -4.880928529574955e-01  -2.439207154291936e-01  2.974865770774481e-01  4.702513422922511e+00
5.4200  -4.904355581445463e-01  -2.246049076603891e-01  2.522368227256595e-01  4.747763177274297e+00
5.4300  -4.925846555514519e-01  -2.052004332831798e-01  2.105360890980236e-01  4.789463910901932e+00
5.4400  -4.945392967854493e-01  -1.857149525439458e-01  1.724502179920003e-01  4.827549782007956e+00
5.4500  -4.962987102186577e-01  -1.661561576677072e-01  1.380393436544798e-01  4.861960656345476e+00
5.4600  -4.978622012926925e-01  -1.465317698214864e-01  1.073577978350854e-01  4.892642202164872e+00
5.4700  -4.992291527928530e-01  -1.268495360662471e-01  8.045402400111067e-02  4.919545975998846e+00
5.4800  -5.003990250917791e-01  -1.071172262986095e-01  5.737050084953754e-02  4.942629499150419e+00
5.4900  -5.013713563624784e-01  -8.734263018355146e-02  3.814367523690317e-02  4.961856324763050e+00
5.5000  -5.021457627606400e-01  -6.753355407930618e-02  2.280390463291286e-02  4.977196095367041e+00
5.5100  -5.027219385761637e-01  -4.769781795566900e-02  1.137540918866070e-02  4.988624590811295e+00
5.5200  -5.030996563538437e-01  -2.784325230693151e-02  3.876233495137234e-03  4.996123766504817e+00
5.5300  -5.032787669831614e-01  -7.977695060660664e-03  3.182180924044477e-04  4.999681781907546e+00
5.5400  -5.032591997571491e-01  1.189101151645645e-02  7.069807744224993e-04  4.999293019225528e+00
5.5500  -5.030409624003019e-01  3.175502391448080e-02  5.041907719046239e-03  4.994958092280906e+00
5.5600  -5.026241410655293e-01  5.160650047658046e-02  1.331615445719650e-02  4.986683845542757e+00
5.5700  -5.020089003001443e-01  7.143760449465796e-02  2.551665667967587e-02  4.974483343320279e+00
5.5800  -5.011954829809059e-01  9.124050730302417e-02  4.162415086456604e-02  4.958375849135390e+00
5.5900  -5.001842102181392e-01  1.110073913688973e-01  6.161320469263770e-02  4.938386795307321e+00
5.6000  -4.989754812289715e-01  1.307304533785069e-01  8.545225720274986e-02  4.914547742797208e+00
5.6100  -4.975697731797349e-01  1.504019073175848e-01  1.131036686238368e-01  4.886896331376121e+00
5.6200  -4.959676409975968e-01  1.700139875450265e-01  1.445237798048022e-01  4.855476220195157e+00
5.6300  -4.941697171514920e-01  1.895589518585105e-01  1.796629811484856e-01  4.820337018851470e+00
5.6400  -4.921767114024465e-01  2.090290845508641e-01  2.184657909408615e-01  4.781534209059093e+00
5.6500  -4.899894105233857e-01  2.284166994559700e-01  2.608709429517945e-01  4.739129057048161e+00
5.6600  -4.876086779885432e-01  2.477141429830112e-01  3.068114831690387e-01  4.693188516830915e+00
5.6700  -4.850354536325895e-01  2.669137971378566e-01  3.562148755127442e-01  4.643785124487209e+00
5.6800  -4.822707532796164e-01  2.860080825303929e-01  4.090031163635602e-01  4.590996883636393e+00
5.6900  -4.793156683421227e-01  3.049894613666188e-01  4.650928577235011e-01  4.534907142276451e+00
5.7000  -4.761713653901613e-01  3.238504404243166e-01  5.243955388151191e-01  4.475604461184835e+00
5.7100  -4.728390856908149e-01  3.425835740111297e-01  5.868175259111958e-01  4.413182474088758e+00
5.7200  -4.693201447181855e-01  3.611814669038759e-01  6.522602601741778e-01  4.347739739825776e+00
5.7300  -4.656159316340883e-01  3.796367772679380e-01  7.206204132719298e-01  4.279379586728023e+00
5.7400  -4.617279087396564e-01  3.979422195555776e-01  7.917900505240975e-01  4.208209949475854e+00
5.7500  -4.576576108980726e-01  4.160905673820290e-01  8.656568013214940e-01  4.134343198678458e+00
5.7600  -4.534066449286562e-01  4.340746563782378e-01  9.421040365494260e-01  4.057895963450526e+00
5.7700  -4.489766889725434e-01  4.518873870191173e-01  1.021011052734828e+00  3.978988947265124e+00
5.7800  -4.443694918302128e-01  4.695217274262067e-01  1.102253262626446e+00  3.897746737373507e+00
5.7900  -4.395868722711165e-01  4.869707161436248e-01  1.185702391907174e+00  3.814297608092778e+00
5.8000  -4.346307183156902e-01  5.042274648862234e-01  1.271226681727938e+00  3.728773318272014e+00
5.8100  -4.295029864900247e-01  5.212851612588548e-01  1.358691096743351e+00  3.641308903256601e+00
5.8200  -4.242057010534940e-01  5.381370714456807e-01  1.447957538320668e+00  3.552042461679286e+00
5.8300  -4.187409531996445e-01  5.547765428684605e-01  1.538885062585404e+00  3.461114937414549e+00
5.8400  -4.131109002306611e-01  5.711970068127699e-01  1.631330102959337e+00  3.368669897040615e+00
5.8500  -4.073177647057349e-01  5.873919810211128e-01  1.725146696839537e+00  3.274853303160415e+00
5.8600  -4.013638335636703e-01  6.033550722519022e-01  1.820186716060491e+00  3.179813283939460e+00
5.8700  -3.952514572200776e-01  6.190799788033018e-01  1.916300100775483e+00  3.083699899224467e+00
5.8800  -3.889830486395054e-01  6.345604930009294e-01  2.013335096387913e+00  2.986664903612039e+00
5.8900  -3.825610823828827e-01  6.497905036484420e-01  2.111138493158480e+00  2.888861506841471e+00
5.9000  -3.759880936306435e-01  6.647639984400350e-01  2.209555868109914e+00  2.790444131890037e+00
5.9100  -3.692666771819210e-01  6.794750663339020e-01  2.308431828847302e+00  2.691568171152650e+00
5.9200  -3.623994864302068e-01  6.939178998857187e-01  2.407610258909032e+00  2.592389741090920e+00
5.9300  -3.553892323158790e-01  7.080867975412310e-01  2.506934564260982e+00  2.493065435738972e+00
5.9400  -3.482386822560113e-01  7.219761658870399e-01  2.606247920544753e+00  2.393752079455200e+00
5.9500  -3.409506590518893e-01  7.355805218586973e-01  2.705393520689567e+00  2.294606479310386e+00
5.9600  -3.335280397746607e-01  7.488944949052381e-01  2.804214822496858e+00  2.195785177503096e+00
5.9700  -3.259737546295629e-01  7.619128291092975e-01  2.902555795806668e+00  2.097444204193285e+00
5.9800  -3.182907857991749e-01  7.746303852619729e-01  3.000261168855563e+00  1.999738831144389e+00
5.9900  -3.104821662661494e-01  7.870421428916152e-01  3.097176673437128e+00  1.902823326562824e+00
6.0000  -3.025509786158917e-01  7.991432022457441e-01  3.193149288477911e+00  1.806850711522041e+00
6.0100  -2.945003538196567e-01  8.109287862253091e-01  3.288027481644265e+00  1.711972518355685e+00
6.0200  -2.863334699985445e-01  8.223942422705318e-01  3.381661448598611e+00  1.618338551401341e+00
6.0300  -2.780535511688831e-01  8.335350441975812e-01  3.473903349527318e+00  1.526096650472633e+00
6.0400  -2.696638659694932e-01  8.443467939853631e-01  3.564607542566805e+00  1.435392457433146e+00
6.0500  -2.611677263713373e-01  8.548252235117129e-01  3.653630813759249e+00  1.346369186240703e+00
6.0600  -2.525684863700630e-01  8.649661962383104e-01  3.740832603174856e+00  1.259167396825097e+00
6.0700  -2.438695406619558e-01  8.747657088436475e-01  3.826075226843645e+00  1.173924773156308e+00
6.0800  -2.350743233038254e-01  8.842198928034086e-01  3.909224094146357e+00  1.090775905853597e+00
6.0900  -2.261863063573533e-01  8.933250159176357e-01  3.990147920321220e+00  1.009852079678734e+00
6.1000  -2.172089985184369e-01  9.020774837840777e-01  4.068718933751065e+00  9.312810662488896e-01
6.1100  -2.081459437320728e-01  9.104738412171426e-01  4.144813077703493e+00  8.551869222964622e-01
6.1200  -1.990007197933237e-01  9.185107736118900e-01  4.218310206205564e+00  7.816897937943926e-01
6.1300  -1.897769369349231e-01  9.261851082525282e-01  4.289094273743737e+00  7.109057262562188e-01
6.1400  -1.804782364020747e-01  9.334938155648976e-01  4.357053518489555e+00  6.429464815103996e-01
6.1500  -1.711082890150085e-01  9.404340103124471e-01  4.422080638761760e+00  5.779193612381965e-01
6.1600  -1.616707937198624e-01  9.470029527352293e-01  4.484072962446214e+00  5.159270375537415e-01
6.1700  -1.521694761284603e-01  9.531980496314680e-01  4.542932609106173e+00  4.570673908937812e-01
6.1800  -1.426080870475631e-01  9.590168553812696e-01  4.598566644526895e+00  4.014333554730601e-01
6.1900  -1.329904009981742e-01  9.644570729120711e-01  4.650887227450600e+00  3.491127725493554e-01
6.2000  -1.233202147254832e-01  9.695165546054499e-01  4.699811748270112e+00  3.001882517298416e-01
6.2100  -1.136013457000360e-01  9.741933031449334e-01  4.745262959462180e+00  2.547370405377735e-01
6.2200  -1.038376306107232e-01  9.784854723044717e-01  4.787169097554525e+00  2.128309024454283e-01
6.2300  -9.403292385018217e-02  9.823913676772685e-01  4.825463996434071e+00  1.745360035658837e-01
6.2400  -8.419109599320990e-02  9.859094473446758e-01  4.860087191817421e+00  1.399128081825333e-01
6.2500  -7.431603226878766e-02  9.890383224848934e-01  4.890984016718660e+00  1.090159832812920e-01
6.2600  -6.441163102632087e-02  9.917767579212298e-01  4.918105687763727e+00  8.189431223622413e-02
6.2700  -5.448180219669926e-02  9.941236726097085e-01  4.941409382215074e+00  5.859061778487863e-02
6.2800  -4.453046574878521e-02  9.960781400658292e-01  4.960858305585008e+00  3.914169441494589e-02
6.2900  -3.456155014193930e-02  9.976393887303131e-01  4.976421749730964e+00  2.357825026899190e-02
6.3000  -2.457899077519418e-02  9.988068022736890e-01  4.988075141340961e+00  1.192485865899704e-02
6.3100  -1.458672843368883e-02  9.995799198395998e-01  4.995800080732704e+00  4.199919267253796e-03
6.3200  -4.588707732976580e-03  9.999584362267339e-01  4.999584370905075e+00  4.156290948836660e-04
6.3300  5.411124438178958e-03  9.999422020093077e-01  4.999422036796116e+00  5.779632038432465e-04
6.3400  1.540882047590541e-02  9.995312235960550e-01  4.995313334717133e+00  4.686665282825922e-03
6.3500  2.540043361960542e-02  9.987256632276958e-01  4.987264751948005e+00  1.273524805195492e-02
6.3600  3.538201951000751e-02  9.975258389128907e-01  4.975288996494332e+00  2.471100350562873e-02
6.3700  4.534963774626905e-02  9.959322243026998e-01  4.959404977022616e+00  4.059502297734627e-02
6.3800  5.529935344151653e-02  9.939454485036019e-01  4.939637773005132e+00  6.036222699483133e-02
6.3900  6.522723877620902e-02  9.915662958291439e-01  4.916018595121646e+00  8.398140487831753e-02
6.4000  7.512937454871184e-02  9.887957054903194e-01  4.888584735980491e+00  1.114152640194716e-01
6.4100  8.500185172246806e-02  9.856347712247997e-01  4.857379511236816e+00  1.426204887631481e-01
6.4200  9.484077296915715e-02  9.820847408651614e-01  4.822452191200957e+00  1.775478087990061e-01
6.4300  1.046422542072317e-01  9.781470158462846e-01  4.783857923044958e+00  2.161420769550039e-01
6.4400  1.144024261352246e-01  9.738231506521109e-01  4.741657643730020e+00  2.583423562699420e-01
6.4500  1.241174357592217e-01  9.691148522019859e-01  4.695917983792385e+00  3.040820162075753e-01
6.4600  1.337834479138967e-01  9.640239791768231e-01  4.646711162139580e+00  3.532888378603803e-01
6.4700  1.433966467765078e-01  9.585525412853579e-01  4.594114872023090e+00  4.058851279768702e-01
6.4800  1.529532373732589e-01  9.527026984707814e-01  4.538212158367543e+00  4.617878416324168e-01
6.4900  1.624494470774297e-01  9.464767600580651e-01  4.479091286650061e+00  5.209087133498984e-01
6.5000  1.718815270986846e-01  9.398771838423168e-01  4.416845603536821e+00  5.831543964631378e-01
6.5100  1.812457539629714e-01  9.329065751185234e-01  4.351573389496865e+00  6.484266105030924e-01
6.5200  1.905384309824258e-01  9.255676856530666e-01  4.283377703625869e+00  7.166222963740881e-01
6.5300  1.997558897147022e-01  9.178634125974161e-01  4.212366220924872e+00  7.876337790750841e-01
6.5400  2.088944914111532e-01  9.097967973444303e-01  4.138651062290912e+00  8.613489377090447e-01
6.5500  2.179506284532882e-01  9.013710243277142e-01  4.062348617487964e+00  9.376513825119944e-01
6.5600  2.269207257769416e-01  8.925894197645100e-01  3.983579361377723e+00  1.016420638622237e+00
6.5700  2.358012422835906e-01  8.834554503426165e-01  3.902467663700377e+00  1.097532336299583e+00
6.5800  2.445886722382637e-01  8.739727218518554e-01  3.819141592705702e+00  1.180858407294257e+00
6.5900  2.532795466534897e-01  8.641449777606239e-01  3.733732712944546e+00  1.266267287055413e+00
6.6000  2.618704346587389e-01  8.539760977380975e-01  3.646375877539943e+00  1.353624122460016e+00
6.6100  2.703579448548185e-01  8.434700961226637e-01  3.557209015265878e+00  1.442790984734084e+00
6.6200  2.787387266526841e-01  8.326311203371938e-01  3.466372912769852e+00  1.533627087230110e+00
6.6300  2.870094715961423e-01  8.214634492517784e-01  3.374010992283145e+00  1.625989007716817e+00
6.6400  2.951669146679201e-01  8.099714914945690e-01  3.280269085169683e+00  1.719730914830279e+00
6.6500  3.032078355785858e-01  7.981597837113983e-01  3.185295201671130e+00  1.814704798328833e+00
6.6600  3.111290600378134e-01  7.860329887748606e-01  3.089239297211701e+00  1.910760702788263e+00
6.6700  3.189274610074872e-01  7.735958939435654e-01  2.992253035631721e+00  2.007746964368243e+00
6.6800  3.265999599361535e-01  7.608534089722844e-01  2.894489549723731e+00  2.105510450276234e+00
6.6900  3.341435279743314e-01  7.478105641737418e-01  2.796103199449250e+00  2.203896800550715e+00
6.7000  3.415551871702024e-01  7.344725084328148e-01  2.697249328217956e+00  2.302750671782011e+00
6.7100  3.488320116452076e-01  7.208445071739212e-01  2.598084017614067e+00  2.401915982385901e+00
6.7200  3.559711287490878e-01  7.069319402824055e-01  2.498763840957233e+00  2.501236159042736e+00
6.7300  3.629697201939117e-01  6.927402999807363e-01  2.399445616087002e+00  2.600554383912965e+00
6.7400  3.698250231666425e-01  6.782751886603590e-01  2.300286157761228e+00  2.699713842238739e+00
6.7500  3.765343314198052e-01  6.635423166700561e-01  2.201442030059325e+00  2.798557969940640e+00
6.7600  3.830949963398247e-01  6.485475000616899e-01  2.103069299181338e+00  2.896930700818626e+00
6.7700  3.895044279926098e-01  6.332966582942167e-01  2.005323287033109e+00  2.994676712966857e+00
6.7800  3.957600961459747e-01  6.177958118968802e-01  1.908358325986627e+00  3.091641674013339e+00
6.7900  4.018595312684910e-01  6.020510800925049e-01  1.812327515202758e+00  3.187672484797209e+00
6.8000  4.078003255043769e-01  5.860686783818286e-01  1.717382478901116e+00  3.282617521098850e+00
6.8100  4.135801336240397e-01  5.698549160898287e-01  1.623673126958729e+00  3.376326873041238e+00
6.8200  4.191966739498948e-01  5.534161938750077e-01  1.531347418215501e+00  3.468652581784467e+00
6.8300  4.246477292570967e-01  5.367590012026247e-01  1.440551126860196e+00  3.559448873139772e+00
6.8400  4.299311476488266e-01  5.198899137828684e-01  1.351427612265792e+00  3.648572387734178e+00
6.8500  4.350448434057897e-01  5.028155909749844e-01  1.264117592637614e+00  3.735882407362357e+00
6.8600  4.399867978095890e-01  4.855427731583792e-01  1.178758922831646e+00  3.821241077168325e+00
6.8700  4.447550599396481e-01  4.680782790717410e-01  1.095486376693813e+00  3.904513623306158e+00
6.8800  4.493477474433709e-01  4.504290031212262e-01  1.014431434263908e+00  3.985568565736064e+00
6.8900  4.537630472792318e-01  4.326019126587757e-01  9.357220741801552e-01  4.064277925819816e+00
6.9000  4.579992164325051e-01  4.146040452316343e-01  8.594825716121752e-01  4.140517428387795e+00
6.9100  4.620545826033494e-01  3.964425058041587e-01  7.858333020414020e-01  4.214166697958567e+00
6.9200  4.659275448669766e-01  3.781244639530124e-01  7.148905511987647e-01  4.285109448801205e+00
6.9300  4.696165743056442e-01  3.596571510368528e-01  6.467663314597277e-01  4.353233668540243e+00
6.9400  4.731202146122213e-01  3.410478573416302e-01  5.815682049865848e-01  4.418431795013386e+00
6.9500  4.764370826650909e-01  3.223039292026226e-01  5.193991138972457e-01  4.480600886102725e+00
6.9600  4.795658690741608e-01  3.034327661043451e-01  4.603572177286708e-01  4.539642782271300e+00
6.9700  4.825053386977673e-01  2.844418177594776e-01  4.045357384515794e-01  4.595464261548391e+00
6.9800  4.852543311302686e-01  2.653385811679643e-01  3.520228132811418e-01  4.647977186718829e+00
6.9900  4.878117611601345e-01  2.461305976574445e-01  3.029013555160542e-01  4.697098644483917e+00
7.0000  4.901766191983523e-01  2.268254499061862e-01  2.572489236257191e-01  4.742751076374253e+00
7.0100  4.923479716769791e-01  2.074307589496944e-01  2.151375987922311e-01  4.784862401207740e+00
7.0200  4.943249614176836e-01  1.879541811721775e-01  1.766338711005186e-01  4.823366128899453e+00
7.0300  4.961068079701321e-01  1.684034052840599e-01  1.417985345563366e-01  4.858201465443634e+00
7.0400  4.976928079200841e-01  1.487861492867321e-01  1.106865910978687e-01  4.889313408902102e+00
7.0500  4.990823351670776e-01  1.291101574257392e-01  8.334716375249579e-02  4.916652836247473e+00
7.0600  5.002748411715923e-01  1.093831971336073e-01  5.982341907584796e-02  4.940176580924120e+00
7.0700  5.012698551715954e-01  8.961305596351790e-02  4.015249899560296e-02  4.959847501004365e+00
7.0800  5.020669843683827e-01  6.980753851503883e-02  2.436546216764315e-02  4.975634537832326e+00
7.0900  5.026659140816423e-01  4.997446335312557e-02  1.248723493716445e-02  4.987512765062802e+00
7.1000  5.030664078736808e-01  3.012165992160975e-02  4.536571982165556e-03  4.995463428017800e+00
7.1100  5.032683076427603e-01  1.025696545239313e-02  5.260267014579309e-04  4.999473973298505e+00
7.1200  5.032715336855124e-01  -9.611778128433132e-03  4.619313939511276e-04  4.999538068606014e+00
7.1300  5.030760847284013e-01  -2.947672729632218e-02  4.344387260508724e-03  4.995655612739455e+00
7.1400  5.026820379282283e-01  -4.933004002463622e-02  1.216726424416105e-02  4.987832735755804e+00
7.1500  5.020895488416713e-01  -6.916387888041993e-02  2.391821070892699e-02  4.976081789291037e+00
7.1600  5.012988513638773e-01  -8.897041411836050e-02  3.957867294196281e-02  4.960421327058004e+00
7.1700  5.003102576361269e-01  -1.087418267717127e-01  5.912392444824589e-02  4.940876075551717e+00
7.1800  4.991241579226132e-01  -1.284703117389692e-01  8.252310499153963e-02  4.917476895008423e+00
7.1900  4.977410204563764e-01  -1.481480808650570e-01  1.097392693199973e-01  4.890260730679965e+00
7.2000  4.961613912544621e-01  -1.677673660158441e-01  1.407294454994711e-01  4.859270554500491e+00
7.2100  4.943858939023715e-01  -1.873204221447430e-01  1.754447027624237e-01  4.824555297237541e+00
7.2200  4.924152293078896e-01  -2.067995303501991e-01  2.138302287653147e-01  4.786169771234647e+00
7.2300  4.902501754243915e-01  -2.261970009228587e-01  2.558254161324786e-01  4.744174583867482e+00
7.2400  4.878915869437309e-01  -2.455051763812123e-01  3.013639581498508e-01  4.698636041850110e+00
7.2500  4.853403949588361e-01  -2.647164344945163e-01  3.503739534574476e-01  4.649626046542513e+00
7.2600  4.825976065961453e-01  -2.838231912917976e-01  4.027780195753015e-01  4.597221980424659e+00
7.2700  4.796643046180267e-01  -3.028179040557554e-01  4.584934150836033e-01  4.541506584916358e+00
7.2800  4.765416469953391e-01  -3.216930743003774e-01  5.174321702641406e-01  4.482567829735819e+00
7.2900  4.732308664503037e-01  -3.404412507310944e-01  5.795012259967594e-01  4.420498774003202e+00
7.3000  4.697332699698651e-01  -3.590550321863059e-01  6.446025806915456e-01  4.355397419308416e+00
7.3100  4.660502382897373e-01  -3.775270705591140e-01  7.126334450247312e-01  4.287366554975229e+00
7.3200  4.621832253493339e-01  -3.958500736981143e-01  7.834864042340126e-01  4.216513595765947e+00
7.3300  4.581337577178007e-01  -4.140168082860966e-01  8.570495877170323e-01  4.142950412282926e+00
7.3400  4.539034339913774e-01  -4.320201026955194e-01  9.332068456652358e-01  4.066793154334723e+00
7.3500  4.494939241623236e-01  -4.498528498196323e-01  1.011837932454223e+00  3.988162067545736e+00
7.3600  4.449069689596613e-01  -4.675080098781272e-01  1.092818696501036e+00  3.907181303498924e+00
7.3700  4.401443791619926e-01  -4.849786131962115e-01  1.176021276288603e+00  3.823978723711356e+00
7.3800  4.352080348826640e-01  -5.022577629560054e-01  1.261314302247855e+00  3.738685697752104e+00
7.3900  4.300998848275597e-01  -5.193386379191789e-01  1.348563104178740e+00  3.651436895821218e+00
7.4000  4.248219455258169e-01  -5.362144951197504e-01  1.437629923882644e+00  3.562370076117314e+00
7.4100  4.193763005337659e-01  -5.528786725259885e-01  1.528374132670496e+00  3.471625867329461e+00
7.4200  4.137650996124119e-01  -5.693245916703619e-01  1.620652453403121e+00  3.379347546596836e+00
7.4300  4.079905578787796e-01  -5.855457602465004e-01  1.714319186713261e+00  3.285680813286697e+00
7.4400  4.020549549314581e-01  -6.015357746721453e-01  1.809226441052090e+00  3.190773558947868e+00
7.4500  3.959606339506906e-01  -6.172883226170709e-01  1.905224366196985e+00  3.094775633802973e+00
7.4600  3.897100007733644e-01  -6.327971854949845e-01  2.002161389851870e+00  2.997838610148089e+00
7.4700  3.833055229432653e-01  -6.480562409184198e-01  2.099884456966565e+00  2.900115543033392e+00
7.4800  3.767497287369737e-01  -6.630594651156525e-01  2.198239271397276e+00  2.801760728602682e+00
7.4900  3.700452061657831e-01  -6.778009353086872e-01  2.297070539526656e+00  2.702929460473301e+00
7.5000  3.631946019540400e-01  -6.922748320513753e-01  2.396222215458799e+00  2.603777784541158e+00
7.5100  3.562006204943030e-01  -7.064754415267390e-01  2.495537747402004e+00  2.504462252597952e+00
7.5200  3.490660227797390e-01  -7.203971578025996e-01  2.594860324850318e+00  2.405139675149637e+00
7.5300  3.417936253141737e-01  -7.340344850446129e-01  2.694033126173550e+00  2.305966873826405e+00
7.5400  3.343862990002289e-01  -7.473820396858444e-01  2.792899566224865e+00  2.207100433775092e+00
7.5500  3.268469680059844e-01  -7.604345525520226e-01  2.891303543574975e+00  2.108696456424982e+00
7.5600  3.191786086106136e-01  -7.731868709416376e-01  2.989089686982603e+00  2.010910313017353e+00
7.5700  3.113842480294464e-01  -7.856339606600552e-01  3.086103600712026e+00  1.913896399287931e+00
7.5800  3.034669632189244e-01  -7.977709080068521e-01  3.182192108310387e+00  1.817807891689572e+00
7.5900  2.954298796619196e-01  -8.095929217155823e-01  3.277203494459864e+00  1.722796505540095e+00
7.6000  2.872761701338978e-01  -8.210953348452117e-01  3.370987744522851e+00  1.629012255477109e+00
7.6100  2.790090534504105e-01  -8.322736066224715e-01  3.463396781401882e+00  1.536603218598077e+00
7.6200  2.706317931964136e-01  -8.431233242344069e-01  3.554284699340384e+00  1.445715300659576e+00
7.6300  2.621476964379109e-01  -8.536402045704089e-01  3.643507994295048e+00  1.356492005704911e+00
7.6400  2.535601124164342e-01  -8.638200959130458e-01  3.730925790516118e+00  1.269074209483841e+00
7.6500  2.448724312268728e-01  -8.736589795770237e-01  3.816400062977831e+00  1.183599937022127e+00
7.6600  2.360880824791760e-01  -8.831529714956320e-01  3.899795855307823e+00  1.100204144692135e+00
7.6700  2.272105339444563e-01  -8.922983237540435e-01  3.980981492871380e+00  1.019018507128578e+00
7.6800  2.182432901860276e-01  -9.010914260688683e-01  4.059828790674134e+00  9.401712093258239e-01
7.6900  2.091898911759194e-01  -9.095288072133745e-01  4.136213255754918e+00  8.637867442450398e-01
7.7000  2.000539108974125e-01  -9.176071363878137e-01  4.210014283749218e+00  7.899857162507412e-01
7.7100  1.908389559341484e-01  -9.253232245343109e-01  4.281115349312874e+00  7.188846506870853e-01
7.7200  1.815486640463687e-01  -9.326740255958001e-01  4.349404190105376e+00  6.505958098945824e-01
7.7300  1.721867027348480e-01  -9.396566377185063e-01  4.414772984042241e+00  5.852270159577180e-01
7.7400  1.627567677930850e-01  -9.462683043975018e-01  4.477118519536615e+00  5.228814804633435e-01
7.7500  1.532625818483252e-01  -9.525064155648836e-01  4.536342358461313e+00  4.636576415386452e-01
7.7600  1.437078928919909e-01  -9.583685086201421e-01  4.592350991573976e+00  4.076490084259808e-01
7.7700  1.340964728000974e-01  -9.638522694023146e-01  4.645055986159960e+00  3.549440138399967e-01
7.7800  1.244321158442409e-01  -9.689555331035393e-01  4.694374125659820e+00  3.056258743401347e-01
7.7900  1.147186371937451e-01  -9.736762851236510e-01  4.740227541060967e+00  2.597724589389893e-01
7.8000  1.049598714095586e-01  -9.780126618654771e-01  4.782543833845980e+00  2.174561661539744e-01
7.8100  9.515967093049642e-02  -9.819629514705261e-01  4.821256190303535e+00  1.787438096964196e-01
7.8200  8.532190455242415e-02  -9.855255944947720e-01  4.856303487021369e+00  1.436965129785853e-01
7.8300  7.545045590098522e-02  -9.886991845242712e-01  4.887630387394794e+00  1.123696126051613e-01
7.8400  6.554922189847345e-02  -9.914824687303683e-01  4.915187428998328e+00  8.481257100162597e-02
7.8500  5.562211122545673e-02  -9.938743483642725e-01  4.938931101682536e+00  6.106889831741838e-02
7.8600  4.567304277775888e-02  -9.958738791908063e-01  4.958823916272723e+00  4.117608372723273e-02
7.8700  3.570594411940882e-02  -9.974802718611585e-01  4.974834463761053e+00  2.516553623890228e-02
7.8800  2.572474993216787e-02  -9.986928922244938e-01  4.986937464898621e+00  1.306253510133347e-02
7.8900  1.573340046224716e-02  -9.995112615782941e-01  4.995113810109165e+00  4.886189890791265e-03
7.9000  5.735839964828461e-03  -9.999350568573341e-01  4.999350589661399e+00  6.494103385558132e-04
7.9100  -4.263984852997714e-03  -9.999641107612177e-01  4.999641114052364e+00  3.588859475901378e-04
7.9200  -1.426212639026184e-02  -9.995984118204224e-01  4.995984924569553e+00  4.015075430402224e-03
7.9300  -2.425463771049803e-02  -9.988381044008260e-01  4.988387794015178e+00  1.161220598477825e-02
7.9400  -3.423757409986437e-02  -9.976834886467175e-01  4.976861717591425e+00  2.313828240853046e-02
7.9500  -4.420699462438576e-02  -9.961350203623086e-01  4.961424893961085e+00  3.857510603886840e-02
7.9600  -5.415896368570473e-02  -9.941933108317983e-01  4.942101696513463e+00  5.789830348648971e-02
7.9700  -6.408955257472579e-02  -9.918591265780571e-01  4.918922634880931e+00  8.107736511902218e-02
7.9800  -7.399484102254020e-02  -9.891333890600295e-01  4.891924306766898e+00  1.080756932330547e-01
7.9900  -8.387091874801877e-02  -9.860171743089726e-01  4.861149340161254e+00  1.388506598386982e-01
8.0000  -9.371388700146195e-02  -9.825117125036743e-01  4.826646326034513e+00  1.733536739654387e-01
8.0100  -1.035198601036976e-01  -9.786183874848191e-01  4.788469741616938e+00  2.115302583830152e-01
8.0200  -1.132849669800187e-01  -9.743387362086935e-01  4.746679864383770e+00  2.533201356161822e-01
8.0300  -1.230053526883564e-01  -9.696744481404467e-01  4.701342676882399e+00  2.986573231175523e-01
8.0400  -1.326771799410836e-01  -9.646273645871453e-01  4.652529762551707e+00  3.474702374482456e-01
8.0500  -1.422966306198497e-01  -9.591994779708856e-01  4.600318192698097e+00  3.996818073018548e-01
8.0600  -1.518599072828476e-01  -9.533929310422516e-01  4.544790404806678e+00  4.552095951932729e-01
8.0700  -1.613632346639188e-01  -9.472100160344279e-01  4.486034072379706e+00  5.139659276202446e-01
8.0800  -1.708028611629036e-01  -9.406531737583009e-01  4.424141966507821e+00  5.758580334921281e-01
8.0900  -1.801750603266493e-01  -9.337249926389080e-01  4.359211809392644e+00  6.407881906073055e-01
8.1000  -1.894761323200908e-01  -9.264282076936119e-01  4.291346120051990e+00  7.086538799479574e-01
8.1100  -1.987024053868237e-01  -9.187656994524073e-01  4.220652052451356e+00  7.793479475485932e-01
8.1200  -2.078502372985921e-01  -9.107404928207808e-01  4.147241226317194e+00  8.527587736827548e-01
8.1300  -2.169160167931209e-01  -9.023557558855799e-01  4.071229550899181e+00  9.287704491007661e-01
8.1400  -2.258961649997223e-01  -8.936147986643559e-01  3.992737041959686e+00  1.007262958040263e+00
8.1500  -2.347871368521165e-01  -8.845210717986774e-01  3.911887632279405e+00  1.088112367720543e+00
8.1600  -2.435854224879066e-01  -8.750781651919327e-01  3.828808975978398e+00  1.171191024021551e+00
8.1700  -2.522875486341563e-01  -8.652898065921528e-01  3.743632246961426e+00  1.256367753038523e+00
8.1800  -2.608900799785238e-01  -8.551598601204201e-01  3.656491931805883e+00  1.343508068194068e+00
8.1900  -2.693896205254099e-01  -8.446923247454406e-01  3.567525617419285e+00  1.432474382580666e+00
8.2000  -2.777828149365848e-01  -8.338913327048832e-01  3.476873773801632e+00  1.523126226198320e+00
8.2100  -2.860663498557647e-01  -8.227611478741086e-01  3.384679532255604e+00  1.615320467744347e+00
8.2200  -2.942369552166161e-01  -8.113061640829318e-01  3.291088459394806e+00  1.708911540605146e+00
8.2300  -3.022914055336700e-01  -7.995309033810829e-01  3.196248327306852e+00  1.803751672693100e+00
8.2400  -3.102265211756369e-01  -7.874400142530513e-01  3.100308880234228e+00  1.899691119765725e+00
8.2500  -3.180391696206201e-01  -7.750382697830176e-01  3.003421598141268e+00  1.996578401858686e+00
8.2600  -3.257262666927330e-01  -7.623305657705967e-01  2.905739457540590e+00  2.094260542459363e+00
8.2700  -3.332847777796290e-01  -7.493219187981383e-01  2.807416689956618e+00  2.192583310043334e+00
8.2800  -3.407117190304670e-01  -7.360174642503452e-01  2.708608538407541e+00  2.291391461592413e+00
8.2900  -3.480041585338369e-01  -7.224224542869929e-01  2.609471012290212e+00  2.390528987709741e+00
8.3000  -3.551592174751815e-01  -7.085422557695507e-01  2.510160641055017e+00  2.489839358944936e+00
8.3100  -3.621740712732579e-01  -6.943823481425209e-01  2.410834227059605e+00  2.589165772940347e+00
8.3200  -3.690459506951886e-01  -6.799483212703356e-01  2.311648597991737e+00  2.688351402008214e+00
8.3300  -3.757721429496636e-01  -6.652458732306629e-01  2.212760359252136e+00  2.787239640747816e+00
8.3400  -3.823499927578605e-01  -6.502808080649924e-01  2.114325646688298e+00  2.885674353311655e+00
8.3500  -3.887769034016615e-01  -6.350590334873927e-01  2.016499880069706e+00  2.983500119930246e+00
8.3600  -3.950503377487515e-01  -6.195865585523396e-01  1.919437517693658e+00  3.080562482306294e+00
8.3700  -4.011678192541950e-01  -6.038694912825402e-01  1.823291812509169e+00  3.176708187490780e+00
8.3800  -4.071269329380935e-01  -5.879140362576870e-01  1.728214570144025e+00  3.271785429855925e+00
8.3900  -4.129253263389406e-01  -5.717264921650943e-01  1.634355909217018e+00  3.365644090782929e+00
8.4000  -4.185607104422958e-01  -5.553132493131844e-01  1.541864024313834e+00  3.458135975686113e+00
8.4100  -4.240308605844118e-01  -5.386807871088044e-01  1.450884952000805e+00  3.549115047999141e+00
8.4200  -4.293336173304589e-01  -5.218356714993703e-01  1.361562340245993e+00  3.638437659753953e+00
8.4300  -4.344668873269979e-01  -5.047845523808474e-01  1.274037221611662e+00  3.725962778388284e+00
8.4400  -4.394286441283676e-01  -4.875341609725915e-01  1.188447790576244e+00  3.811552209423702e+00
8.4500  -4.442169289966585e-01  -4.700913071600842e-01  1.104929185337383e+00  3.895070814662562e+00
8.4600  -4.488298516749578e-01  -4.524628768066156e-01  1.023613274440593e+00  3.976386725559351e+00
8.4700  -4.532655911335606e-01  -4.346558290349729e-01  9.446284485703976e-01  4.055371551429547e+00
8.4800  -4.575223962888523e-01  -4.166771934802070e-01  8.680994178327094e-01  4.131900582167234e+00
8.4900  -4.615985866945787e-01  -3.985340675145663e-01  7.941470148485246e-01  4.205852985151419e+00
8.5000  -4.654925532052306e-01  -3.802336134456869e-01  7.228880039698202e-01  4.277111996030123e+00
8.5100  -4.692027586112816e-01  -3.617830556891500e-01  6.544348969188932e-01  4.345565103081051e+00
8.5200  -4.727277382460275e-01  -3.431896779165214e-01  5.888957751422286e-01  4.411104224857715e+00
8.5300  -4.760661005637887e-01  -3.244608201799981e-01  5.263741191593854e-01  4.473625880840558e+00
8.5400  -4.792165276892459e-01  -3.056038760147973e-01  4.669686451763381e-01  4.533031354823606e+00
8.5500  -4.821777759376946e-01  -2.866262895204333e-01  4.107731492212562e-01  4.589226850778687e+00
8.5600  -4.849486763060104e-01  -2.675355524220323e-01  3.578763590488099e-01  4.642123640951134e+00
8.5700  -4.875281349341326e-01  -2.483392011128463e-01  3.083617940468336e-01  4.691638205953111e+00
8.5800  -4.899151335368845e-01  -2.290448136791336e-01  2.623076333665451e-01  4.737692366633399e+00
8.5900  -4.921087298059588e-01  -2.096600069085809e-01  2.197865924845309e-01  4.780213407515411e+00
8.6000  -4.941080577819097e-01  -1.901924332834462e-01  1.808658083913906e-01  4.819134191608552e+00
8.6100  -4.959123281960048e-01  -1.706497779596114e-01  1.456067335883233e-01  4.854393266411619e+00
8.6200  -4.975208287818029e-01  -1.510397557327363e-01  1.140650390590232e-01  4.885934960940919e+00
8.6300  -4.989329245563331e-01  -1.313701079927117e-01  8.629052637008364e-02  4.913709473629858e+00
8.6400  -5.001480580707649e-01  -1.116485996676143e-01  6.232704903869601e-02  4.937672950961243e+00
8.6500  -5.011657496304710e-01  -9.188301615836886e-02  4.221244329179536e-02  4.957787556708142e+00
8.6600  -5.019855974843948e-01  -7.208116026532896e-02  2.597846832598019e-02  4.974021531673955e+00
8.6700  -5.026072779836481e-01  -5.225084910798878e-02  1.365075616252906e-02  4.986349243837407e+00
8.6800  -5.030305457092776e-01  -3.239991103904214e-02  5.248771176689223e-03  4.994751228823247e+00
8.6900  -5.032552335691477e-01  -1.253618255400719e-02  7.857793651369715e-04  4.999214220634802e+00
8.7000  -5.032812528639028e-01  7.332494802363590e-03  2.688274001334453e-04  4.999731172599802e+00
8.7100  -5.031085933219841e-01  2.719827753166658e-02  3.698731503447795e-03  4.996301268496486e+00
8.7200  -5.027373231036830e-01  4.705332327820142e-02  1.107007615761466e-02  4.988929923842320e+00
8.7300  -5.021675887742346e-01  6.688979392487440e-02  2.237122265656082e-02  4.977628777343376e+00
8.7400  -5.013996152459578e-01  8.669985868742842e-02  3.758432748210029e-02  4.962415672517834e+00
8.7500  -5.004337056894682e-01  1.064756972057785e-01  5.668537047728311e-02  4.943314629522652e+00
8.7600  -4.992702414139959e-01  1.262095026312316e-01  7.964419277211432e-02  4.920355807227820e+00
8.7700  -4.979096817168571e-01  1.458934847083735e-01  1.064245444017621e-01  4.893575455598173e+00
8.7800  -4.963525637021389e-01  1.655198728504041e-01  1.369841415420698e-01  4.863015858457866e+00
8.7900  -4.945995020686682e-01  1.850809192067091e-01  1.712747332720020e-01  4.828725266727933e+00
8.8000  -4.926511888673486e-01  2.045689017214558e-01  2.092421777576133e-01  4.790757822242321e+00
8.8100  -4.905083932279626e-01  2.239761271820058e-01  2.508265277372502e-01  4.749173472262686e+00
8.8200  -4.881719610555431e-01  2.432949342559420e-01  2.959621251730156e-01  4.704037874826921e+00
8.8300  -4.856428146964387e-01  2.625176965155093e-01  3.445777049190453e-01  4.655422295080892e+00
8.8400  -4.829219525742022e-01  2.816368254482772e-01  3.965965072429169e-01  4.603403492757020e+00
8.8500  -4.800104487954449e-01  3.006447734528340e-01  4.519363990225294e-01  4.548063600977406e+00
8.8600  -4.769094527258159e-01  3.195340368183312e-01  5.105100034270932e-01  4.489489996572843e+00
8.8700  -4.736201885362694e-01  3.382971586867001e-01  5.722248378774718e-01  4.427775162122464e+00
8.8800  -4.701439547198031e-01  3.569267319963745e-01  6.369834600680588e-01  4.363016539931877e+00
8.8900  -4.664821235788558e-01  3.754154024063535e-01  7.046836218196215e-01  4.295316378180313e+00
8.9000  -4.626361406835675e-01  3.937558711994529e-01  7.752184305202008e-01  4.224781569479734e+00
8.9100  -4.586075243011160e-01  4.119408981635984e-01  8.484765178991605e-01  4.151523482100774e+00
8.9200  -4.543978647963557e-01  4.299633044500216e-01  9.243422158679099e-01  4.075657784132025e+00
8.9300  -4.500088240039929e-01  4.478159754072338e-01  1.002695739149661e+00  3.997304260850273e+00
8.9400  -4.454421345725495e-01  4.654918633896549e-01  1.083413374409866e+00  3.916586625590071e+00
8.9500  -4.406995992803693e-01  4.829839905397915e-01  1.166367675588707e+00  3.833632324411228e+00
8.9600  -4.357830903239419e-01  5.002854515428650e-01  1.251427665127242e+00  3.748572334872692e+00
8.9700  -4.306945485788203e-01  5.173894163528026e-01  1.338459040769468e+00  3.661540959230468e+00
8.9800  -4.254359828334275e-01  5.342891328885127e-01  1.427324387613794e+00  3.572675612386144e+00
8.9900  -4.200094689960530e-01  5.509779296993856e-01  1.517883395079106e+00  3.482116604920833e+00
9.0000  -4.144171492753531e-01  5.674492185989609e-01  1.609993078442857e+00  3.390006921557080e+00
9.0100  -4.086612313346775e-01  5.836964972657264e-01  1.703508004601390e+00  3.296491995398546e+00
9.0200  -4.027439874205559e-01  5.997133518100206e-01  1.798280521696048e+00  3.201719478303889e+00
9.0300  -3.966677534656911e-01  6.154934593060243e-01  1.894160992242483e+00  3.105839007757452e+00
9.0400  -3.904349281668091e-01  6.310305902878435e-01  1.990998029395121e+00  3.009001970604813e+00
9.0500  -3.840479720377330e-01  6.463186112086964e-01  2.088638735973690e+00  2.911361264026244e+00
9.0600  -3.775094064380532e-01  6.613514868622362e-01  2.186928945874453e+00  2.813071054125481e+00
9.0700  -3.708218125777780e-01  6.761232827650510e-01  2.285713467484945e+00  2.714286532514989e+00
9.0800  -3.639878304983569e-01  6.906281674994018e-01  2.384836328717909e+00  2.615163671282026e+00
9.0900  -3.570101580304791e-01  7.048604150152743e-01  2.484141023277524e+00  2.515858976722410e+00
9.1000  -3.498915497290599e-01  7.188144068908345e-01  2.583470757769111e+00  2.416529242230824e+00
9.1100  -3.426348157858317e-01  7.324846345503966e-01  2.682668699262140e+00  2.317331300737794e+00
9.1200  -3.352428209199743e-01  7.458657014390261e-01  2.781578222915652e+00  2.218421777084282e+00
9.1300  -3.277184832472180e-01  7.589523251529228e-01  2.880043159275139e+00  2.119956840724797e+00
9.1400  -3.200647731278672e-01  7.717393395247381e-01  2.977908040850395e+00  2.022091959149543e+00
9.1500  -3.122847119942009e-01  7.842216966630088e-01  3.075018347585041e+00  1.924981652414897e+00
9.1600  -3.043813711577103e-01  7.963944689448980e-01  3.171220750830130e+00  1.828779249169808e+00
9.1700  -2.963578705966468e-01  8.082528509614568e-01  3.266363355436615e+00  1.733636644563322e+00
9.1800  -2.882173777243572e-01  8.197921614146432e-01  3.360295939584462e+00  1.639704060415474e+00
9.1900  -2.799631061388936e-01  8.310078449653423e-01  3.452870191969712e+00  1.547129808030225e+00
9.2000  -2.715983143543905e-01  8.418954740316648e-01  3.543939945975008e+00  1.456060054024928e+00
9.2100  -2.631263045147116e-01  8.524507505368102e-01  3.633361410453855e+00  1.366638589546080e+00
9.2200  -2.545504210898717e-01  8.626695076058061e-01  3.720993396764220e+00  1.279006603235715e+00
9.2300  -2.458740495557507e-01  8.725477112104518e-01  3.806697541692990e+00  1.193302458306944e+00
9.2400  -2.371006150576187e-01  8.820814617618210e-01  3.890338525919354e+00  1.109661474080579e+00
9.2500  -2.282335810580027e-01  8.912669956496900e-01  3.971784287672123e+00  1.028215712327810e+00
9.2600  -2.192764479694251e-01  9.001006867282870e-01  4.050906231243669e+00  9.490937687562626e-01
9.2700  -2.102327517725562e-01  9.085790477477749e-01  4.127579430031267e+00  8.724205699686632e-01
9.2800  -2.011060626203265e-01  9.166987317309027e-01  4.201682823785227e+00  7.983171762147018e-01
9.2900  -1.918999834285470e-01  9.244565332942815e-01  4.273099409752405e+00  7.269005902475246e-01
9.3000  -1.826181484535979e-01  9.318493899137638e-01  4.341716427413268e+00  6.582835725866605e-01
9.3100  -1.732642218577433e-01  9.388743831334276e-01  4.407425536520871e+00  5.925744634790575e-01
9.3200  -1.638418962626411e-01  9.455287397176865e-01  4.470122988160582e+00  5.298770118393464e-01
9.3300  -1.543548912916181e-01  9.518098327460710e-01  4.529709788560518e+00  4.702902114394112e-01
9.3400  -1.448069521012849e-01  9.577151826502506e-01  4.586091855394014e+00  4.139081446059147e-01
9.3500  -1.352018479030717e-01  9.632424581928855e-01  4.639180166327363e+00  3.608198336725646e-01
9.3600  -1.255433704752683e-01  9.683894773879222e-01  4.688890899578266e+00  3.111091004216633e-01
9.3700  -1.158353326661548e-01  9.731542083619694e-01  4.735145566263057e+00  2.648544337368726e-01
9.3800  -1.060815668888150e-01  9.775347701564148e-01  4.777871134323773e+00  2.221288656761566e-01
9.3900  -9.628592360822615e-02  9.815294334699654e-01  4.817000143839356e+00  1.829998561605750e-01
9.4000  -8.645226982122221e-02  9.851366213413185e-01  4.852470813538941e+00  1.475291864609882e-01
9.4100  -7.658448752993136e-02  9.883549097716948e-01  4.884227138349075e+00  1.157728616508562e-01
9.4200  -6.668647220928935e-02  9.911830282869847e-01  4.912218977820787e+00  8.778102217914341e-02
9.4300  -5.676213126923464e-02  9.936198604392911e-01  4.936402135296981e+00  6.359786470295156e-02
9.4400  -4.681538251219188e-02  9.956644442476646e-01  4.956738427695054e+00  4.326157230487873e-02
9.4500  -3.685015258645261e-02  9.973159725778636e-01  4.973195745794651e+00  2.680425420528349e-02
9.4600  -2.687037543606415e-02  9.985737934609827e-01  4.985748104935287e+00  1.425189506464520e-02
9.4700  -1.687999074783823e-02  9.994374103508301e-01  4.994375686043868e+00  5.624313956066193e-03
9.4800  -6.882942396092646e-03  9.999064823199456e-01  4.999064866927238e+00  9.351330726953020e-04
9.4900  3.116823114260318e-03  9.999808241941898e-01  4.999808243780455e+00  1.917562194807694e-04
9.5000  1.311535820566377e-02  9.996604066258424e-01  4.996604642876723e+00  3.395357123212229e-03
9.5100  2.310871578628962e-02  9.989453561051901e-01  4.989459122420625e+00  1.054087757930914e-02
9.5200  3.309295080822026e-02  9.978359549105907e-01  4.978382964561652e+00  2.161703543828176e-02
9.5300  4.306412182482334e-02  9.963326409970397e-01  4.963393657580679e+00  3.660634241925474e-02
9.5400  5.301829254670480e-02  9.944360078232793e-01  4.944514868277507e+00  5.548513172242724e-02
9.5500  6.295153339562622e-02  9.921468041175218e-01  4.921776404603060e+00  7.822359539687224e-02
9.5600  7.285992305577253e-02  9.894659335818753e-01  4.895214168595261e+00  1.047858314046740e-01
9.5700  8.273955002175830e-02  9.863944545355920e-01  4.864870099692840e+00  1.351299003070943e-01
9.5800  9.258651414276085e-02  9.829335794972792e-01  4.830792108516671e+00  1.692078914832640e-01
9.5900  1.023969281621713e-01  9.790846747062366e-01  4.793034001223086e+00  2.069659987768476e-01
9.6000  1.121669192521551e-01  9.748492595831104e-01  4.751655394548693e+00  2.483446054512402e-01
9.6100  1.218926305425170e-01  9.702290061300757e-01  4.706721621680772e+00  2.932783783191609e-01
9.6200  1.315702226432656e-01  9.652257382707854e-01  4.658303629101914e+00  3.416963708980199e-01
9.6300  1.411958751602787e-01  9.598414311303453e-01  4.606477864571747e+00  3.935221354281859e-01
9.6400  1.507657882034680e-01  9.540782102556001e-01  4.551326156422646e+00  4.486738435772875e-01
9.6500  1.602761838868509e-01  9.479383507760374e-01  4.492935584359969e+00  5.070644156399653e-01
9.6600  1.697233078199352e-01  9.414242765056412e-01  4.431398341970850e+00  5.686016580290838e-01
9.6700  1.791034305898285e-01  9.345385589860511e-01  4.366811591158624e+00  6.331884088413092e-01
9.6800  1.884128492334873e-01  9.272839164714015e-01  4.299277308732705e+00  7.007226912672271e-01
9.6900  1.976478886995251e-01  9.196632128552453e-01  4.228902125396162e+00  7.710978746037711e-01
9.7000  2.068049032990009e-01  9.116794565399827e-01  4.155797157385191e+00  8.442028426147411e-01
9.7100  2.158802781446170e-01  9.033357992492435e-01  4.080077831026347e+00  9.199221689735854e-01
9.7200  2.248704305777581e-01  8.946355347836900e-01  4.001863700488495e+00  9.981362995114392e-01
9.7300  2.337718115828053e-01  8.855820977207337e-01  3.921278259017276e+00  1.078721740982658e+00
9.7400  2.425809071881717e-01  8.761790620586776e-01  3.838448743950120e+00  1.161551256049813e+00
9.7500  2.512942398535016e-01  8.664301398058192e-01  3.753505935819657e+00  1.246494064180277e+00
9.7600  2.599083698424893e-01  8.563391795150717e-01  3.666583951862731e+00  1.333416048137203e+00
9.7700  2.684198965807732e-01  8.459101647646832e-01  3.577820034261067e+00  1.422179965738867e+00
9.7800  2.768254599983704e-01  8.351472125856506e-01  3.487354333447910e+00  1.512645666552024e+00
9.7900  2.851217418561216e-01  8.240545718364523e-01  3.395329686822793e+00  1.604670313177140e+00
9.8000  2.933054670556224e-01  8.126366215257379e-01  3.301891393223827e+00  1.698108606776105e+00
9.8100  3.013734049321242e-01  8.008978690836412e-01  3.207186983513587e+00  1.792813016486343e+00
9.8200  3.093223705298939e-01  7.888429485823955e-01  3.111365987640839e+00  1.888634012359089e+00
9.8300  3.171492258595295e-01  7.764766189069536e-01  3.014579698545873e+00  1.985420301454056e+00
9.8400  3.248508811367346e-01  7.638037618763380e-01  2.916980933282229e+00  2.083019066717701e+00
9.8500  3.324242960020637e-01  7.508293803164592e-01  2.818723791731991e+00  2.181276208267939e+00
9.8600  3.398664807211554e-01  7.375585960851655e-01  2.719963413295602e+00  2.280036586704329e+00
9.8700  3.471744973649813e-01  7.239966480503023e-01  2.620855731940366e+00  2.379144268059564e+00
9.8800  3.543454609696430e-01  7.101488900215798e-01  2.521557229994409e+00  2.478442770005521e+00
9.8900  3.613765406752610e-01  6.960207886370657e-01  2.422224691074815e+00  2.577775308925113e+00
9.9000  3.682649608435051e-01  6.816179212051374e-01  2.323014952540064e+00  2.676985047459863e+00
9.9100  3.750080021533240e-01  6.669459735027428e-01  2.224084657857606e+00  2.775915342142322e+00
9.9200  3.816030026744441e-01  6.520107375308449e-01  2.125590009277582e+00  2.874409990722347e+00
9.9300  3.880473589182119e-01  6.368181092279308e-01  2.027686521203184e+00  2.972313478796744e+00
9.9400  3.943385268653652e-01  6.213740861424883e-01  1.930528774647063e+00  3.069471225352867e+00
9.9500  4.004740229703279e-01  6.056847650653731e-01  1.834270173161481e+00  3.165729826838450e+00
9.9600  4.064514251416319e-01  5.897563396229957e-01  1.739062700627571e+00  3.260937299372359e+00
9.9700  4.122683736980792e-01  5.735950978322830e-01  1.645056681286132e+00  3.354943318713798e+00
9.9800  4.179225723002660e-01  5.572074196183761e-01  1.552400542388845e+00  3.447599457611085e+00
9.9900  4.234117888571016e-01  5.405997742960464e-01  1.461240579844682e+00  3.538759420155249e+00
10.0000  4.287338564069646e-01  5.237787180158237e-01  1.371720727231499e+00  3.628279272768432e+00
10.0100  4.338866739731476e-01  5.067508911758437e-01  1.283982328537559e+00  3.716017671462373e+00
10.0200  4.388682073932536e-01  4.895230158004386e-01  1.198163914991782e+00  3.801836085008149e+00
10.0300  4.436764901222165e-01  4.721018928865032e-01  1.114400986335097e+00  3.885599013664834e+00
10.0400  4.483096240086277e-01  4.544943997186860e-01  1.032825796878244e+00  3.967174203121687e+00
10.0500  4.527657800440641e-01  4.367074871544636e-01  9.535671466838300e-01  4.046432853316101e+00
10.0600  4.570431990851200e-01  4.187481768801717e-01  8.767501782023377e-01  4.123249821797594e+00
10.0700  4.611401925478592e-01  4.006235586390749e-01  8.024961786831813e-01  4.197503821316749e+00
10.0800  4.650551430744116e-01  3.823407874325703e-01  7.309223886727897e-01  4.269077611327140e+00
10.0900  4.687865051714539e-01  3.639070806956285e-01  6.621418169020734e-01  4.337858183097855e+00
10.1000  4.723328058203180e-01  3.453297154475886e-01  5.962630618555627e-01  4.403736938144366e+00
10.1100  4.756926450584911e-01  3.266160254194309e-01  5.333901403039317e-01  4.466609859695995e+00
10.1200  4.788646965322745e-01  3.077733981586619e-01  4.736223230706513e-01  4.526377676929275e+00
10.1300  4.818477080203841e-01  2.888092721129544e-01  4.170539782920728e-01  4.582946021707853e+00
10.1400  4.846405019282864e-01  2.697311336936933e-01  3.637744224184252e-01  4.636225577581501e+00
10.1500  4.872419757530737e-01  2.505465143205876e-01  3.138677791909819e-01  4.686132220808944e+00
10.1600  4.896511025186958e-01  2.312629874485146e-01  2.674128468180591e-01  4.732587153181869e+00
10.1700  4.918669311813766e-01  2.118881655777693e-01  2.244829735595610e-01  4.775517026440367e+00
10.1800  4.938885870050544e-01  1.924296972489006e-01  1.851459419165178e-01  4.814854058083410e+00
10.1900  4.957152719066995e-01  1.728952640233199e-01  1.494638616084675e-01  4.850536138391460e+00
10.2000  4.973462647713703e-01  1.532925774508737e-01  1.174930715076606e-01  4.882506928492268e+00
10.2100  4.987809217368859e-01  1.336293760255786e-01  8.928405068492735e-02  4.910715949315001e+00
10.2200  5.000186764480022e-01  1.139134221307186e-01  6.488133870765649e-02  4.935118661292271e+00
10.2300  5.010590402799895e-01  9.415249897451289e-02  4.432346531572826e-02  4.955676534684198e+00
10.2400  5.019016025315259e-01  7.435440751756128e-02  2.764288958643787e-02  4.972357110413488e+00
10.2500  5.025460305868285e-01  5.452696339328282e-02  1.486594868446202e-02  4.985134051315462e+00
10.2600  5.029920700469590e-01  3.467799382256127e-02  6.012816277787987e-03  4.993987183722136e+00
10.2700  5.032395448302521e-01  1.481533452381657e-02  1.097470685262955e-03  4.998902529314657e+00
10.2800  5.032883572418273e-01  -5.053173380278274e-03  1.276728060557648e-04  4.999872327193863e+00
10.2900  5.031384880121545e-01  -2.491968645821380e-02  3.104953865878421e-03  4.996895046134040e+00
10.3000  5.027899963046617e-01  -4.477636206597212e-02  1.002461299931513e-02  4.989975387000600e+00
10.3100  5.022430196923795e-01  -6.461536144304403e-02  2.087572467207610e-02  4.979124275327841e+00
10.3200  5.014977741036307e-01  -8.442885280691315e-02  3.564115593145703e-02  4.964358844068461e+00
10.3300  5.005545537367903e-01  -1.042090144447852e-01  5.429759345776729e-02  4.945702406542153e+00
10.3400  4.994137309441443e-01  -1.239480378013425e-01  7.681558037401510e-02  4.923184419625906e+00
10.3500  4.980757560848987e-01  -1.436381305613033e-01  1.031595627557301e-01  4.896840437244189e+00
10.3600  4.965411573473915e-01  -1.632715197255718e-01  1.332879457674890e-01  4.866712054232429e+00
10.3700  4.948105405405818e-01  -1.828404546797610e-01  1.671531593375088e-01  4.832846840662408e+00
10.3800  4.928845888548964e-01  -2.023372102538799e-01  2.047017332666141e-01  4.795298266733304e+00
10.3900  4.907640625925286e-01  -2.217540897719758e-01  2.458743816529876e-01  4.754125618346931e+00
10.4000  4.884497988672959e-01  -2.410834280905280e-01  2.906060964994039e-01  4.709393903500513e+00
10.4100  4.859427112741757e-01  -2.603175946243934e-01  3.388262503551501e-01  4.661173749644767e+00
10.4200  4.832437895286472e-01  -2.794489963591105e-01  3.904587078305707e-01  4.609541292169349e+00
10.4300  4.803540990759849e-01  -2.984700808483701e-01  4.454219458081628e-01  4.554578054191756e+00
10.4400  4.772747806706562e-01  -3.173733391954726e-01  5.036291821604224e-01  4.496370817839498e+00
10.4500  4.740070499259887e-01  -3.361513090175925e-01  5.649885127712048e-01  4.435011487228715e+00
10.4600  4.705521968342863e-01  -3.547965773916812e-01  6.294030566442561e-01  4.370596943355664e+00
10.4700  4.669115852575829e-01  -3.733017837808441e-01  6.967711088698002e-01  4.303228891130119e+00
10.4800  4.630866523892345e-01  -3.916596229400379e-01  7.669863012076632e-01  4.233013698792256e+00
10.4900  4.590789081865629e-01  -4.098628477999406e-01  8.399377700333867e-01  4.160062229966533e+00
10.5000  4.548899347747741e-01  -4.279042723278554e-01  9.155103313821572e-01  4.084489668617763e+00
10.5100  4.505213858223875e-01  -4.457767743645188e-01  9.935846628141755e-01  4.006415337185744e+00
10.5200  4.459749858884225e-01  -4.634732984356946e-01  1.074037491814312e+00  3.925962508185608e+00
10.5300  4.412525297415987e-01  -4.809868585374424e-01  1.156741790428588e+00  3.843258209571332e+00
10.5400  4.363558816518214e-01  -4.983105408939615e-01  1.241566975830162e+00  3.758433024169759e+00
10.5500  4.312869746542283e-01  -5.154375066869213e-01  1.328379116498150e+00  3.671620883501770e+00
10.5600  4.260478097860921e-01  -5.323609947552017e-01  1.417041143683739e+00  3.582958856316182e+00
10.5700  4.206404552968760e-01  -5.490743242639755e-01  1.507413067829707e+00  3.492586932170216e+00
10.5800  4.150670458317576e-01  -5.655708973420824e-01  1.599352199601642e+00  3.400647800398281e+00
10.5900  4.093297815889412e-01  -5.818442016866507e-01  1.692713375181879e+00  3.307286624818041e+00
10.6000  4.034309274510924e-01  -5.978878131339399e-01  1.787349185470425e+00  3.212650814529495e+00
10.6100  3.973728120912368e-01  -6.136953981953882e-01  1.883110208830980e+00  3.116889791168941e+00
10.6200  3.911578270534766e-01  -6.292607165578648e-01  1.979845247014587e+00  3.020154752985333e+00
10.6300  3.847884258088884e-01  -6.445776235471403e-01  2.077401563888395e+00  2.922598436111526e+00
10.6400  3.782671227869733e-01  -6.596400725536008e-01  2.175625126592599e+00  2.824374873407323e+00
10.6500  3.715964923830435e-01  -6.744421174192499e-01  2.274360848744806e+00  2.725639151255116e+00
10.6600  3.647791679419354e-01  -6.889779147850561e-01  2.373452835307820e+00  2.626547164692103e+00
10.6700  3.578178407184521e-01  -7.032417263977183e-01  2.472744628734216e+00  2.527255371265707e+00
10.6800  3.507152588149454e-01  -7.172279213749382e-01  2.572079455999073e+00  2.427920544000852e+00
10.6900  3.434742260964546e-01  -7.309309784283073e-01  2.671300476130813e+00  2.328699523869111e+00
10.7000  3.360976010838341e-01  -7.443454880429298e-01  2.770251027849337e+00  2.229748972150587e+00
10.7100  3.285882958253028e-01  -7.574661546129202e-01  2.868774876920422e+00  2.131225123079503e+00
10.7200  3.209492747468642e-01  -7.702877985319335e-01  2.966716462835863e+00  2.033283537164063e+00
10.7300  3.131835534820485e-01  -7.828053582379036e-01  3.063921144429863e+00  1.936078855570063e+00
10.7400  3.052941976814394e-01  -7.950138922111809e-01  3.160235444043856e+00  1.839764555956071e+00
10.7500  2.972843218024577e-01  -8.069085809252807e-01  3.255507289854252e+00  1.744492710145672e+00
10.7600  2.891570878798752e-01  -8.184847287494744e-01  3.349586255980503e+00  1.650413744019422e+00
10.7700  2.809157042775476e-01  -8.297377658024682e-01  3.442323799994357e+00  1.557676200005567e+00
10.7800  2.725634244218594e-01  -8.406632497564422e-01  3.533573497455312e+00  1.466426502544613e+00
10.7900  2.641035455173772e-01  -8.512568675907354e-01  3.623191273101954e+00  1.376808726897971e+00
10.8000  2.555394072452229e-01  -8.615144372944827e-01  3.711035628334146e+00  1.288964371665781e+00
10.8100  2.468743904446773e-01  -8.714319095175361e-01  3.796967864626896e+00  1.203032135373030e+00
10.8200  2.381119157785365e-01  -8.810053691690141e-01  3.880852302523153e+00  1.119147697476774e+00
10.8300  2.292554423827474e-01  -8.902310369628496e-01  3.962556495859752e+00  1.037443504140174e+00
10.8400  2.203084665008541e-01  -8.991052709097290e-01  4.041951440888287e+00  9.580485591116380e-01
10.8500  2.112745201037971e-01  -9.076245677548287e-01  4.118911779960698e+00  8.810882200392269e-01
10.8600  2.021571694956072e-01  -9.157855643607834e-01  4.193315999457992e+00  8.066840005419313e-01
10.8700  1.929600139055467e-01  -9.235850390353437e-01  4.265046621649587e+00  7.349533783503375e-01
10.8800  1.836866840672518e-01  -9.310199128031929e-01  4.333990390180325e+00  6.660096098196019e-01
10.8900  1.743408407854393e-01  -9.380872506214243e-01  4.400038448892314e+00  5.999615511076111e-01
10.9000  1.649261734907416e-01  -9.447842625382009e-01  4.463086513699261e+00  5.369134863006642e-01
10.9100  1.554463987832409e-01  -9.511083047941353e-01  4.523035037241869e+00  4.769649627580562e-01
10.9200  1.459052589652783e-01  -9.570568808659586e-01  4.579789366064389e+00  4.202106339355360e-01
10.9300  1.363065205641162e-01  -9.626276424520662e-01  4.633259890064116e+00  3.667401099358112e-01
10.9400  1.266539728450376e-01  -9.678183903995486e-01  4.683362183977867e+00  3.166378160220606e-01
10.9500  1.169514263154692e-01  -9.726270755723458e-01  4.730017140682069e+00  2.699828593178574e-01
10.9600  1.072027112207189e-01  -9.770517996601777e-01  4.773151096095960e+00  2.268489039039649e-01
10.9700  9.741167603192086e-02  -9.810908159279348e-01  4.812695945490704e+00  1.873040545092203e-01
10.9800  8.758218592678661e-02  -9.847425299052313e-01  4.848589251020776e+00  1.514107489791470e-01
10.9900  7.771812126375997e-02  -9.880055000158496e-01  4.880774340307845e+00  1.192256596920774e-01
11.0000  6.782337605017973e-02  -9.908784381468273e-01  4.909200395921479e+00  9.079960407844356e-02
11.0100  5.790185640505401e-02  -9.933602101569610e-01  4.933822535615408e+00  6.617746438451534e-02
11.0200  4.795747901705317e-02  -9.954498363245282e-01  4.954601883192650e+00  4.539811680727375e-02
11.0300  3.799416959833053e-02  -9.971464917340495e-01  4.971505629887614e+00  2.849437011230927e-02
11.0400  2.801586133478061e-02  -9.984495066019374e-01  4.984507086168262e+00  1.549291383166106e-02
11.0500  1.802649333334707e-02  -9.993583665409055e-01  4.993585723876534e+00  6.414276123388957e-03
11.0600  8.030009066993271e-03  -9.998727127630306e-01  4.998727208640509e+00  1.272791359414108e-03
11.0700  -1.969645182050787e-03  -9.999923422213911e-01  4.999923422507119e+00  7.657749280414864e-05
11.0800  -1.196852188015051e-02  -9.997172076902233e-01  4.997172476759685e+00  2.827523240237968e-03
11.0900  -2.196267380062276e-02  -9.990474177835641e-01  4.990478714900036e+00  9.521285099887894e-03
11.1000  -3.194815558197077e-02  -9.979832369123738e-01  4.979852705790496e+00  2.014729420942776e-02
11.1100  -4.192102528538266e-02  -9.965250851801559e-01  4.965311226966586e+00  3.468877303333866e-02
11.1200  -5.187734595087890e-02  -9.946735382171135e-01  4.946877238146757e+00  5.312276185316466e-02
11.1300  -6.181318715149423e-02  -9.924293269529100e-01  4.924579844981030e+00  7.542015501889254e-02
11.1400  -7.172462654488052e-02  -9.897933373281217e-01  4.898454253095704e+00  1.015457469042179e-01
11.1500  -8.160775142171822e-02  -9.867666099444978e-01  4.868541712506784e+00  1.314582874931386e-01
11.1600  -9.145866025032490e-02  -9.833503396541655e-01  4.834889452489813e+00  1.651105475101085e-01
11.1700  -1.012734642168512e-01  -9.795458750879413e-01  4.797550607009004e+00  2.024493929909170e-01
11.1800  -1.110482887604563e-01  -9.753547181229366e-01  4.756584130823366e+00  2.434158691765545e-01
11.1900  -1.207792751028568e-01  -9.707785232896657e-01  4.712054706402321e+00  2.879452935976003e-01
11.2000  -1.304625817716449e-01  -9.658190971188918e-01  4.664032641797757e+00  3.359673582021643e-01
11.2100  -1.400943861167754e-01  -9.604783974284684e-01  4.612593759633794e+00  3.874062403661279e-01
11.2200  -1.496708858196211e-01  -9.547585325504570e-01  4.557819277389510e+00  4.421807226104111e-01
11.2300  -1.591883003940036e-01  -9.486617604988281e-01  4.499795679163680e+00  5.002043208362418e-01
11.2400  -1.686428726786039e-01  -9.421904880780707e-01  4.438614579123965e+00  5.613854208759551e-01
11.2500  -1.780308703201663e-01  -9.353472699330661e-01  4.374372576856199e+00  6.256274231437219e-01
11.2600  -1.873485872469077e-01  -9.281348075405973e-01  4.307171104842108e+00  6.928288951578133e-01
11.2700  -1.965923451315531e-01  -9.205559481428963e-01  4.237116268306334e+00  7.628837316935856e-01
11.2800  -2.057584948434174e-01  -9.126136836236466e-01  4.164318677685606e+00  8.356813223143129e-01
11.2900  -2.148434178889621e-01  -9.043111493268854e-01  4.088893273984562e+00  9.111067260153589e-01
11.3000  -2.238435278402571e-01  -8.956516228192736e-01  4.010959147293992e+00  9.890408527059305e-01
11.3100  -2.327552717507842e-01  -8.866385225962208e-01  3.930639348758046e+00  1.069360651241877e+00
11.3200  -2.415751315580231e-01  -8.772754067323759e-01  3.848060696287278e+00  1.151939303712644e+00
11.3300  -2.502996254722664e-01  -8.675659714770172e-01  3.763353574324303e+00  1.236646425675621e+00
11.3400  -2.589253093511154e-01  -8.575140497948939e-01  3.676651727978198e+00  1.323348272021725e+00
11.3500  -2.674487780591139e-01  -8.471236098530991e-01  3.588092051852728e+00  1.411907948147196e+00
11.3600  -2.758666668119834e-01  -8.363987534545677e-01  3.497814373901774e+00  1.502185626098151e+00
11.3700  -2.841756525049288e-01  -8.253437144188204e-01  3.405961234653277e+00  1.594038765346647e+00
11.3800  -2.923724550244906e-01  -8.139628569105913e-01  3.312677662150258e+00  1.687322337849666e+00
11.3900  -3.004538385434256e-01  -8.022606737169993e-01  3.218110942964268e+00  1.781889057035657e+00
11.4000  -3.084166127981046e-01  -7.902417844739441e-01  3.122410389642817e+00  1.877589610357107e+00
11.4100  -3.162576343479234e-01  -7.779109338424267e-01  3.025727104957982e+00  1.974272895041943e+00
11.4200  -3.239738078162291e-01  -7.652729896355132e-01  2.928213743328381e+00  2.071786256671542e+00
11.4300  -3.315620871122734e-01  -7.523329408966833e-01  2.830024269791262e+00  2.169975730208661e+00
11.4400  -3.390194766337079e-01  -7.390958959303201e-01  2.731313716905213e+00  2.268686283094709e+00
11.4500  -3.463430324491499e-01  -7.255670802851201e-01  2.632237939967370e+00  2.367762060032553e+00
11.4600  -3.535298634603485e-01  -7.117518346912192e-01  2.532953370931583e+00  2.467046629068339e+00
11.4700  -3.605771325434958e-01  -6.976556129518482e-01  2.433616771416095e+00  2.566383228583826e+00
11.4800  -3.674820576692290e-01  -6.832839797903520e-01  2.334384985190711e+00  2.665615014809211e+00
11.4900  -3.742419130008842e-01  -6.686426086534190e-01  2.235414690534246e+00  2.764585309465675e+00
11.5000  -3.808540299705668e-01  -6.537372794713934e-01  2.136862152853293e+00  2.863137847146629e+00
11.5100  -3.873157983326139e-01  -6.385738763765472e-01  2.038882977952849e+00  2.961117022047075e+00
11.5200  -3.936246671940333e-01  -6.231583853802205e-01  1.941631866348417e+00  3.058368133651507e+00
11.5300  -3.997781460215120e-01  -6.074968920097414e-01  1.845262369007477e+00  3.154737630992447e+00
11.5400  -4.057738056245963e-01  -5.915955789060601e-01  1.749926644905982e+00  3.250073355093944e+00
11.5500  -4.116092791146561e-01  -5.754607233830462e-01  1.655775220782694e+00  3.344224779217230e+00
11.5600  -4.172822628392552e-01  -5.590986949494131e-01  1.562956753470685e+00  3.437043246529241e+00
11.5700  -4.227905172915563e-01  -5.425159527942447e-01  1.471617795181236e+00  3.528382204818691e+00
11.5800  -4.281318679944044e-01  -5.257190432371219e-01  1.381902562110774e+00  3.618097437889152e+00
11.5900  -4.333042063587398e-01  -5.087145971438509e-01  1.293952706736153e+00  3.706047293263773e+00
11.6000  -4.383054905159983e-01  -4.915093273088164e-01  1.207907094157826e+00  3.792092905842100e+00
11.6100  -4.431337461241743e-01  -4.741100258049913e-01  1.123901582844048e+00  3.876098417155878e+00
11.6200  -4.477870671472252e-01  -4.565235613026513e-01  1.042068810122278e+00  3.957931189877646e+00
11.6300  -4.522636166075125e-01  -4.387568763578494e-01  9.625379827564859e-01  4.037462017243437e+00
11.6400  -4.565616273109789e-01  -4.208169846717247e-01  8.854346729410130e-01  4.114565327058910e+00
11.6500  -4.606794025447791e-01  -4.027109683217237e-01  8.108806200331017e-01  4.189119379966820e+00
11.6600  -4.646153167470857e-01  -3.844459749658305e-01  7.389935383371398e-01  4.261006461662780e+00
11.6700  -4.683678161488072e-01  -3.660292150209068e-01  6.698869312441061e-01  4.330113068755813e+00
11.6800  -4.719354193869654e-01  -3.474679588162571e-01  6.036699120196807e-01  4.396330087980239e+00
11.6900  -4.753167180894877e-01  -3.287695337235429e-01  5.404470315239791e-01  4.459552968475941e+00
11.7000  -4.785103774311867e-01  -3.099413212641776e-01  4.803181131349208e-01  4.519681886864999e+00
11.7100  -4.815151366607051e-01  -2.909907541953458e-01  4.233780951358808e-01  4.576621904864038e+00
11.7200  -4.843298095982183e-01  -2.719253135757958e-01  3.697168808164744e-01  4.630283119183446e+00
11.7300  -4.869532851036992e-01  -2.527525258125643e-01  3.194191965231549e-01  4.680580803476765e+00
11.7400  -4.893845275155603e-01  -2.334799596897990e-01  2.725644578837507e-01  4.727435542116169e+00
11.7500  -4.916225770594975e-01  -2.141152233808526e-01  2.292266444171621e-01  4.770773355582755e+00
11.7600  -4.936665502273787e-01  -1.946659614448272e-01  1.894741827261948e-01  4.810525817273724e+00
11.7700  -4.955156401260225e-01  -1.751398518087539e-01  1.533698384579613e-01  4.846630161541957e+00
11.7800  -4.971691167957336e-01  -1.555446027366005e-01  1.209706172024343e-01  4.879029382797484e+00
11.7900  -4.986263274984668e-01  -1.358879497863039e-01  9.232767448562527e-02  4.907672325514293e+00
11.8000  -4.998866969755063e-01  -1.161776527560264e-01  6.748623499949925e-02  4.932513765000420e+00
11.8100  -5.009497276745588e-01  -9.642149262084335e-02  4.648552119615674e-02  4.953514478803760e+00
11.8200  -5.018149999461713e-01  -7.662726846107115e-02  2.935869135902535e-02  4.970641308640894e+00
11.8300  -5.024821722093938e-01  -5.680279438344742e-02  1.613278724884103e-02  4.983867212751080e+00
11.8400  -5.029509810866251e-01  -3.695589643637948e-02  6.828691407082028e-03  4.993171308592838e+00
11.8500  -5.032212415075852e-01  -1.709440952047863e-02  1.461094184269153e-03  4.998538905815650e+00
11.8600  -5.032928467823754e-01  2.773825704400213e-03  3.847054519195668e-05  4.999961529454730e+00
11.8700  -5.031657686435949e-01  2.264096591439235e-02  2.563066687683382e-03  4.997436933312237e+00
11.8800  -5.028400572575012e-01  4.249916821790885e-02  9.030896496070567e-03  4.990969103503851e+00
11.8900  -5.023158412042050e-01  6.234059325175138e-02  1.943174783490155e-02  4.980568252165019e+00
11.9000  -5.015933274269117e-01  8.215740827583427e-02  3.374919867301061e-02  4.966250801326908e+00
11.9100  -5.006728011502265e-01  1.019417902652919e-01  5.196064301246382e-02  4.948039356987454e+00
11.9200  -4.995546257675579e-01  1.216859289987508e-01  7.403732658144509e-02  4.925962673418472e+00
11.9300  -4.982392426976613e-01  1.413820301415474e-01  9.994439223472705e-02  4.900055607765192e+00
11.9400  -4.967271712103813e-01  1.610223183226744e-01  1.296409349900434e-01  4.870359065009877e+00
11.9500  -4.950190082216618e-01  1.805990402042406e-01  1.630800666134646e-01  4.836919933386455e+00
11.9600  -4.931154280579028e-01  2.001044675422330e-01  2.002089896518029e-01  4.799791010348116e+00
11.9700  -4.910171821897589e-01  2.195309002373725e-01  2.409690807951559e-01  4.759030919204765e+00
11.9800  -4.887250989354830e-01  2.388706693748591e-01  2.852959834379662e-01  4.714704016561955e+00
11.9900  -4.862400831339340e-01  2.581161402518068e-01  3.331197092924521e-01  4.666880290707471e+00
12.0000  -4.835631157873760e-01  2.772597153911721e-01  3.843647488939687e-01  4.615635251105956e+00
12.0100  -4.806952536742110e-01  2.962938375409872e-01  4.389501908238246e-01  4.561049809176099e+00
12.0200  -4.776376289317980e-01  3.152109926577144e-01  4.967898494613082e-01  4.503210150538615e+00
12.0300  -4.743914486095221e-01  3.340037128725417e-01  5.577924010632165e-01  4.442207598936705e+00
12.0400  -4.709579941922915e-01  3.526645794394523e-01  6.218615279560289e-01  4.378138472043892e+00
12.0500  -4.673386210946490e-01  3.711862256638995e-01  6.888960706130565e-01  4.311103929386864e+00
12.0600  -4.635347581257000e-01  3.895613398109353e-01  7.587901873764549e-01  4.241209812623464e+00
12.0700  -4.595479069250649e-01  4.077826679916424e-01  8.314335215719104e-01  4.168566478428009e+00
12.0800  -4.553796413700817e-01  4.258430170267301e-01  9.067113757521394e-01  4.093288624247781e+00
12.0900  -4.510316069544910e-01  4.437352572861636e-01  9.845048927940891e-01  4.015495107205830e+00
12.1000  -4.465055201388496e-01  4.614523255037077e-01  1.064691243563899e+00  3.935308756436018e+00
12.1100  -4.418031676729286e-01  4.789872275652708e-01  1.147143820853322e+00  3.852856179146595e+00
12.1200  -4.369264058903629e-01  4.963330412699502e-01  1.231732439281390e+00  3.768267560718528e+00
12.1300  -4.318771599758323e-01  5.134829190626893e-01  1.318323540845701e+00  3.681676459154218e+00
12.1400  -4.266574232050621e-01  5.304300907374659e-01  1.406780405798782e+00  3.593219594201137e+00
12.1500  -4.212692561579439e-01  5.471678661099467e-01  1.496963368516563e+00  3.503036631483357e+00
12.1600  -4.157147859050860e-01  5.636896376585506e-01  1.588730038018140e+00  3.411269961981781e+00
12.1700  -4.099962051681164e-01  5.799888831328812e-01  1.681935522788635e+00  3.318064477211284e+00
12.1800  -4.041157714540689e-01  5.960591681284957e-01  1.776432659550171e+00  3.223567340449748e+00
12.1900  -3.980758061641934e-01  6.118941486269951e-01  1.872072245619776e+00  3.127927754380145e+00
12.2000  -3.918786936775434e-01  6.274875735004338e-01  1.968703274487312e+00  3.031296725512611e+00
12.2100  -3.855268804097016e-01  6.428332869790589e-01  2.066173174241506e+00  2.933826825758416e+00
12.2200  -3.790228738470164e-01  6.579252310814049e-01  2.164328048467600e+00  2.835671951532322e+00
12.2300  -3.723692415567281e-01  6.727574480057845e-01  2.263012919236279e+00  2.736987080763642e+00
12.2400  -3.655686101733786e-01  6.873240824822329e-01  2.362071971800216e+00  2.637928028199704e+00
12.2500  -3.586236643619028e-01  7.016193840839744e-01  2.461348800611878e+00  2.538651199388041e+00
12.2600  -3.515371457578113e-01  7.156377094975022e-01  2.560686656274156e+00  2.439313343725763e+00
12.2700  -3.443118518848826e-01  7.293735247503714e-01  2.659928693033903e+00  2.340071306966015e+00
12.2800  -3.369506350507940e-01  7.428214073958298e-01  2.758918216427606e+00  2.241081783572312e+00
12.2900  -3.294564012211240e-01  7.559760486534199e-01  2.857498930688190e+00  2.142501069311729e+00
12.3000  -3.218321088721727e-01  7.688322555047112e-01  2.955515185522308e+00  2.044484814477611e+00
12.3100  -3.140807678230540e-01  7.813849527433319e-01  3.052812221868495e+00  1.947187778131424e+00
12.3200  -3.062054380475171e-01  7.936291849784933e-01  3.149236416248138e+00  1.850763583751780e+00
12.3300  -2.982092284659705e-01  8.055601185912149e-01  3.244635523323461e+00  1.755364476676456e+00
12.3400  -2.900952957181825e-01  8.171730436424773e-01  3.338858916279551e+00  1.661141083720365e+00
12.3500  -2.818668429171443e-01  8.284633757325509e-01  3.431757824650869e+00  1.568242175349046e+00
12.3600  -2.735271183845860e-01  8.394266578107656e-01  3.523185569216761e+00  1.476814430783153e+00
12.3700  -2.650794143686470e-01  8.500585619350076e-01  3.612997793595066e+00  1.387002206404849e+00
12.3800  -2.565270657442048e-01  8.603548909802479e-01  3.701052692168171e+00  1.298947307831746e+00
12.3900  -2.478734486963763e-01  8.703115802954285e-01  3.787211233981631e+00  1.212788766018288e+00
12.4000  -2.391219793877112e-01  8.799246993080535e-01  3.871337382261842e+00  1.128662617738076e+00
12.4100  -2.302761126096041e-01  8.891904530758491e-01  3.953298309206169e+00  1.046701690793749e+00
12.4200  -2.213393404184567e-01  8.981051837848810e-01  4.032964605706375e+00  9.670353942935438e-01
12.4300  -2.123151907571287e-01  9.066653721935395e-01  4.110210485674248e+00  8.897895143256714e-01
12.4400  -2.032072260622230e-01  9.148676390218194e-01  4.184913984646791e+00  8.150860153531294e-01
12.4500  -1.940190418577528e-01  9.227087462853487e-01  4.256957152357399e+00  7.430428476425210e-01
12.4600  -1.847542653357473e-01  9.301855985736376e-01  4.326226238968983e+00  6.737737610309391e-01
12.4700  -1.754165539243563e-01  9.372952442720449e-01  4.392611874674961e+00  6.073881253249600e-01
12.4800  -1.660095938440177e-01  9.440348767269779e-01  4.456009242384602e+00  5.439907576153197e-01
12.4900  -1.565370986522599e-01  9.504018353538666e-01  4.516318243219990e+00  4.836817567799312e-01
12.5000  -1.470028077777114e-01  9.563936066874745e-01  4.573443654563379e+00  4.265563454365427e-01
12.5100  -1.374104850438975e-01  9.620078253741325e-01  4.627295280405337e+00  3.727047195945836e-01
12.5200  -1.277639171834075e-01  9.672422751055018e-01  4.677788093756336e+00  3.222119062435853e-01
12.5300  -1.180669123430171e-01  9.720948894934992e-01  4.724842370896892e+00  2.751576291030279e-01
12.5400  -1.083232985803581e-01  9.765637528860401e-01  4.768383817254334e+00  2.316161827455872e-01
12.5500  -9.853692235272714e-02  9.806471011232731e-01  4.808343684707395e+00  1.916563152925265e-01
12.5600  -8.871164699863149e-02  9.843433222340133e-01  4.844658880133473e+00  1.553411198664483e-01
12.5700  -7.885135121267033e-02  9.876509570720952e-01  4.877272065027128e+00  1.227279349727931e-01
12.5800  -6.895992751435408e-02  9.905686998923949e-01  4.906131746032548e+00  9.386825396737250e-02
12.5900  -5.904128071146617e-02  9.930953988662962e-01  4.931192356247039e+00  6.880764375288186e-02
12.6000  -4.909932635857367e-02  9.952300565363930e-01  4.952414327167159e+00  4.758567283276059e-02
12.6100  -3.913798921129556e-02  9.969718302102545e-01  4.969764151163922e+00  3.023584883599933e-02
12.6200  -2.916120167693863e-02  9.983200322930906e-01  4.983214434388388e+00  1.678556561153532e-02
12.6300  -1.917290226211284e-02  9.992741305591926e-01  4.992743940024151e+00  7.256059975769823e-03
12.6400  -9.177034017938802e-03  9.998337483620384e-01  4.998337621818420e+00  1.662378181499488e-03
12.6500  8.224570165387183e-04  9.999986647829801e-01  4.999986647838714e+00  1.335216120407736e-05
12.6600  1.082162337211686e-02  9.997688147184547e-01  4.997688414417719e+00  2.311585582200442e-03
12.6700  2.081651770776526e-02  9.991442889056853e-01  4.991446550264238e+00  8.553449735680414e-03
12.6800  3.080319436890613e-02  9.981253338868615e-01  4.981270910733794e+00  1.872908926612344e-02
12.6900  4.077771094502847e-02  9.967123519118122e-01  4.967177562267881e+00  3.282243773203775e-02
12.7000  5.073612982602172e-02  9.949059007792100e-01  4.949188757026457e+00  5.081124297346093e-02
12.7100  6.067451975661435e-02  9.927066936163725e-01  4.927332897753753e+00  7.266710224616711e-02
12.7200  7.058895738830373e-02  9.901155985977410e-01  4.901644492932816e+00  9.835550706710643e-02
12.7300  8.047552882816474e-02  9.871336386021550e-01  4.872164102299649e+00  1.278358977002704e-01
12.7400  9.033033118392551e-02  9.837619908090539e-01  4.838938272802966e+00  1.610617271969541e-01
12.7500  1.001494741047007e-01  9.800019862337646e-01  4.802019465110618e+00  1.979805348893022e-01
12.7600  1.099290813167733e-01  9.758551092020601e-01  4.761465970778824e+00  2.385340292210972e-01
12.7700  1.196652921538204e-01  9.713229967641978e-01  4.717341820214909e+00  2.826581797850103e-01
12.7800  1.293542630809760e-01  9.664074380486656e-01  4.669716681578928e+00  3.302833184209922e-01
12.7900  1.389921692121323e-01  9.611103735558927e-01  4.618665750783738e+00  3.813342492161819e-01
12.8000  1.485752058198786e-01  9.554338943922041e-01  4.564269632767266e+00  4.357303672326521e-01
12.8100  1.580995898374818e-01  9.493802414443213e-01  4.506614214224389e+00  4.933857857755303e-01
12.8200  1.675615613523170e-01  9.429518044947336e-01  4.445790527999372e+00  5.542094720005479e-01
12.8300  1.769573850901560e-01  9.361511212782910e-01  4.381894609353007e+00  6.181053906469114e-01
12.8400  1.862833518897313e-01  9.289808764803905e-01  4.315027344331373e+00  6.849726556685471e-01
12.8500  1.955357801669902e-01  9.214439006771500e-01  4.245294310475607e+00  7.547056895243112e-01
12.8600  2.047110173684626e-01  9.135431692179914e-01  4.172805610124258e+00  8.271943898756597e-01
12.8700  2.138054414131690e-01  9.052818010510699e-01  4.097675696571344e+00  9.023243034285743e-01
12.8800  2.228154621224983e-01  8.966630574920164e-01  4.020023193354655e+00  9.799768066452643e-01
12.8900  2.317375226374917e-01  8.876903409364775e-01  3.939970706959598e+00  1.060029293040319e+00
12.9000  2.405681008229739e-01  8.783671935169629e-01  3.857644633234329e+00  1.142355366765589e+00
12.9100  2.493037106579754e-01  8.686972957045270e-01  3.773174957821793e+00  1.226825042178125e+00
12.9200  2.579409036118986e-01  8.586844648558409e-01  3.686695050923810e+00  1.313304949076108e+00
12.9300  2.664762700058843e-01  8.483326537062263e-01  3.598341456721240e+00  1.401658543278678e+00
12.9400  2.749064403588397e-01  8.376459488092451e-01  3.508253677782702e+00  1.491746322217215e+00
12.9500  2.832280867175992e-01  8.266285689234640e-01  3.416573954802271e+00  1.583426045197647e+00
12.9600  2.914379239706902e-01  8.152848633470267e-01  3.323447042013900e+00  1.676552957986018e+00
12.9700  2.995327111451868e-01  8.036193102006948e-01  3.229019978637202e+00  1.770980021362716e+00
12.9800  3.075092526861384e-01  7.916365146600340e-01  3.133441856715431e+00  1.866558143284487e+00
12.9900  3.153643997180706e-01  7.793412071374421e-01  3.036863585712227e+00  1.963136414287690e+00
13.0000  3.230950512880560e-01  7.667382414147385e-01  2.939437654238829e+00  2.060562345761088e+00
13.0100  3.306981555898694e-01  7.538325927270507e-01  2.841317889287938e+00  2.158682110711978e+00
13.0200  3.381707111687394e-01  7.406293557987568e-01  2.742659213354407e+00  2.257340786645510e+00
13.0300  3.455097681062236e-01  7.271337428322546e-01  2.643617399826217e+00  2.356382600173699e+00
13.0400  3.527124291847398e-01  7.133510814503583e-01  2.544348827031979e+00  2.455651172967937e+00
13.0500  3.597758510312916e-01  6.992868125931266e-01  2.445010231333273e+00  2.554989768666642e+00
13.0600  3.666972452399381e-01  6.849464883699601e-01  2.345758459651699e+00  2.654241540348214e+00
13.0700  3.734738794725649e-01  6.703357698678115e-01  2.246750221821358e+00  2.753249778178555e+00
13.0800  3.801030785375205e-01  6.554604249163758e-01  2.148141843157779e+00  2.851858156842133e+00
13.0900  3.865822254456944e-01  6.403263258111401e-01  2.050089017633972e+00  2.949910982365941e+00
13.1000  3.929087624436177e-01  6.249394469951962e-01  1.952746562053308e+00  3.047253437946605e+00
13.1100  3.990801920231798e-01  6.093058627007267e-01  1.856268171607384e+00  3.143731828392530e+00
13.1200  4.050940779075624e-01  5.934317445510996e-01  1.760806177204808e+00  3.239193822795106e+00
13.1300  4.109480460130009e-01  5.773233591245137e-01  1.666511304954061e+00  3.333488695045853e+00
13.1400  4.166397853859947e-01  5.609870654801612e-01  1.573532438180213e+00  3.426467561819702e+00
13.1500  4.221670491155953e-01  5.444293126478805e-01  1.482016382351218e+00  3.517983617648698e+00
13.1600  4.275276552204124e-01  5.276566370822919e-01  1.392107633284968e+00  3.607892366714950e+00
13.1700  4.327194875099885e-01  5.106756600824213e-01  1.303948149003083e+00  3.696051850996835e+00
13.1800  4.377404964202006e-01  4.934930851778295e-01  1.217677125591662e+00  3.782322874408254e+00
13.1900  4.425886998223616e-01  4.761156954822796e-01  1.133430777422874e+00  3.866569222577043e+00
13.2000  4.472621838056978e-01  4.585503510159880e-01  1.051342122084429e+00  3.948657877915487e+00
13.2100  4.517591034328989e-01  4.408039859975145e-01  9.715407703564847e-01  4.028459229643430e+00
13.2200  4.560776834684381e-01  4.228836061063611e-01  8.941527215676000e-01  4.105847278432314e+00
13.2300  4.602162190793760e-01  4.047962857173617e-01  8.193001646528597e-01  4.180699835347055e+00
13.2400  4.641730765083733e-01  3.865491651079516e-01  7.471012852282720e-01  4.252898714771645e+00
13.2500  4.679466937186434e-01  3.681494476394215e-01  6.776700789860557e-01  4.322329921013861e+00
13.2600  4.715355810105937e-01  3.496043969132687e-01  6.111161717054517e-01  4.388883828294465e+00
13.2700  4.749383216099095e-01  3.309213339037662e-01  5.475446461632396e-01  4.452455353836676e+00
13.2800  4.781535722268498e-01  3.121076340678840e-01  4.870558762172609e-01  4.512944123782654e+00
13.2900  4.811800635865340e-01  2.931707244337015e-01  4.297453683249067e-01  4.570254631675009e+00
13.3000  4.840166009300096e-01  2.741180806684623e-01  3.757036107468079e-01  4.624296389253109e+00
13.3100  4.866620644859032e-01  2.549572241274270e-01  3.250159306738152e-01  4.674984069326102e+00
13.3200  4.891154099124701e-01  2.356957188846906e-01  2.777623595028555e-01  4.722237640497060e+00
13.3300  4.913756687098655e-01  2.163411687471353e-01  2.340175064743824e-01  4.765982493525533e+00
13.3400  4.934419486024764e-01  1.969012142526986e-01  1.938504408709356e-01  4.806149559128980e+00
13.3500  4.953134338911622e-01  1.773835296541406e-01  1.573245829628068e-01  4.842675417037108e+00
13.3600  4.969893857752667e-01  1.577958198895024e-01  1.244976038730014e-01  4.875502396126913e+00
13.3700  4.984691426442714e-01  1.381458175404509e-01  9.542133451959776e-02  4.904578665480317e+00
13.3800  4.997521203389776e-01  1.184412797797104e-01  7.014168377927815e-02  4.929858316220637e+00
13.3900  5.008378123821137e-01  9.868998530878664e-02  4.869856600124262e-02  4.951301433998672e+00
13.4000  5.017257901782750e-01  7.889973128719231e-02  3.112583798595576e-02  4.968874162013956e+00
13.4100  5.024157031831202e-01  5.907833025438539e-02  1.745124552823114e-02  4.982548754471682e+00
13.4200  5.029072790417534e-01  3.923360704563652e-02  7.696379609057098e-03  4.992303620390859e+00
13.4300  5.032003236962408e-01  1.937339570304203e-02  1.876642305333237e-03  4.998123357694582e+00
13.4400  5.032947214622202e-01  -4.944636170974262e-04  1.222471343165351e-06  4.999998777528574e+00
13.4500  5.031904350745674e-01  -2.036212773931194e-02  2.073081230360283e-03  4.997926918769561e+00
13.4600  5.028875057021078e-01  -4.022175356518930e-02  8.088947299294092e-03  4.991911052700624e+00
13.4700  5.023860529313650e-01  -6.006550116957153e-02  1.803932215375900e-02  4.981960677846157e+00
13.4800  5.016862747193515e-01  -7.988553689549874e-02  3.190849502541045e-02  4.968091504974507e+00
13.4900  5.007884473154212e-01  -9.967403644667841e-02  4.967456770786888e-02  4.950325432292050e+00
13.5000  4.996929251522162e-01  -1.194231879762596e-01  7.130948913206514e-02  4.928690510867853e+00
13.5100  4.984001407057481e-01  -1.391251951706921e-01  9.677909965641589e-02  4.903220900343503e+00
13.5200  4.969106043246707e-01  -1.587722803274544e-01  1.260431850018988e-01  4.873956814998018e+00
13.5300  4.952249040288113e-01  -1.783566874254334e-01  1.590555397468688e-01  4.840944460253048e+00
13.5400  4.933437052770399e-01  -1.978706851867461e-01  1.957640402813619e-01  4.804235959718555e+00
13.5500  4.912677507045675e-01  -2.173065701287931e-01  2.361107271057004e-01  4.763889272894215e+00
13.5600  4.889978598297792e-01  -2.366566696053393e-01  2.800318963434535e-01  4.719968103656462e+00
13.5700  4.865349287307144e-01  -2.559133448354213e-01  3.274582003242662e-01  4.672541799675651e+00
13.5800  4.838799296913250e-01  -2.750689939188867e-01  3.783147570777425e-01  4.621685242922173e+00
13.5900  4.810339108176504e-01  -2.941160548373729e-01  4.325212685655026e-01  4.567478731434413e+00
13.6000  4.779979956240590e-01  -3.130470084395430e-01  4.899921474647366e-01  4.510007852535178e+00
13.6100  4.747733825897222e-01  -3.318543814093986e-01  5.506366523030730e-01  4.449363347696840e+00
13.6200  4.713613446854943e-01  -3.505307492164979e-01  6.143590307313967e-01  4.385640969268517e+00
13.6300  4.677632288713853e-01  -3.690687390469163e-01  6.810586707084041e-01  4.318941329291508e+00
13.6400  4.639804555648264e-01  -3.874610327137894e-01  7.506302593581810e-01  4.249369740641733e+00
13.6500  4.600145180799347e-01  -4.057003695462920e-01  8.229639492499892e-01  4.177036050749924e+00
13.6600  4.558669820380031e-01  -4.237795492559115e-01  8.979455318377175e-01  4.102054468162195e+00
13.6700  4.515394847494447e-01  -4.416914347788844e-01  9.754566177851475e-01  4.024543382214765e+00
13.6800  4.470337345674358e-01  -4.594289550936733e-01  1.055374823892323e+00  3.944625176107591e+00
13.6900  4.423515102135150e-01  -4.769851080123733e-01  1.137573966327877e+00  3.862426033672036e+00
13.7000  4.374946600754029e-01  -4.943529629449443e-01  1.221924259862227e+00  3.778075740137685e+00
13.7100  4.324651014773190e-01  -5.115256636351800e-01  1.308292522787057e+00  3.691707477212856e+00
13.7200  4.272648199230855e-01  -5.284964308673312e-01  1.396542387197539e+00  3.603457612802373e+00
13.7300  4.218958683123160e-01  -5.452585651423169e-01  1.486534514305291e+00  3.513465485694622e+00
13.7400  4.163603661299987e-01  -5.618054493224649e-01  1.578126814442083e+00  3.421873185557832e+00
13.7500  4.106604986097930e-01  -5.781305512437401e-01  1.671174671406954e+00  3.328825328592962e+00
13.7600  4.047985158713719e-01  -5.942274262944272e-01  1.765531170802494e+00  3.234468829197422e+00
13.7700  3.987767320321488e-01  -6.100897199592508e-01  1.861047331999785e+00  3.138952668000132e+00
13.7800  3.925975242937402e-01  -6.257111703279283e-01  1.957572343365729e+00  3.042427656634188e+00
13.7900  3.862633320035251e-01  -6.410856105671658e-01  2.054953800381379e+00  2.945046199618537e+00
13.8000  3.797766556916709e-01  -6.562069713551202e-01  2.153037946275298e+00  2.846962053724619e+00
13.8100  3.731400560840066e-01  -6.710692832773671e-01  2.251669914791996e+00  2.748330085207920e+00
13.8200  3.663561530911330e-01  -6.856666791834296e-01  2.350693974712161e+00  2.649306025287755e+00
13.8300  3.594276247741683e-01  -6.999933965029339e-01  2.449953775738568e+00  2.550046224261347e+00
13.8400  3.523572062875375e-01  -7.140437795204845e-01  2.549292595359491e+00  2.450707404640426e+00
13.8500  3.451476887992241e-01  -7.278122816083520e-01  2.648553586299775e+00  2.351446413700142e+00
13.8600  3.378019183889093e-01  -7.412934674160995e-01  2.747580024168919e+00  2.252419975831001e+00
13.8700  3.303227949244327e-01  -7.544820150162799e-01  2.846215554915130e+00  2.153784445084791e+00
13.8800  3.227132709170211e-01  -7.673727180053568e-01  2.944304441694644e+00  2.055695558305276e+00
13.8900  3.149763503557339e-01  -7.799604875590216e-01  3.041691810766533e+00  1.958308189233389e+00
13.9000  3.071150875215876e-01  -7.922403544410926e-01  3.138223896024741e+00  1.861776103975183e+00
13.9100  2.991325857818261e-01  -8.042074709652062e-01  3.233748281781264e+00  1.766251718218658e+00
13.9200  2.910319963648141e-01  -8.158571129085229e-01  3.328114143417152e+00  1.671885856582772e+00
13.9300  2.828165171160359e-01  -8.271846813766950e-01  3.421172485521322e+00  1.578827514478600e+00
13.9400  2.744893912356913e-01  -8.381857046193592e-01  3.512776377141258e+00  1.487223622858663e+00
13.9500  2.660539059983874e-01  -8.488558397954347e-01  3.602781183774063e+00  1.397218816225858e+00
13.9600  2.575133914554307e-01  -8.591908746875343e-01  3.691044795731652e+00  1.308955204268271e+00
13.9700  2.488712191202331e-01  -8.691867293648088e-01  3.777427852519466e+00  1.222572147480454e+00
13.9800  2.401308006373496e-01  -8.788394577935692e-01  3.861793962874474e+00  1.138206037125445e+00
13.9900  2.312955864356733e-01  -8.881452493950506e-01  3.944009920114982e+00  1.055990079884934e+00
14.0000  2.223690643663199e-01  -8.971004305497030e-01  4.023945912462312e+00  9.760540875376034e-01
14.0100  2.133547583257394e-01  -9.057014660474151e-01  4.101475728002185e+00  8.985242719977318e-01
14.0200  2.042562268645977e-01  -9.139449604830983e-01  4.176476953962260e+00  8.235230460376567e-01
14.0300  1.950770617829784e-01  -9.218276595970810e-01  4.248831169991159e+00  7.511688300087568e-01
14.0400  1.858208867124589e-01  -9.293464515597832e-01  4.318424135133803e+00  6.815758648661138e-01
14.0500  1.764913556856193e-01  -9.364983682001639e-01  4.385145968207848e+00  6.148540317920693e-01
14.0600  1.670921516935518e-01  -9.432805861774562e-01  4.448891321296427e+00  5.511086787034899e-01
14.0700  1.576269852319369e-01  -9.496904280957311e-01  4.509559546083265e+00  4.904404539166516e-01
14.0800  1.480995928362621e-01  -9.557253635608434e-01  4.567054852767531e+00  4.329451472323849e-01
14.0900  1.385137356067610e-01  -9.613830101793486e-01  4.621286461307527e+00  3.787135386923898e-01
14.1000  1.288731977236549e-01  -9.666611344989927e-01  4.672168744754399e+00  3.278312552455183e-01
14.1100  1.191817849532835e-01  -9.715576528904063e-01  4.719621364449575e+00  2.803786355503406e-01
14.1200  1.094433231457138e-01  -9.760706323696520e-01  4.763569396872462e+00  2.364306031274555e-01
14.1300  9.966165672442046e-02  -9.801982913613030e-01  4.803943451938089e+00  1.960565480618288e-01
14.1400  8.984064716863457e-02  -9.839390004017502e-01  4.840679782557977e+00  1.593202174419415e-01
14.1500  7.998417148895882e-02  -9.872912827824608e-01  4.873720385291185e+00  1.262796147087332e-01
14.1600  7.009612069685178e-02  -9.902538151329341e-01  4.903013091926656e+00  9.698690807326114e-02
14.1700  6.018039826858472e-02  -9.928254279431243e-01  4.928511651852240e+00  7.148834814767471e-02
14.1800  5.024091860427809e-02  -9.950051060251254e-01  4.950175805080355e+00  4.982419491955928e-02
14.1900  4.028160548262544e-02  -9.967919889139322e-01  4.967971345814964e+00  3.202865418495029e-02
14.2000  3.030639051191501e-02  -9.981853712071247e-01  4.981870176459527e+00  1.812982354038421e-02
14.2100  2.031921157796052e-02  -9.991847028433380e-01  4.991850351980649e+00  8.149648019260367e-03
14.2200  1.032401128955369e-02  -9.997895893194076e-01  4.997896114557349e+00  2.103885442559756e-03
14.2300  3.247354220523692e-04  -9.999997918461063e-01  4.999997918461279e+00  2.081538629089034e-06
14.2400  -9.674668640281386e-03  -9.998152274424104e-01  4.998152445128594e+00  1.847554871313779e-03
14.2500  -1.967025346257844e-02  -9.992359689682582e-01  4.992362608399669e+00  7.637391600236959e-03
14.2600  -2.965807311767964e-02  -9.982622450957872e-01  4.982637549918408e+00  1.736245008149764e-02
14.2700  -3.963418474385769e-02  -9.968944402190618e-01  4.968992624698384e+00  3.100737530152385e-02
14.2800  -4.959465010132889e-02  -9.951330943023267e-01  4.951449376878617e+00  4.855062312129112e-02
14.2900  -5.953553712694028e-02  -9.929789026668475e-01  4.930035505707283e+00  6.996449429262645e-02
14.3000  -6.945292148641853e-02  -9.904327157164208e-01  4.904784821807022e+00  9.521517819288970e-02
14.3100  -7.934288812356755e-02  -9.874955386016621e-01  4.875737193790934e+00  1.242628062089782e-01
14.3200  -8.920153280580359e-02  -9.841685308232067e-01  4.842938485313545e+00  1.570615146863669e-01
14.3300  -9.902496366541751e-02  -9.804530057739759e-01  4.806440482656120e+00  1.935595173437925e-01
14.3400  -1.088093027359557e-01  -9.763504302206936e-01  4.766300812960667e+00  2.336991870392452e-01
14.3500  -1.185506874831134e-01  -9.718624237248547e-01  4.722582853241745e+00  2.774171467581666e-01
14.3600  -1.282452723295356e-01  -9.669907580033761e-01  4.675355630319720e+00  3.246443696801920e-01
14.3700  -1.378892301729244e-01  -9.617373562291809e-01  4.624693711833472e+00  3.753062881664397e-01
14.3800  -1.474787538968528e-01  -9.561042922719931e-01  4.570677088504644e+00  4.293229114952668e-01
14.3900  -1.570100578736882e-01  -9.500937898796430e-01  4.513391047839316e+00  4.866089521605955e-01
14.4000  -1.664793794590339e-01  -9.437082218002039e-01  4.452926039466513e+00  5.470739605333982e-01
14.4100  -1.758829804770966e-01  -9.369501088453099e-01  4.389377532326191e+00  6.106224676737219e-01
14.4200  -1.852171486963951e-01  -9.298221188950231e-01  4.322845863932153e+00  6.771541360677612e-01
14.4300  -1.944781992952264e-01  -9.223270658446416e-01  4.253436081947930e+00  7.465639180519856e-01
14.4400  -2.036624763163127e-01  -9.144679084938672e-01  4.181257778325739e+00  8.187422216741773e-01
14.4500  -2.127663541100516e-01  -9.062477493787682e-01  4.106424916270413e+00  8.935750837295023e-01
14.4600  -2.217862387658038e-01  -8.976698335470018e-01  4.029055650301510e+00  9.709443496984073e-01
14.4700  -2.307185695306500e-01  -8.887375472767746e-01  3.949272139697686e+00  1.050727860302231e+00
14.4800  -2.395598202150588e-01  -8.794544167400531e-01  3.867200355617935e+00  1.132799644381982e+00
14.4900  -2.483065005849104e-01  -8.698241066105463e-01  3.782969882204176e+00  1.217030117795741e+00
14.5000  -2.569551577393251e-01  -8.598504186170144e-01  3.696713711979275e+00  1.303286288020641e+00
14.5100  -2.655023774737554e-01  -8.495372900424707e-01  3.608568035863525e+00  1.391431964136390e+00
14.5200  -2.739447856278012e-01  -8.388887921698728e-01  3.518672028141140e+00  1.481327971858774e+00
14.5300  -2.822790494172163e-01  -8.279091286749142e-01  3.427167626716278e+00  1.572832373283634e+00
14.5400  -2.905018787495828e-01  -8.166026339665521e-01  3.334199309005554e+00  1.665800690994359e+00
14.5500  -2.986100275231304e-01  -8.049737714759247e-01  3.239913863820872e+00  1.760086136179041e+00
14.5600  -3.066002949081901e-01  -7.930271318943374e-01  3.144460159602794e+00  1.855539840397119e+00
14.5700  -3.144695266107768e-01  -7.807674313610076e-01  3.047988909370328e+00  1.952011090629584e+00
14.5800  -3.222146161178001e-01  -7.681995096012900e-01  2.950652432758313e+00  2.049347567241601e+00
14.5900  -3.298325059234132e-01  -7.553283280161118e-01  2.852604415518075e+00  2.147395584481838e+00
14.6000  -3.373201887360156e-01  -7.421589677233756e-01  2.753999666861132e+00  2.246000333138781e+00
14.6100  -3.446747086654322e-01  -7.286966275521017e-01  2.654993875029033e+00  2.345006124970881e+00
14.6200  -3.518931623898016e-01  -7.149466219901015e-01  2.555743361475285e+00  2.444256638524628e+00
14.6300  -3.589727003017117e-01  -7.009143790859936e-01  2.456404834047520e+00  2.543595165952394e+00
14.6400  -3.659105276331306e-01  -6.866054383063890e-01  2.357135139559543e+00  2.642864860440372e+00
14.6500  -3.727039055586892e-01  -6.720254483490921e-01  2.258091016143991e+00  2.741908983855925e+00
14.6600  -3.793501522768782e-01  -6.571801649131815e-01  2.159428845776583e+00  2.840571154223333e+00
14.6700  -3.858466440687361e-01  -6.420754484268500e-01  2.061304407362703e+00  2.938695592637213e+00
14.6800  -3.921908163336061e-01  -6.267172617339004e-01  1.963872630776191e+00  3.036127369223722e+00
14.6900  -3.983801646015561e-01  -6.111116677398122e-01  1.867287352238673e+00  3.132712647761240e+00
14.7000  -4.044122455220603e-01  -5.952648270183056e-01  1.771701071425667e+00  3.228298928574246e+00
14.7100  -4.102846778285545e-01  -5.791829953793508e-01  1.677264710682985e+00  3.322735289316925e+00
14.7200  -4.159951432784804e-01  -5.628725213995810e-01  1.584127376733609e+00  3.415872623266303e+00
14.7300  -4.215413875684518e-01  -5.463398439160824e-01  1.492436125251246e+00  3.507563874748666e+00
14.7400  -4.269212212241798e-01  -5.295914894845544e-01  1.402335728672344e+00  3.597664271327568e+00
14.7500  -4.321325204648038e-01  -5.126340698028420e-01  1.313968447613125e+00  3.686031552386789e+00
14.7600  -4.371732280412908e-01  -4.954742791008537e-01  1.227473806252553e+00  3.772526193747361e+00
14.7700  -4.420413540485698e-01  -4.781188914979009e-01  1.142988372035908e+00  3.857011627964007e+00
14.7800  -4.467349767110801e-01  -4.605747583284998e-01  1.060645540046780e+00  3.939354459953137e+00
14.7900  -4.512522431414250e-01  -4.428488054376896e-01  9.805753223879431e-01  4.019424677611972e+00
14.8000  -4.555913700718311e-01  -4.249480304469380e-01  9.029041429036588e-01  4.097095857096258e+00
14.8100  -4.597506445581225e-01  -4.068794999917107e-01  8.277546375675228e-01  4.172245362432392e+00
14.8200  -4.637284246559362e-01  -3.886503469317971e-01  7.552454608510314e-01  4.244754539148883e+00
14.8300  -4.675231400689062e-01  -3.702677675354922e-01  6.854910983785866e-01  4.314508901621330e+00
14.8400  -4.711332927685653e-01  -3.517390186387476e-01  6.186016861647463e-01  4.381398313835171e+00
14.8500  -4.745574575857174e-01  -3.330714147804117e-01  5.546828367191254e-01  4.445317163280792e+00
14.8600  -4.777942827730471e-01  -3.142723253146916e-01  4.938354722935168e-01  4.506164527706400e+00
14.8700  -4.808424905387449e-01  -2.953491715019745e-01  4.361556655345138e-01  4.563844334465402e+00
14.8800  -4.837008775509378e-01  -2.763094235791596e-01  3.817344877932372e-01  4.618265512206681e+00
14.8900  -4.863683154127237e-01  -2.571605978106544e-01  3.306578653316656e-01  4.669342134668249e+00
14.9000  -4.888437511076270e-01  -2.379102535212015e-01  2.830064436526118e-01  4.716993556347301e+00
14.9100  -4.911262074152937e-01  -2.185659901117070e-01  2.388554601675539e-01  4.761144539832358e+00
14.9200  -4.932147832972659e-01  -1.991354440592475e-01  1.982746254033684e-01  4.801725374596545e+00
14.9300  -4.951086542526820e-01  -1.796262859024405e-01  1.613280129355264e-01  4.838671987064386e+00
14.9400  -4.968070726437628e-01  -1.600462172133693e-01  1.280739582215450e-01  4.871926041778367e+00
14.9500  -4.983093679909540e-01  -1.404029675572563e-01  9.856496649441976e-02  4.901435033505491e+00
14.9600  -4.996149472376094e-01  -1.207042914410851e-01  7.284762986147207e-02  4.927152370138439e+00
14.9700  -5.007232949841102e-01  -1.009579652523778e-01  5.096255373950156e-02  4.949037446260411e+00
14.9800  -5.016339736913276e-01  -8.117178418933291e-02  3.294429274239818e-02  4.967055707257518e+00
14.9900  -5.023466238533487e-01  -6.135355918353889e-02  1.882129612244005e-02  4.981178703877477e+00
15.0000  -5.028609641393982e-01  -4.151111381647566e-02  8.615862851421982e-03  4.991384137148493e+00
# m=10, k=39.478, p=2
# x0=0, v0=1
# t_start=0, t_end=15, h=0.001
#   t          x(t)               v(t)               KE(t)              PE(x(t)) 
0.0000  0.000000000000000e+00  1.000000000000000e+00  5.000000000000000e+00  0.000000000000000e+00
0.0100  9.999342046319517e-03  9.998026164937167e-01  4.998026359738410e+00  1.973640261591093e-03
0.0200  1.999473668225177e-02  9.992105438953636e-01  4.992108555158342e+00  7.891444841658631e-03
0.0300  2.998223805571692e-02  9.982240159356716e-01  4.982255929953699e+00  1.774407004629905e-02
0.0400  3.995790343063475e-02  9.968434220633362e-01  4.968484040554713e+00  3.151595944528337e-02
0.0500  4.991779474338682e-02  9.950693072912762e-01  4.950814631565701e+00  4.918536843429474e-02
0.0600  5.985798015743413e-02  9.929023719814799e-01  4.929275601432245e+00  7.072439856774983e-02
0.0700  6.977453561547640e-02  9.903434715685263e-01  4.903900958392002e+00  9.609904160799494e-02
0.0800  7.966354638854051e-02  9.873936162218864e-01  4.874730766778669e+00  1.252692332213279e-01
0.0900  8.952110862138636e-02  9.840539704471429e-01  4.841811083763932e+00  1.581889162360638e-01
0.1000  9.934333087362007e-02  9.803258526262818e-01  4.805193886637232e+00  1.948061133627650e-01
0.1100  1.091263356559064e-01  9.762107344972373e-01  4.764936990738177e+00  2.350630092618189e-01
0.1200  1.188662609606734e-01  9.717102405728997e-01  4.721103958171213e+00  2.788960418287832e-01
0.1300  1.285592617867061e-01  9.668261474998106e-01  4.673763997446628e+00  3.262360025533684e-01
0.1400  1.382015116570254e-01  9.615603833568014e-01  4.622991854206393e+00  3.770081457935997e-01
0.1500  1.477892041294557e-01  9.559150268938521e-01  4.568867693207370e+00  4.311323067926247e-01
0.1600  1.573185542992822e-01  9.498923067114683e-01  4.511476971748171e+00  4.885230282518248e-01
0.1700  1.667858002934065e-01  9.434946003809038e-01  4.450910304739607e+00  5.490896952603890e-01
0.1800  1.761872047554105e-01  9.367244335055740e-01  4.387263321631693e+00  6.127366783683031e-01
0.1900  1.855190563209408e-01  9.295844787240309e-01  4.320636515423142e+00  6.793634845768544e-01
0.2000  1.947776710828329e-01  9.220775546548936e-01  4.251135083991741e+00  7.488649160082552e-01
0.2100  2.039593940453971e-01  9.142066247841503e-01  4.178868763996141e+00  8.211312360038567e-01
0.2200  2.130606005672889e-01  9.059747962952722e-01  4.103951657611300e+00  8.960483423886983e-01
0.2300  2.220776977923992e-01  8.973853188425996e-01  4.026502052371171e+00  9.734979476288260e-01
0.2400  2.310071260681942e-01  8.884415832684864e-01  3.946642234403074e+00  1.053357765596923e+00
0.2500  2.398453603509497e-01  8.791471202647063e-01  3.864498295348630e+00  1.135501704651369e+00
0.2600  2.485889115973215e-01  8.695055989786525e-01  3.780199933276126e+00  1.219800066723872e+00
0.2700  2.572343281417047e-01  8.595208255648797e-01  3.693880247898662e+00  1.306119752101336e+00
0.2800  2.657781970588378e-01  8.491967416825599e-01  3.605675530421382e+00  1.394324469578617e+00
0.2900  2.742171455111126e-01  8.385374229394446e-01  3.515725048349625e+00  1.484274951650373e+00
0.3000  2.825478420800593e-01  8.275470772829500e-01  3.424170825597764e+00  1.575829174402233e+00
0.3100  2.907669980814810e-01  8.162300433389980e-01  3.331157418245913e+00  1.668842581754084e+00
0.3200  2.988713688637170e-01  8.045907886992696e-01  3.236831686298563e+00  1.763168313701431e+00
0.3300  3.068577550885249e-01  7.926339081575479e-01  3.141342561805540e+00  1.858657438194453e+00
0.3400  3.147230039940736e-01  7.803641218958437e-01  3.044840813711356e+00  1.955159186288636e+00
0.3500  3.224640106395495e-01  7.677862736210244e-01  2.947478809804293e+00  2.052521190195699e+00
0.3600  3.300777191308849e-01  7.549053286526780e-01  2.849410276141039e+00  2.150589723858951e+00
0.3700  3.375611238271242e-01  7.417263719629686e-01  2.750790054326741e+00  2.249209945673249e+00
0.3800  3.449112705269516e-01  7.282546061692574e-01  2.651773857033701e+00  2.348226142966290e+00
0.3900  3.521252576349125e-01  7.144953494802807e-01  2.552518022144742e+00  2.447481977855248e+00
0.4000  3.592002373068674e-01  7.004540335966972e-01  2.453179265909415e+00  2.546820734090575e+00
0.4100  3.661334165742275e-01  6.861362015668302e-01  2.353914435502789e+00  2.646085564497201e+00
0.4200  3.729220584465257e-01  6.715475055984568e-01  2.254880261377547e+00  2.745119738622444e+00
0.4300  3.795634829918907e-01  6.566937048275016e-01  2.156233109800349e+00  2.843766890199642e+00
0.4400  3.860550683949956e-01  6.415806630445201e-01  2.058128735963230e+00  2.941871264036761e+00
0.4500  3.923942519920640e-01  6.262143463798677e-01  1.960722038059825e+00  3.039277961940164e+00
0.4600  3.985785312825250e-01  6.106008209484688e-01  1.864166812714720e+00  3.135833187285269e+00
0.4700  4.046054649169184e-01  5.947462504551131e-01  1.768615512152081e+00  3.231384487847908e+00
0.4800  4.104726736606584e-01  5.786568937612300e-01  1.674219003486977e+00  3.325780996513011e+00
0.4900  4.161778413332770e-01  5.623391024140957e-01  1.581126330519454e+00  3.418873669480534e+00
0.5000  4.217187157227761e-01  5.457993181394519e-01  1.489484478407453e+00  3.510515521592537e+00
0.5100  4.270931094747258e-01  5.290440702985252e-01  1.399438141590154e+00  3.600561858409836e+00
0.5200  4.322989009557603e-01  5.120799733104506e-01  1.311129495328159e+00  3.688870504671832e+00
0.5300  4.373340350911285e-01  4.949137240411169e-01  1.224697971221234e+00  3.775302028778757e+00
0.5400  4.421965241759701e-01  4.775520991594653e-01  1.140280037058059e+00  3.859719962941932e+00
0.5500  4.468844486599953e-01  4.600019524622834e-01  1.058008981345564e+00  3.941991018654428e+00
0.5600  4.513959579052604e-01  4.422702121685531e-01  9.780147028580846e-01  4.021985297141906e+00
0.5700  4.557292709167386e-01  4.243638781844177e-01  9.004235055385964e-01  4.099576494461393e+00
0.5800  4.598826770453978e-01  4.062900193398502e-01  8.253578990758791e-01  4.174642100924111e+00
0.5900  4.638545366635085e-01  3.880557705981122e-01  7.529364054724734e-01  4.247063594527518e+00
0.6000  4.676432818119151e-01  3.696683302391060e-01  6.832733719088436e-01  4.316726628091148e+00
0.6100  4.712474168190138e-01  3.511349570177307e-01  6.164787901992178e-01  4.383521209800774e+00
0.6200  4.746655188911950e-01  3.324629672983657e-01  5.526581231241707e-01  4.447341876875819e+00
0.6300  4.778962386745151e-01  3.136597321666113e-01  4.919121379141517e-01  4.508087862085838e+00
0.6400  4.809383007873769e-01  2.947326745194270e-01  4.343367471468725e-01  4.565663252853119e+00
0.6500  4.837905043240078e-01  2.756892661348168e-01  3.800228573097693e-01  4.619977142690222e+00
0.6600  4.864517233285386e-01  2.565370247222180e-01  3.290562252666393e-01  4.670943774733352e+00
0.6700  4.889209072394929e-01  2.372835109547566e-01  2.815173228550806e-01  4.718482677144911e+00
0.6800  4.911970813045150e-01  2.179363254845444e-01  2.374812098285264e-01  4.762518790171465e+00
0.6900  4.932793469651690e-01  1.985031059421909e-01  1.970174153434833e-01  4.802982584656509e+00
0.7000  4.951668822116606e-01  1.789915239217193e-01  1.601898281790970e-01  4.839810171820895e+00
0.7100  4.968589419073394e-01  1.594092819520743e-01  1.270565958623796e-01  4.872943404137611e+00
0.7200  4.983548580828545e-01  1.397641104564177e-01  9.767003285836869e-02  4.902329967141622e+00
0.7300  4.996540401998460e-01  1.200637647004122e-01  7.207653797017971e-02  4.927923462029811e+00
0.7400  5.007559753840708e-01  1.003160217306984e-01  5.031652107936976e-02  4.949683478920618e+00
0.7500  5.016602286278683e-01  8.052867730477338e-02  3.242433934228162e-02  4.967575660657705e+00
0.7600  5.023664429618869e-01  6.070954281348283e-02  1.842824294311052e-02  4.981571757056876e+00
0.7700  5.028743395960036e-01  4.086644219734149e-02  8.350330489343267e-03  4.991649669510640e+00
0.7800  5.031837180293816e-01  2.100720885789967e-02  2.206514119997093e-03  4.997793485879987e+00
0.7900  5.032944561296208e-01  1.139682565374658e-03  6.494381749094808e-06  4.999993505618234e+00
0.8000  5.032065101809723e-01  -1.872829363623196e-02  1.753744912624633e-03  4.998246255087358e+00
0.8100  5.029199149015954e-01  -3.858887652530934e-02  7.445506957427851e-03  4.992554493042551e+00
0.8200  5.024347834298525e-01  -5.843422579888249e-02  1.707279372357392e-02  4.982927206276402e+00
0.8300  5.017513072796455e-01  -7.825650716770538e-02  3.062040457044562e-02  4.969379595429531e+00
0.8400  5.008697562648122e-01  -9.804789544897975e-02  4.806694900987032e-02  4.951933050990108e+00
0.8500  4.997904783926131e-01  -1.178005776554793e-01  6.938488047982300e-02  4.930615119520152e+00
0.8600  4.985138997263498e-01  -1.375067560798591e-01  9.454053983802933e-02  4.905459460161945e+00
0.8700  4.970405242171685e-01  -1.571586513729335e-01  1.234942085067963e-01  4.876505791493179e+00
0.8800  4.953709335051172e-01  -1.767485056147064e-01  1.562001711851594e-01  4.843799828814814e+00
0.8900  4.935057866895338e-01  -1.962685853769422e-01  1.926067880293302e-01  4.807393211970641e+00
0.9000  4.914458200688546e-01  -2.157111847760679e-01  2.326565761874746e-01  4.767343423812499e+00
0.9100  4.891918468499484e-01  -2.350686285152024e-01  2.762863005600912e-01  4.723713699439884e+00
0.9200  4.867447568270893e-01  -2.543332749141098e-01  3.234270736426809e-01  4.676572926357295e+00
0.9300  4.841055160306950e-01  -2.734975189258831e-01  3.740044642930689e-01  4.625995535706909e+00
0.9400  4.812751663459701e-01  -2.925537951391655e-01  4.279386152516441e-01  4.572061384748333e+00
0.9500  4.782548251016041e-01  -3.114945807647257e-01  4.851443692289613e-01  4.514855630771015e+00
0.9600  4.750456846286872e-01  -3.303123986052068e-01  5.455314033616252e-01  4.454468596638351e+00
0.9700  4.716490117900167e-01  -3.489998200068767e-01  6.090043718241616e-01  4.390995628175814e+00
0.9800  4.680661474799818e-01  -3.675494677922162e-01  6.754630563717069e-01  4.324536943628269e+00
0.9900  4.642985060952226e-01  -3.859540191721849e-01  7.448025245758162e-01  4.255197475424161e+00
1.0000  4.603475749762729e-01  -4.042062086370167e-01  8.169132955035573e-01  4.183086704496418e+00
1.0100  4.562149138204075e-01  -4.222988308244039e-01  8.916815125782926e-01  4.108318487421682e+00
1.0200  4.519021540659248e-01  -4.402247433639362e-01  9.689891233492177e-01  4.031010876650757e+00
1.0300  4.474109982481089e-01  -4.579768696966727e-01  1.048714065885816e+00  3.951285934114157e+00
1.0400  4.427432193271252e-01  -4.755482018687344e-01  1.130730461502933e+00  3.869269538497039e+00
1.0500  4.379006599881135e-01  -4.929318032978128e-01  1.214908813512168e+00  3.785091186487803e+00
1.0600  4.328852319137573e-01  -5.101208115115042e-01  1.301116211685778e+00  3.698883788314193e+00
1.0700  4.276989150296143e-01  -5.271084408563871e-01  1.389216542110257e+00  3.610783457889715e+00
1.0800  4.223437567225071e-01  -5.438879851767746e-01  1.479070702098257e+00  3.520929297901718e+00
1.0900  4.168218710322821e-01  -5.604528204620830e-01  1.570536819819519e+00  3.429463180180456e+00
1.1000  4.111354378172573e-01  -5.767964074617727e-01  1.663470478304037e+00  3.336529521695938e+00
1.1100  4.052867018936849e-01  -5.929122942668295e-01  1.757724943463777e+00  3.242275056536197e+00
1.1200  3.992779721495731e-01  -6.087941188567645e-01  1.853151395772922e+00  3.146848604227054e+00
1.1300  3.931116206332120e-01  -6.244356116111301e-01  1.949599165240831e+00  3.050400834759144e+00
1.1400  3.867900816167682e-01  -6.398305977845594e-01  2.046915969306733e+00  2.953084030693239e+00
1.1500  3.803158506353142e-01  -6.549729999443529e-01  2.144948153280526e+00  2.855051846719447e+00
1.1600  3.736914835016731e-01  -6.698568403696463e-01  2.243540932950029e+00  2.756459067049946e+00
1.1700  3.669195952974683e-01  -6.844762434112196e-01  2.342538638971676e+00  2.657461361028298e+00
1.1800  3.600028593407757e-01  -6.988254378110086e-01  2.441784962658739e+00  2.558215037341235e+00
1.1900  3.529440061307857e-01  -7.128987589804070e-01  2.541123202779022e+00  2.458876797220950e+00
1.2000  3.457458222698921e-01  -7.266906512364605e-01  2.640396512972355e+00  2.359603487027618e+00
1.2100  3.384111493636336e-01  -7.401956699950650e-01  2.739448149397216e+00  2.260551850602758e+00
1.2200  3.309428828989215e-01  -7.534084839203108e-01  2.838121718215506e+00  2.161878281784468e+00
1.2300  3.233439711009972e-01  -7.663238770291168e-01  2.936261422524684e+00  2.063738577475288e+00
1.2400  3.156174137695697e-01  -7.789367507503293e-01  3.033712308347403e+00  1.966287691652567e+00
1.2500  3.077662610945945e-01  -7.912421259374699e-01  3.130320509290235e+00  1.869679490709737e+00
1.2600  2.997936124521582e-01  -8.032351448343369e-01  3.225933489485191e+00  1.774066510514780e+00
1.2700  2.917026151809475e-01  -8.149110729926894e-01  3.320400284430482e+00  1.679599715569491e+00
1.2800  2.834964633397840e-01  -8.262653011412489e-01  3.413571739350194e+00  1.586428260649781e+00
1.2900  2.751783964467147e-01  -8.372933470052892e-01  3.505300744696598e+00  1.494699255303378e+00
1.3000  2.667516982001570e-01  -8.479908570760902e-01  3.595442468423210e+00  1.404557531576767e+00
1.3100  2.582196951826038e-01  -8.583536083295594e-01  3.683854584661874e+00  1.316145415338105e+00
1.3200  2.495857555473974e-01  -8.683775098933424e-01  3.770397498442810e+00  1.229602501557169e+00
1.3300  2.408532876890943e-01  -8.780586046617646e-01  3.854934566102825e+00  1.145065433897154e+00
1.3400  2.320257388979433e-01  -8.873930708579657e-01  3.937332311033653e+00  1.062667688966325e+00
1.3500  2.231065939990090e-01  -8.963772235426121e-01  4.017460634429809e+00  9.825393655701692e-01
1.3600  2.140993739764778e-01  -9.050075160685875e-01  4.095193020703173e+00  9.048069792968058e-01
1.3700  2.050076345836894e-01  -9.132805414810942e-01  4.170406737240003e+00  8.295932627599769e-01
1.3800  1.958349649394430e-01  -9.211930338626048e-01  4.242983028184950e+00  7.570169718150283e-01
1.3900  1.865849861111314e-01  -9.287418696221401e-01  4.312807301946141e+00  6.871926980538363e-01
1.4000  1.772613496852629e-01  -9.359240687283593e-01  4.379769312125234e+00  6.202306878747461e-01
1.4100  1.678677363259355e-01  -9.427367958859770e-01  4.443763331586791e+00  5.562366684131869e-01
1.4200  1.584078543218325e-01  -9.491773616550461e-01  4.504688319392170e+00  4.953116806078069e-01
1.4300  1.488854381223116e-01  -9.552432235126586e-01  4.562448080334275e+00  4.375519196657021e-01
1.4400  1.393042468631686e-01  -9.609319868566502e-01  4.616951416821347e+00  3.830485831786286e-01
1.4500  1.296680628826535e-01  -9.662414059509108e-01  4.668112272869964e+00  3.318877271300117e-01
1.4600  1.199806902283290e-01  -9.711693848119258e-01  4.715849869979873e+00  2.841501300201038e-01
1.4700  1.102459531553573e-01  -9.757139780362023e-01  4.760088834676153e+00  2.399111653238228e-01
1.4800  1.004676946168108e-01  -9.798733915682498e-01  4.800759317517323e+00  1.992406824826533e-01
1.4900  9.064977474660105e-02  -9.836459834088142e-01  4.837797103381466e+00  1.622028966185101e-01
1.5000  8.079606933562469e-02  -9.870302642630848e-01  4.871143712856275e+00  1.288562871436987e-01
1.5100  7.091046830172956e-02  -9.900248981286195e-01  4.900746494572917e+00  9.925350542705674e-02
1.5200  6.099687415410326e-02  -9.926287028227532e-01  4.926558708337907e+00  7.344129166206506e-02
1.5300  5.105920045269125e-02  -9.948406504492854e-01  4.948539598931786e+00  5.146040106818556e-02
1.5400  4.110137026325248e-02  -9.966598678042600e-01  4.966654460458025e+00  3.334553954194758e-02
1.5500  3.112731460866248e-02  -9.980856367206762e-01  4.980874691140588e+00  1.912530885938418e-02
1.5600  2.114097091707520e-02  -9.991173943519984e-01  4.991177838483633e+00  8.822161516338748e-03
1.5700  1.114628146755621e-02  -9.997547333943487e-01  4.997547634722026e+00  2.452365277945151e-03
1.5800  1.147191833801055e-03  -9.999974022472974e-01  4.999974022506716e+00  2.597749325477267e-05
1.5900  -8.852350673447171e-03  -9.998453051131866e-01  4.998453170784406e+00  1.546829215565289e-03
1.6000  -1.884839856466585e-02  -9.992985020349473e-01  4.992987480846447e+00  7.012519153523853e-03
1.6100  -2.883700572989148e-02  -9.983572088723972e-01  4.983585582537417e+00  1.641441746255531e-02
1.6200  -3.881422899651376e-02  -9.970217972170259e-01  4.970262320629342e+00  2.973767937062921e-02
1.6300  -4.877612968591000e-02  -9.952927942453035e-01  4.953038731383121e+00  4.696126861685153e-02
1.6400  -5.871877516830556e-02  -9.931708825105674e-01  4.931942009334096e+00  6.805799066587392e-02
1.6500  -6.863824041524634e-02  -9.906568996735745e-01  4.907005464354294e+00  9.299453564567751e-02
1.6600  -7.853060954907057e-02  -9.877518381718189e-01  4.878268469059035e+00  1.217315309409367e-01
1.6700  -8.839197738876804e-02  -9.844568448277508e-01  4.845776396641051e+00  1.542236033589218e-01
1.6800  -9.821845099161688e-02  -9.807732203960491e-01  4.809580549230185e+00  1.904194507697877e-01
1.6900  -1.080061511899888e-01  -9.767024190501261e-01  4.769738076891841e+00  2.302619231081323e-01
1.7000  -1.177512141227167e-01  -9.722460478080680e-01  4.726311887392041e+00  2.736881126079330e-01
1.7100  -1.274497927604192e-01  -9.674058658982368e-01  4.679370546871587e+00  3.206294531283864e-01
1.7200  -1.370980584241814e-01  -9.621837840647854e-01  4.628988171586149e+00  3.710118284138248e-01
1.7300  -1.466922022969909e-01  -9.565818638133585e-01  4.575244310883194e+00  4.247556891167784e-01
1.7400  -1.562284369273327e-01  -9.506023165972786e-01  4.518223821600563e+00  4.817761783994098e-01
1.7500  -1.657029977243507e-01  -9.442475029445363e-01  4.458016734084961e+00  5.419832659150113e-01
1.7600  -1.751121444439837e-01  -9.375199315259333e-01  4.394718110041953e+00  6.052818899580202e-01
1.7700  -1.844521626654904e-01  -9.304222581647399e-01  4.328427892441869e+00  6.715721075581047e-01
1.7800  -1.937193652577802e-01  -9.229572847882652e-01  4.259250747718634e+00  7.407492522813409e-01
1.7900  -2.029100938349707e-01  -9.151279583217476e-01  4.187295900510652e+00  8.127040994893223e-01
1.8000  -2.120207202005985e-01  -9.069373695250070e-01  4.112676961204696e+00  8.873230387952763e-01
1.8100  -2.210476477799104e-01  -8.983887517723141e-01  4.035511746555083e+00  9.644882534448898e-01
1.8200  -2.299873130396733e-01  -8.894854797759605e-01  3.955922093661353e+00  1.044077906338620e+00
1.8300  -2.388361868949393e-01  -8.802310682540342e-01  3.874033667598191e+00  1.125966332401783e+00
1.8400  -2.475907761022119e-01  -8.706291705429247e-01  3.789975763001304e+00  1.210024236998669e+00
1.8500  -2.562476246384636e-01  -8.606835771551065e-01  3.703881099922551e+00  1.296118900077424e+00
1.8600  -2.648033150654595e-01  -8.503982142827695e-01  3.615885614276616e+00  1.384114385723359e+00
1.8700  -2.732544698788492e-01  -8.397771422478880e-01  3.526128243210148e+00  1.473871756789829e+00
1.8800  -2.815977528414941e-01  -8.288245538993393e-01  3.434750705732194e+00  1.565249294267780e+00
1.8900  -2.898298703005044e-01  -8.175447729577059e-01  3.341897278952334e+00  1.658102721047640e+00
1.9000  -2.979475724874635e-01  -8.059422523084123e-01  3.247714570279783e+00  1.752285429720190e+00
1.9100  -3.059476548013302e-01  -7.940215722438737e-01  3.152351285943165e+00  1.847648714056807e+00
1.9200  -3.138269590735092e-01  -7.817874386553467e-01  3.055957996196438e+00  1.944042003803534e+00
1.9300  -3.215823748145918e-01  -7.692446811751996e-01  2.958686897581672e+00  2.041313102418299e+00
1.9400  -3.292108404422747e-01  -7.563982512703318e-01  2.860691572624080e+00  2.139308427375888e+00
1.9500  -3.367093444899718e-01  -7.432532202874994e-01  2.762126747338691e+00  2.237873252661277e+00
1.9600  -3.440749267956411e-01  -7.298147774513135e-01  2.663148046931551e+00  2.336851953068416e+00
1.9700  -3.513046796703602e-01  -7.160882278157060e-01  2.563911750081192e+00  2.436088249918773e+00
1.9800  -3.583957490461852e-01  -7.020789901696696e-01  2.464574542188315e+00  2.535425457811651e+00
1.9900  -3.653453356028425e-01  -6.877925948980980e-01  2.365293267983295e+00  2.634706732016670e+00
2.0000  -3.721506958728087e-01  -6.732346817985730e-01  2.266224683882129e+00  2.733775316117837e+00
2.0100  -3.788091433243405e-01  -6.584109978549582e-01  2.167525210481809e+00  2.832474789518158e+00
2.0200  -3.853180494220292e-01  -6.433273949686789e-01  2.069350685585932e+00  2.930649314414034e+00
2.0300  -3.916748446644596e-01  -6.279898276485855e-01  1.971856118150501e+00  3.028143881849466e+00
2.0400  -3.978770195985641e-01  -6.124043506603088e-01  1.875195443538373e+00  3.124804556461594e+00
2.0500  -4.039221258102728e-01  -5.965771166360393e-01  1.779521280468852e+00  3.220478719531114e+00
2.0600  -4.098077768910657e-01  -5.805143736456695e-01  1.684984690046120e+00  3.315015309953846e+00
2.0700  -4.155316493800487e-01  -5.642224627302637e-01  1.591734937247019e+00  3.408265062752946e+00
2.0800  -4.210914836811790e-01  -5.477078153988227e-01  1.499919255244754e+00  3.500080744755211e+00
2.0900  -4.264850849552791e-01  -5.309769510893372e-01  1.409682612940642e+00  3.590317387059323e+00
2.1000  -4.317103239864873e-01  -5.140364745951285e-01  1.321167486070941e+00  3.678832513929025e+00
2.1100  -4.367651380228009e-01  -4.968930734574934e-01  1.234513632250170e+00  3.765486367749795e+00
2.1200  -4.416475315903841e-01  -4.795535153256844e-01  1.149857870306107e+00  3.850142129693858e+00
2.1300  -4.463555772813138e-01  -4.620246452852642e-01  1.067333864254871e+00  3.932666135745093e+00
2.1400  -4.508874165144576e-01  -4.443133831558926e-01  9.870719122571753e-01  4.012928087742788e+00
2.1500  -4.552412602691801e-01  -4.264267207596092e-01  9.091987408889685e-01  4.090801259110994e+00
2.1600  -4.594153897915890e-01  -4.083717191606929e-01  8.338373050512990e-01  4.166162694948664e+00
2.1700  -4.634081572730428e-01  -3.901555058781867e-01  7.611065938353189e-01  4.238893406164645e+00
2.1800  -4.672179865006507e-01  -3.717852720721886e-01  6.911214426489565e-01  4.308878557351008e+00
2.1900  -4.708433734795104e-01  -3.532682697050181e-01  6.239923519018872e-01  4.376007648098078e+00
2.2000  -4.742828870264346e-01  -3.346118086783816e-01  5.598253125350894e-01  4.440174687464875e+00
2.2100  -4.775351693349359e-01  -3.158232539476637e-01  4.987216386704524e-01  4.501278361329512e+00
2.2200  -4.805989365112432e-01  -2.969100226144857e-01  4.407778076446719e-01  4.559222192355293e+00
2.2300  -4.834729790811413e-01  -2.778795809986789e-01  3.860853076800068e-01  4.613914692319958e+00
2.2400  -4.861561624674308e-01  -2.587394416908280e-01  3.347304934324068e-01  4.665269506567559e+00
2.2500  -4.886474274378220e-01  -2.394971605865476e-01  2.867944496450928e-01  4.713205550354873e+00
2.2600  -4.909457905230852e-01  -2.201603339036643e-01  2.423528631228647e-01  4.757647136877101e+00
2.2700  -4.930503444052913e-01  -2.007365951834801e-01  2.014759032292817e-01  4.798524096770683e+00
2.2800  -4.949602582759915e-01  -1.812336122773024e-01  1.642281110953979e-01  4.835771888904567e+00
2.2900  -4.966747781641928e-01  -1.616590843194294e-01  1.306682977149820e-01  4.869331702284982e+00
2.3000  -4.981932272340009e-01  -1.420207386877853e-01  1.008494510871210e-01  4.899150548912840e+00
2.3100  -4.995150060518130e-01  -1.223263279534069e-01  7.481865255282234e-02  4.925181347447140e+00
2.3200  -5.006395928229537e-01  -1.025836268199842e-01  5.261700245770887e-02  4.947382997542253e+00
2.3300  -5.015665435976630e-01  -8.280042905466338e-02  3.427955525818172e-02  4.965720444741779e+00
2.3400  -5.022954924463527e-01  -6.298454441132544e-02  1.983526417351113e-02  4.980164735826448e+00
2.3500  -5.028261516040637e-01  -4.314379554755236e-02  9.306935471244997e-03  4.990693064528713e+00
2.3600  -5.031583115840655e-01  -2.328601493650019e-02  2.711192458114550e-03  4.997288807541843e+00
2.3700  -5.032918412605552e-01  -3.419041774896958e-03  5.844923329245269e-05  4.999941550766663e+00
2.3800  -5.032266879204212e-01  1.644928111161359e-02  1.352894245444438e-03  4.998647105754513e+00
2.3900  -5.029628772840530e-01  3.631111036456083e-02  6.592483679536586e-03  4.993407516320420e+00
2.4000  -5.025005134951873e-01  5.615860518894648e-02  1.576894468383984e-02  4.984231055316115e+00
2.4100  -5.018397790797962e-01  7.598393044853176e-02  2.886778843203656e-02  4.971132211567922e+00
2.4200  -5.009809348740303e-01  9.577925975889080e-02  4.586833299980540e-02  4.954131667000153e+00
2.4300  -4.999243199212512e-01  1.155367785770090e-01  6.674373601976399e-02  4.933256263980193e+00
2.4400  -4.986703513381873e-01  1.352486872862067e-01  9.146103706321064e-02  4.908538962936745e+00
2.4500  -4.972195241502702e-01  1.549072042751709e-01  1.199812096817476e-01  4.880018790318209e+00
2.4600  -4.955724110962144e-01  1.745045690098782e-01  1.522592230266168e-01  4.847740776973340e+00
2.4700  -4.937296624019195e-01  1.940330450971983e-01  1.882441129484570e-01  4.811755887051500e+00
2.4800  -4.916920055237827e-01  2.134849233389662e-01  2.278790624652214e-01  4.772120937534736e+00
2.4900  -4.894602448615223e-01  2.328525247753195e-01  2.711014914712039e-01  4.728898508528754e+00
2.5000  -4.870352614406277e-01  2.521282037160986e-01  3.178431555455326e-01  4.682156844454425e+00
2.5100  -4.844180125645596e-01  2.713043507591128e-01  3.680302537041186e-01  4.631969746295840e+00
2.5200  -4.816095314368377e-01  2.903733957940816e-01  4.215835449249317e-01  4.578416455075025e+00
2.5300  -4.786109267531668e-01  3.093278109910638e-01  4.784184732626165e-01  4.521581526737340e+00
2.5400  -4.754233822637599e-01  3.281601137721973e-01  5.384453013549073e-01  4.461554698645050e+00
2.5500  -4.720481563060323e-01  3.468628697655733e-01  6.015692521100453e-01  4.398430747889913e+00
2.5600  -4.684865813078520e-01  3.654286957400816e-01  6.676906583514856e-01  4.332309341648472e+00
2.5700  -4.647400632615413e-01  3.838502625200664e-01  7.367051201836196e-01  4.263294879816338e+00
2.5800  -4.608100811688367e-01  4.021202978786433e-01  8.085036698300444e-01  4.191496330169915e+00
2.5900  -4.566981864570284e-01  4.202315894085342e-01  8.829729436841142e-01  4.117027056315845e+00
2.6000  -4.524060023665079e-01  4.381769873692881e-01  9.599953613001263e-01  4.040004638699833e+00
2.6100  -4.479352233099658e-01  4.559494075097627e-01  1.039449311042518e+00  3.960550688957442e+00
2.6200  -4.432876142034941e-01  4.735418338647531e-01  1.121209342099967e+00  3.878790657899992e+00
2.6300  -4.384650097698555e-01  4.909473215246633e-01  1.205146362561206e+00  3.794853637438753e+00
2.6400  -4.334693138141951e-01  5.081589993771275e-01  1.291127843239817e+00  3.708872156760142e+00
2.6500  -4.283024984724808e-01  5.251700728194989e-01  1.379018026926189e+00  3.620981973073771e+00
2.6600  -4.229666034329697e-01  5.419738264411337e-01  1.468678142736221e+00  3.531321857263740e+00
2.6700  -4.174637351310059e-01  5.585636266744148e-01  1.559966625218375e+00  3.440033374781585e+00
2.6800  -4.117960659174694e-01  5.749329244134652e-01  1.652739337873097e+00  3.347260662126864e+00
2.6900  -4.059658332012039e-01  5.910752575995186e-01  1.746849800731686e+00  3.253150199268274e+00
2.7000  -3.999753385657615e-01  6.069842537719276e-01  1.842149421635319e+00  3.157850578364642e+00
2.7100  -3.938269468608130e-01  6.226536325837998e-01  1.938487730849008e+00  3.061512269150954e+00
2.7200  -3.875230852685840e-01  6.380772082812730e-01  2.035712618640115e+00  2.964287381359846e+00
2.7300  -3.810662423456829e-01  6.532488921454462e-01  2.133670575446264e+00  2.866329424553699e+00
2.7400  -3.744589670407008e-01  6.681626948960043e-01  2.232206934253455e+00  2.767793065746507e+00
2.7500  -3.677038676879714e-01  6.828127290555900e-01  2.331166114801713e+00  2.668833885198250e+00
2.7600  -3.608036109778854e-01  6.971932112739839e-01  2.430391869232650e+00  2.569608130767314e+00
2.7700  -3.537609209041704e-01  7.112984646111812e-01  2.529727528791119e+00  2.470272471208844e+00
2.7800  -3.465785776885472e-01  7.251229207784607e-01  2.629016251191429e+00  2.370983748808534e+00
2.7900  -3.392594166831903e-01  7.386611223365607e-01  2.728101268257538e+00  2.271898731742426e+00
2.8000  -3.318063272514242e-01  7.519077248500967e-01  2.826826133446243e+00  2.173173866553719e+00
2.8100  -3.242222516270982e-01  7.648574989973681e-01  2.925034968862545e+00  2.074965031137420e+00
2.8200  -3.165101837530898e-01  7.775053326347208e-01  3.022572711377139e+00  1.977427288622827e+00
2.8300  -3.086731680993942e-01  7.898462328146544e-01  3.119285357457506e+00  1.880714642542459e+00
2.8400  -3.007142984612685e-01  8.018753277568726e-01  3.215020206325960e+00  1.784979793674004e+00
2.8500  -2.926367167379031e-01  8.135878687715014e-01  3.309626101060769e+00  1.690373898939195e+00
2.8600  -2.844436116921038e-01  8.249792321337147e-01  3.402953667259668e+00  1.597046332740298e+00
2.8700  -2.761382176914731e-01  8.360449209090290e-01  3.494855548888923e+00  1.505144451111044e+00
2.8800  -2.677238134315887e-01  8.467805667285444e-01  3.585186640945574e+00  1.414813359054393e+00
2.8900  -2.592037206416830e-01  8.571819315134329e-01  3.673804318565498e+00  1.326195681434471e+00
2.9000  -2.505813027733333e-01  8.672449091479913e-01  3.760568662215539e+00  1.239431337784429e+00
2.9100  -2.418599636726828e-01  8.769655271006017e-01  3.845342678614181e+00  1.154657321385786e+00
2.9200  -2.330431462367137e-01  8.863399479919544e-01  3.927992517031902e+00  1.072007482968063e+00
2.9300  -2.241343310541057e-01  8.953644711099198e-01  4.008387680629732e+00  9.916123193702330e-01
2.9400  -2.151370350312137e-01  9.040355338704668e-01  4.086401232502300e+00  9.135987674976657e-01
2.9500  -2.060548100037100e-01  9.123497132240536e-01  4.161909996100063e+00  8.380900038999016e-01
2.9600  -1.968912413344360e-01  9.203037270069346e-01  4.234794749714273e+00  7.652052502856923e-01
2.9700  -1.876499464980199e-01  9.278944352368512e-01  4.304940414717575e+00  6.950595852823896e-01
2.9800  -1.783345736528165e-01  9.351188413525919e-01  4.372236237263071e+00  6.277637627368948e-01
2.9900  -1.689488002007348e-01  9.419740933969369e-01  4.436575963154906e+00  5.634240368450574e-01
3.0000  -1.594963313355211e-01  9.484574851425164e-01  4.497858005614333e+00  5.021419943856297e-01
3.0100  -1.499808985800707e-01  9.545664571601397e-01  4.555985605676304e+00  4.440143943236602e-01
3.0200  -1.404062583133459e-01  9.602985978291730e-01  4.610866984963379e+00  3.891330150365824e-01
3.0300  -1.307761902874809e-01  9.656516442895695e-01  4.662415490595746e+00  3.375845094042143e-01
3.0400  -1.210944961356613e-01  9.706234833351698e-01  4.710549732008493e+00  2.894502679914687e-01
3.0500  -1.113649978713640e-01  9.752121522479266e-01  4.755193709460166e+00  2.448062905397961e-01
3.0600  -1.015915363795525e-01  9.794158395727218e-01  4.796276934029698e+00  2.037230659702656e-01
3.0700  -9.177796990042229e-02  9.832328858324682e-01  4.833734538912217e+00  1.662654610877463e-01
3.0800  -8.192817250629512e-02  9.866617841832170e-01  4.867507381838045e+00  1.324926181619173e-01
3.0900  -7.204603257226255e-02  9.897011810090102e-01  4.897542138453148e+00  1.024578615468160e-01
3.1000  -6.213545124118419e-02  9.923498764562425e-01  4.923791386513598e+00  7.620861348636475e-02
3.1100  -5.220034088364482e-02  9.946068249073253e-01  4.946213680761154e+00  5.378631923881019e-02
3.1200  -4.224462355347985e-02  9.964711353934608e-01  4.964773618361664e+00  3.522638163829977e-02
3.1300  -3.227222943947766e-02  9.979420719463681e-01  4.979441894803051e+00  2.055810519691427e-02
3.1400  -2.228709531387078e-02  9.990190538888184e-01  4.990195350164549e+00  9.804649835416006e-03
3.1500  -1.229316297822806e-02  9.997016560638676e-01  4.997017005684198e+00  2.982994315767117e-03
3.1600  -2.294377707361415e-03  9.999896090026946e-01  4.999896090566810e+00  1.039094331550268e-04
3.1700  7.705313308138461e-03  9.998827990309778e-01  4.998828058990114e+00  1.171941009852427e-03
3.1800  1.770196252012279e-02  9.993812683137705e-01  4.993814597282203e+00  6.185402717762982e-03
3.1900  2.769162358124648e-02  9.984852148388556e-01  4.984863621258977e+00  1.513637874098535e-02
3.2000  3.767035290285588e-02  9.971949923385870e-01  4.971989263725773e+00  2.801073627419155e-02
3.2100  4.763421121178750e-02  9.955111101502463e-01  4.955211852162879e+00  4.478814783708589e-02
3.2200  5.757926510546305e-02  9.934342330149744e-01  4.934557876630252e+00  6.544212336971166e-02
3.2300  6.750158860466712e-02  9.909651808153538e-01  4.910059947942034e+00  8.994005205793040e-02
3.2400  7.739726470339420e-02  9.881049282517449e-01  4.881756746176929e+00  1.182432538230343e-01
3.2500  8.726238691515351e-02  9.848546044575077e-01  4.849692959605770e+00  1.503070403941952e-01
3.2600  9.709306081512088e-02  9.812154925532559e-01  4.813919214132643e+00  1.860807858673201e-01
3.2700  1.068854055775293e-01  9.771890291403248e-01  4.774491993361052e+00  2.255080066389102e-01
3.2800  1.166355555076909e-01  9.727768037336469e-01  4.731473549411251e+00  2.685264505887116e-01
3.2900  1.263396615680457e-01  9.679805581342650e-01  4.684931804629616e+00  3.150681953703478e-01
3.3000  1.359938928976345e-01  9.628021857417255e-01  4.634940244345221e+00  3.650597556547424e-01
3.3100  1.455944383243968e-01  9.572437308066282e-01  4.581577800842962e+00  4.184221991570016e-01
3.3200  1.551375078696954e-01  9.513073876236220e-01  4.524928728736401e+00  4.750712712635631e-01
3.3300  1.646193342444753e-01  9.449954996651708e-01  4.465082471937129e+00  5.349175280628342e-01
3.3400  1.740361743364648e-01  9.383105586564279e-01  4.402133522430689e+00  5.978664775692750e-01
3.3500  1.833843106878329e-01  9.312552035915842e-01  4.336181271082015e+00  6.638187289179485e-01
3.3600  1.926600529627192e-01  9.238322196920815e-01  4.267329850705992e+00  7.326701492939719e-01
3.3700  2.018597394040563e-01  9.160445373070980e-01  4.195687971650877e+00  8.043120283490873e-01
3.3800  2.109797382791115e-01  9.078952307567438e-01  4.121368750154205e+00  8.786312498457592e-01
3.3900  2.200164493131740e-01  8.993875171184202e-01  4.044489529742183e+00  9.555104702577835e-01
3.4000  2.289663051108257e-01  8.905247549568237e-01  3.965171695954555e+00  1.034828304045411e+00
3.4100  2.378257725642303e-01  8.813104429980961e-01  3.883540484687503e+00  1.116459515312463e+00
3.4200  2.465913542478883e-01  8.717482187486423e-01  3.799724784457153e+00  1.200275215542811e+00
3.4300  2.552595897993051e-01  8.618418570591626e-01  3.713856932895930e+00  1.286143067104033e+00
3.4400  2.638270572850278e-01  8.515952686344668e-01  3.626072507803049e+00  1.373927492196915e+00
3.4500  2.722903745515118e-01  8.410124984896562e-01  3.536510113079070e+00  1.463489886920893e+00
3.4600  2.806462005602836e-01  8.300977243532854e-01  3.445311159882515e+00  1.554688840117449e+00
3.4700  2.888912367068718e-01  8.188552550181332e-01  3.352619643354059e+00  1.647380356645904e+00
3.4800  2.970222281229886e-01  8.072895286402330e-01  3.258581915260848e+00  1.741418084739117e+00
3.4900  3.050359649614433e-01  7.954051109868349e-01  3.163346452919896e+00  1.836653547080068e+00
3.5000  3.129292836632848e-01  7.832066936339923e-01  3.067063624765451e+00  1.932936375234513e+00
3.5100  3.206990682066698e-01  7.706990921144815e-01  2.969885452930430e+00  2.030114547069534e+00
3.5200  3.283422513369660e-01  7.578872440167889e-01  2.871965373216818e+00  2.128034626783147e+00
3.5300  3.358558157776024e-01  7.447762070359130e-01  2.773457992834005e+00  2.226542007165959e+00
3.5400  3.432367954211911e-01  7.313711569767548e-01  2.674518846287585e+00  2.325481153712379e+00
3.5500  3.504822765004484e-01  7.176773857108795e-01  2.575304149804012e+00  2.424695850195951e+00
3.5600  3.575893987384540e-01  7.037002990874601e-01  2.475970554678904e+00  2.524029445321057e+00
3.5700  3.645553564777940e-01  6.894454147992278e-01  2.376674899938397e+00  2.623325100061564e+00
3.5800  3.713773997881422e-01  6.749183602042674e-01  2.277573964704086e+00  2.722426035295874e+00
3.5900  3.780528355518410e-01  6.601248701045227e-01  2.178824220652565e+00  2.821175779347394e+00
3.6000  3.845790285270568e-01  6.450707844818858e-01  2.080581584960378e+00  2.919418415039581e+00
3.6100  3.909534023880851e-01  6.297620461927648e-01  1.983001174124490e+00  3.016998825875467e+00
3.6200  3.971734407423998e-01  6.142046986220403e-01  1.886237059046957e+00  3.113762940953000e+00
3.6300  4.032366881240418e-01  5.984048832973365e-01  1.790442021770495e+00  3.209557978229462e+00
3.6400  4.091407509629558e-01  5.823688374645480e-01  1.695767314249046e+00  3.304232685750911e+00
3.6500  4.148832985298928e-01  5.661028916255817e-01  1.602362419534225e+00  3.397637580465732e+00
3.6600  4.204620638565053e-01  5.496134670392828e-01  1.510374815754704e+00  3.489625184245253e+00
3.6700  4.258748446302714e-01  5.329070731865345e-01  1.419949743261192e+00  3.580050256738764e+00
3.6800  4.311195040638955e-01  5.159903052005287e-01  1.331229975304674e+00  3.668770024695282e+00
3.6900  4.361939717388411e-01  4.988698412632255e-01  1.244355592609979e+00  3.755644407389977e+00
3.7000  4.410962444226637e-01  4.815524399690269e-01  1.159463762200616e+00  3.840536237799340e+00
3.7100  4.458243868598212e-01  4.640449376567076e-01  1.076688520824088e+00  3.923311479175868e+00
3.7200  4.503765325356486e-01  4.463542457106527e-01  9.961605633196288e-01  4.003839436680328e+00
3.7300  4.547508844131967e-01  4.284873478324722e-01  9.180070362625302e-01  4.081992963737425e+00
3.7400  4.589457156426430e-01  4.104512972840653e-01  8.423513372108605e-01  4.157648662789097e+00
3.7500  4.629593702429947e-01  3.922532141032253e-01  7.693129198715535e-01  4.230687080128404e+00
3.7600  4.667902637558157e-01  3.739002822928840e-01  6.990071054934919e-01  4.300992894506465e+00
3.7700  4.704368838707187e-01  3.553997469851042e-01  6.315449007853804e-01  4.368455099214578e+00
3.7800  4.738977910223747e-01  3.367589115809400e-01  5.670328226458968e-01  4.432967177354060e+00
3.7900  4.771716189588068e-01  3.179851348672958e-01  5.055727299828614e-01  4.494427270017094e+00
3.8000  4.802570752807410e-01  2.990858281119193e-01  4.472616628869627e-01  4.552738337112994e+00
3.8100  4.831529419518025e-01  2.800684521376781e-01  3.921916894139745e-01  4.607808310585982e+00
3.8200  4.858580757793567e-01  2.609405143772724e-01  3.404497602173776e-01  4.659550239782579e+00
3.8300  4.883714088658042e-01  2.417095659095483e-01  2.921175712609113e-01  4.707882428739045e+00
3.8400  4.906919490301507e-01  2.223831984785812e-01  2.472714348278203e-01  4.752728565172135e+00
3.8500  4.928187801996879e-01  2.029690414967057e-01  2.059821590304573e-01  4.794017840969498e+00
3.8600  4.947510627716291e-01  1.834747590326751e-01  1.683149360104910e-01  4.831685063989465e+00
3.8700  4.964880339445554e-01  1.639080467861397e-01  1.343292390062368e-01  4.865670760993717e+00
3.8800  4.980290080195465e-01  1.442766290496389e-01  1.040787284496355e-01  4.895921271550318e+00
3.8900  4.993733766708701e-01  1.245882556593050e-01  7.761116724114167e-02  4.922388832758813e+00
3.9000  5.005206091861298e-01  1.048506989354835e-01  5.496834533629697e-02  4.945031654663657e+00
3.9100  5.014702526757729e-01  8.507175061447771e-02  3.618601376305944e-02  4.963813986236890e+00
3.9200  5.022219322518764e-01  6.525921877262804e-02  2.129382817406864e-02  4.978706171825881e+00
3.9300  5.027753511761394e-01  4.542092474394105e-02  1.031530202297378e-02  4.989684697976980e+00
3.9400  5.031302909770262e-01  2.556470003248487e-02  3.267769438754660e-03  4.996732230561200e+00
3.9500  5.032866115360123e-01  5.698383220769702e-03  1.623578566537484e-04  4.999837642143303e+00
3.9600  5.032442511428974e-01  -1.417018312466600e-02  1.003970448932845e-03  4.998996029551026e+00
3.9700  5.030032265201674e-01  -3.403315554924205e-02  5.791278383194525e-03  4.994208721616766e+00
3.9800  5.025636328163925e-01  -5.388269280667370e-02  1.451672292049183e-02  4.985483277079467e+00
3.9900  5.019256435686660e-01  -7.371095895443702e-02  2.716652734991350e-02  4.972833472650046e+00
4.0000  5.010895106340972e-01  -9.351012644714048e-02  4.372071874080100e-02  4.956279281259159e+00
4.0100  5.000555640903870e-01  -1.132723792265816e-01  6.415315947825262e-02  4.935846840521709e+00
4.0200  4.988242121055233e-01  -1.329899158072692e-01  8.843158853212275e-02  4.911568411467838e+00
4.0300  4.973959407766507e-01  -1.526549523561920e-01  1.165176723943563e-01  4.883482327605605e+00
4.0400  4.957713139381749e-01  -1.722597257656197e-01  1.483670656042324e-01  4.851632934395728e+00
4.0500  4.939509729391794e-01  -1.917964967177212e-01  1.839294807659543e-01  4.816070519234005e+00
4.0600  4.919356363902422e-01  -2.112575527397928e-01  2.231487679480316e-01  4.776851232051928e+00
4.0700  4.897260998797522e-01  -2.306352112488870e-01  2.659630033390937e-01  4.734036996660866e+00
4.0800  4.873232356598368e-01  -2.499218225846439e-01  3.123045870201511e-01  4.687695412979809e+00
4.0900  4.847279923020255e-01  -2.691097730291237e-01  3.621003496989323e-01  4.637899650301028e+00
4.1000  4.819413943227855e-01  -2.881914878124523e-01  4.152716682377742e-01  4.584728331762186e+00
4.1100  4.789645417790766e-01  -3.071594341030900e-01  4.717345897926526e-01  4.528265410207308e+00
4.1200  4.757986098340841e-01  -3.260061239815453e-01  5.313999643673534e-01  4.468600035632607e+00
4.1300  4.724448482933039e-01  -3.447241173963577e-01  5.941735855734890e-01  4.405826414426470e+00
4.1400  4.689045811111605e-01  -3.633060251011859e-01  6.599563393741175e-01  4.340043660625842e+00
4.1500  4.651792058683528e-01  -3.817445115718374e-01  7.286443605761034e-01  4.271355639423854e+00
4.1600  4.612701932201365e-01  -4.000322979020918e-01  8.001291968241397e-01  4.199870803175818e+00
4.1700  4.571790863157564e-01  -4.181621646771734e-01  8.742979798374974e-01  4.125702020162461e+00
4.1800  4.529075001892635e-01  -4.361269548237368e-01  9.510336036191289e-01  4.048966396380828e+00
4.1900  4.484571211219519e-01  -4.539195764352447e-01  1.030214909355760e+00  3.969785090644198e+00
4.2000  4.438297059766705e-01  -4.715330055716176e-01  1.111716876717016e+00  3.888283123282940e+00
4.2100  4.390270815042724e-01  -4.889602890320545e-01  1.195410821251551e+00  3.804589178748405e+00
4.2200  4.340511436224730e-01  -5.061945470999263e-01  1.281164597568497e+00  3.718835402431460e+00
4.2300  4.289038566674045e-01  -5.232289762586619e-01  1.368842807983437e+00  3.631157192016521e+00
4.2400  4.235872526181611e-01  -5.400568518775516e-01  1.458307016299458e+00  3.541692983700500e+00
4.2500  4.181034302946403e-01  -5.566715308664093e-01  1.549415966385758e+00  3.450584033614200e+00
4.2600  4.124545545289980e-01  -5.730664542980458e-01  1.642025805208671e+00  3.357974194791287e+00
4.2700  4.066428553110449e-01  -5.892351499975169e-01  1.735990309962981e+00  3.264009690036977e+00
4.2800  4.006706269079189e-01  -6.051712350971240e-01  1.831161118944893e+00  3.168838881055064e+00
4.2900  3.945402269583851e-01  -6.208684185561608e-01  1.927387965802141e+00  3.072612034197816e+00
4.3000  3.882540755421177e-01  -6.363205036444068e-01  2.024518916791358e+00  2.975481083208597e+00
4.3100  3.818146542243316e-01  -6.515213903883942e-01  2.122400610668132e+00  2.877599389331822e+00
4.3200  3.752245050761432e-01  -6.664650779794746e-01  2.220878500830936e+00  2.779121499169017e+00
4.3300  3.684862296710440e-01  -6.811456671427411e-01  2.319797099336649e+00  2.680202900663303e+00
4.3400  3.616024880578856e-01  -6.955573624658667e-01  2.419000222402365e+00  2.580999777597587e+00
4.3500  3.545759977107799e-01  -7.096944746869430e-01  2.518331237005880e+00  2.481668762994073e+00
4.3600  3.474095324563301e-01  -7.235514229404117e-01  2.617633308195473e+00  2.382366691804479e+00
4.3700  3.401059213786151e-01  -7.371227369602081e-01  2.716749646718541e+00  2.283250353281411e+00
4.3800  3.326680477023614e-01  -7.504030592392398e-01  2.815523756578050e+00  2.184476243421903e+00
4.3900  3.250988476547397e-01  -7.633871471443544e-01  2.913799682125981e+00  2.086200317873973e+00
4.4000  3.174013093062404e-01  -7.760698749859591e-01  3.011422254303611e+00  1.988577745696343e+00
4.4100  3.095784713910816e-01  -7.884462360414725e-01  3.108237335639827e+00  1.891762664360128e+00
4.4200  3.016334221076168e-01  -8.005113445318142e-01  3.204092063620664e+00  1.795907936379291e+00
4.4300  2.935692978992162e-01  -8.122604375501492e-01  3.298835092045799e+00  1.701164907954155e+00
4.4400  2.853892822161026e-01  -8.236888769421263e-01  3.392316829990907e+00  1.607683170009047e+00
4.4500  2.770966042586300e-01  -8.347921511368687e-01  3.484389677998603e+00  1.515610322001352e+00
4.4600  2.686945377025017e-01  -8.455658769279923e-01  3.574908261125023e+00  1.425091738874929e+00
4.4700  2.601863994064316e-01  -8.560058012039529e-01  3.663729658474106e+00  1.336270341525846e+00
4.4800  2.515755481027573e-01  -8.661078026270324e-01  3.750713628857132e+00  1.249286371142819e+00
4.4900  2.428653830715238e-01  -8.758678932603079e-01  3.835722832221251e+00  1.164277167778701e+00
4.5000  2.340593427985592e-01  -8.852822201419579e-01  3.918623046497370e+00  1.081376953502581e+00
4.5100  2.251609036180746e-01  -8.943470668062841e-01  3.999283379525020e+00  1.000716620474931e+00
4.5200  2.161735783403219e-01  -9.030588547508493e-01  4.077576475719578e+00  9.224235242803743e-01
4.5300  2.071009148648520e-01  -9.114141448491525e-01  4.153378717155560e+00  8.466212828443922e-01
4.5400  1.979464947799210e-01  -9.194096387082825e-01  4.226570418748473e+00  7.734295812514791e-01
4.5500  1.887139319485976e-01  -9.270421799710147e-01  4.297036017227056e+00  7.029639827728975e-01
4.5600  1.794068710821292e-01  -9.343087555618362e-01  4.364664253597535e+00  6.353357464024185e-01
4.5700  1.700289863011298e-01  -9.412064968764096e-01  4.429348348811814e+00  5.706516511881395e-01
4.5800  1.605839796851585e-01  -9.477326809140025e-01  4.490986172362213e+00  5.090138276377404e-01
4.5900  1.510755798112608e-01  -9.538847313524392e-01  4.549480403536576e+00  4.505195964633772e-01
4.6000  1.415075402820493e-01  -9.596602195651468e-01  4.604738685079129e+00  3.952613149208238e-01
4.6100  1.318836382439049e-01  -9.650568655798974e-01  4.656673769014481e+00  3.433262309854703e-01
4.6200  1.222076728958845e-01  -9.700725389788661e-01  4.705203654404519e+00  2.947963455954323e-01
4.6300  1.124834639899223e-01  -9.747052597396491e-01  4.750251716820683e+00  2.497482831792668e-01
4.6400  1.027148503229176e-01  -9.789531990169116e-01  4.791746829327225e+00  2.082531706727269e-01
4.6500  9.290568822130466e-02  -9.828146798643554e-01  4.829623474784378e+00  1.703765252155741e-01
4.6600  8.305985001870216e-02  -9.862881778967224e-01  4.863821849294184e+00  1.361781507057672e-01
4.6700  7.318122252724353e-02  -9.893723218915713e-01  4.894287956625595e+00  1.057120433743568e-01
4.6800  6.327370550319186e-02  -9.920658943305909e-01  4.920973693469776e+00  7.902630653017773e-02
4.6900  5.334121010744465e-02  -9.943678318802361e-01  4.943836925391007e+00  5.616307460894648e-02
4.7000  4.338765736153663e-02  -9.962772258114974e-01  4.962841553353266e+00  3.715844664668701e-02
4.7100  3.341697659974972e-02  -9.977933223586367e-01  4.977957570717432e+00  2.204242928252161e-02
4.7200  2.343310391794151e-02  -9.989155230167495e-01  4.989161110619130e+00  1.083888938082214e-02
4.7300  1.343998061970445e-02  -9.996433847780345e-01  4.996434483652428e+00  3.565516347526480e-03
4.7400  3.441551660469193e-03  -9.999766203066786e-01  4.999766205799836e+00  2.337942001194972e-04
4.7500  -6.558235909833662e-03  -9.999150980522875e-01  4.999151016564579e+00  8.489834353776380e-04
4.7600  -1.655543450493869e-02  -9.994588423018178e-01  4.994589887276450e+00  5.410112723506344e-03
4.7700  -2.654609756062246e-02  -9.986080331699891e-01  4.986090019558171e+00  1.390998044178451e-02
4.7800  -3.652628109267691e-02  -9.973630065281809e-01  4.973664833954660e+00  2.633516604529455e-02
4.7900  -4.649204525386424e-02  -9.957242538718409e-01  4.957333948743171e+00  4.266605125678460e-02
4.8000  -5.643945588923856e-02  -9.936924221264596e-01  4.937123148957750e+00  6.287685104220599e-02
4.8100  -6.636458608922061e-02  -9.912683133921851e-01  4.913064345676936e+00  8.693565432301835e-02
4.8200  -7.626351773981199e-02  -9.884528846271808e-01  4.885195525638974e+00  1.148044743609812e-01
4.8300  -8.613234306933737e-02  -9.852472472698492e-01  4.853560691264077e+00  1.464393087358783e-01
4.8400  -9.596716619110392e-02  -9.816526668000733e-01  4.818209791178479e+00  1.817902088214772e-01
4.8500  -1.057641046413687e-01  -9.776705622396465e-01  4.779198641349932e+00  2.208013586500236e-01
4.8600  -1.155192909120074e-01  -9.733025055920898e-01  4.736588836959200e+00  2.634111630407556e-01
4.8700  -1.252288739772789e-01  -9.685502212220769e-01  4.690447655146670e+00  3.095523448532860e-01
4.8800  -1.348890208140834e-01  -9.634155851747112e-01  4.640847948787655e+00  3.591520512123008e-01
4.8900  -1.444959179151130e-01  -9.579006244349259e-01  4.587868031464104e+00  4.121319685358530e-01
4.9000  -1.540457727942991e-01  -9.520075161272965e-01  4.531591553814324e+00  4.684084461856345e-01
4.9100  -1.635348154839607e-01  -9.457385866565845e-01  4.472107371455970e+00  5.278926285439891e-01
4.9200  -1.729593000230630e-01  -9.390963107893490e-01  4.409509404690827e+00  5.904905953091325e-01
4.9300  -1.823155059359996e-01  -9.320833106769906e-01  4.343896490212896e+00  6.561035097870638e-01
4.9400  -1.915997397013133e-01  -9.247023548206127e-01  4.275372225053931e+00  7.246277749460278e-01
4.9500  -2.008083362097765e-01  -9.169563569781087e-01  4.204044803012824e+00  7.959551969871335e-01
4.9600  -2.099376602112557e-01  -9.088483750139066e-01  4.130026843827093e+00  8.699731561728640e-01
4.9700  -2.189841077497879e-01  -9.003816096918241e-01  4.053435215356202e+00  9.465647846437554e-01
4.9800  -2.279441075863043e-01  -8.915594034115135e-01  3.974390849057469e+00  1.025609150942488e+00
4.9900  -2.368141226084366e-01  -8.823852388889923e-01  3.893018549045920e+00  1.106981450954037e+00
5.0000  -2.455906512268531e-01  -8.728627377817820e-01  3.809446795039540e+00  1.190553204960419e+00
5.0100  -2.542702287575705e-01  -8.629956592591965e-01  3.723807539501076e+00  1.276192460498881e+00
5.0200  -2.628494287896966e-01  -8.527878985183472e-01  3.636235999296694e+00  1.363764000703262e+00
5.0300  -2.713248645380644e-01  -8.422434852464467e-01  3.546870442200407e+00  1.453129557799548e+00
5.0400  -2.796931901802235e-01  -8.313665820300218e-01  3.455851968581404e+00  1.544148031418551e+00
5.0500  -2.879511021772599e-01  -8.201614827116609e-01  3.363324288618950e+00  1.636675711381005e+00
5.0600  -2.960953405779245e-01  -8.086326106949477e-01  3.269433495396635e+00  1.730566504603321e+00
5.0700  -3.041226903055541e-01  -7.967845171982464e-01  3.174327834234213e+00  1.825672165765742e+00
5.0800  -3.120299824272781e-01  -7.846218794580313e-01  3.078157468621267e+00  1.921842531378688e+00
5.0900  -3.198140954050079e-01  -7.721494988824680e-01  2.981074243122232e+00  2.018925756877723e+00
5.1000  -3.274719563277181e-01  -7.593722991559758e-01  2.883231443627164e+00  2.116768556372791e+00
5.1100  -3.350005421245295e-01  -7.462953242955200e-01  2.784783555326777e+00  2.215216444673179e+00
5.1200  -3.423968807581179e-01  -7.329237366593996e-01  2.685886018793885e+00  2.314113981206073e+00
5.1300  -3.496580523979773e-01  -7.192628149093186e-01  2.586694984556384e+00  2.413305015443572e+00
5.1400  -3.567811905730716e-01  -7.053179519265457e-01  2.487367066549285e+00  2.512632933450670e+00
5.1500  -3.637634833034234e-01  -6.910946526829810e-01  2.388059094835051e+00  2.611940905164905e+00
5.1600  -3.706021742101906e-01  -6.765985320679757e-01  2.288927867982698e+00  2.711072132017257e+00
5.1700  -3.772945636037942e-01  -6.618353126717589e-01  2.190129905496624e+00  2.809870094503331e+00
5.1800  -3.838380095496661e-01  -6.468108225263475e-01  2.091821200686051e+00  2.908178799313904e+00
5.1900  -3.902299289111986e-01  -6.315309928048314e-01  1.994156974365280e+00  3.005843025634674e+00
5.2000  -3.964677983694806e-01  -6.160018554799426e-01  1.897291429773660e+00  3.102708570226293e+00
5.2100  -4.025491554194214e-01  -6.002295409428302e-01  1.801377509102204e+00  3.198622490897750e+00
5.2200  -4.084715993418660e-01  -5.842202755829856e-01  1.706566652011298e+00  3.293433347988655e+00
5.2300  -4.142327921513200e-01  -5.679803793302682e-01  1.613008556520777e+00  3.386991443479175e+00
5.2400  -4.198304595189092e-01  -5.515162631600062e-01  1.520850942649886e+00  3.479149057350067e+00
5.2500  -4.252623916702097e-01  -5.348344265621545e-01  1.430239319180343e+00  3.569760680819611e+00
5.2600  -4.305264442575935e-01  -5.179414549755110e-01  1.341316753910747e+00  3.658683246089208e+00
5.2700  -4.356205392067468e-01  -5.008440171880022e-01  1.254223647765079e+00  3.745776352234875e+00
5.2800  -4.405426655370247e-01  -4.835488627040662e-01  1.169097513111979e+00  3.830902486887977e+00
5.2900  -4.452908801553203e-01  -4.660628190801704e-01  1.086072756644778e+00  3.913927243355177e+00
5.3000  -4.498633086231338e-01  -4.483927892295179e-01  1.005280467165135e+00  3.994719532834822e+00
5.3100  -4.542581458965387e-01  -4.305457486970048e-01  9.268482086053220e-01  4.073151791394634e+00
5.3200  -4.584736570387539e-01  -4.125287429055052e-01  8.508998186159820e-01  4.149100181383973e+00
5.3300  -4.625081779050393e-01  -3.943488843745709e-01  7.775552130373435e-01  4.222444786962610e+00
5.3400  -4.663601157996455e-01  -3.760133499126430e-01  7.069301965626386e-01  4.293069803437315e+00
5.3500  -4.700279501045572e-01  -3.575293777838848e-01  6.391362798926590e-01  4.360863720107295e+00
5.3600  -4.735102328797833e-01  -3.389042648507540e-01  5.742805036701500e-01  4.425719496329806e+00
5.3700  -4.768055894349557e-01  -3.201453636934419e-01  5.124652694720311e-01  4.487534730527926e+00
5.3800  -4.799127188720116e-01  -3.012600797073176e-01  4.537881781262966e-01  4.546211821873660e+00
5.3900  -4.828303945987456e-01  -2.822558681795215e-01  3.983418756088770e-01  4.601658124391081e+00
5.4000  -4.855574648130275e-01  -2.631402313458648e-01  3.462139067637762e-01  4.653786093236183e+00
5.4100  -4.880928529574955e-01  -2.439207154291936e-01  2.974865770774481e-01  4.702513422922511e+00
5.4200  -4.904355581445463e-01  -2.246049076603891e-01  2.522368227256595e-01  4.747763177274297e+00
5.4300  -4.925846555514519e-01  -2.052004332831798e-01  2.105360890980236e-01  4.789463910901932e+00
5.4400  -4.945392967854493e-01  -1.857149525439458e-01  1.724502179920003e-01  4.827549782007956e+00
5.4500  -4.962987102186577e-01  -1.661561576677072e-01  1.380393436544798e-01  4.861960656345476e+00
5.4600  -4.978622012926925e-01  -1.465317698214864e-01  1.073577978350854e-01  4.892642202164872e+00
5.4700  -4.992291527928530e-01  -1.268495360662471e-01  8.045402400111067e-02  4.919545975998846e+00
5.4800  -5.003990250917791e-01  -1.071172262986095e-01  5.737050084953754e-02  4.942629499150419e+00
5.4900  -5.013713563624784e-01  -8.734263018355146e-02  3.814367523690317e-02  4.961856324763050e+00
5.5000  -5.021457627606400e-01  -6.753355407930618e-02  2.280390463291286e-02  4.977196095367041e+00
5.5100  -5.027219385761637e-01  -4.769781795566900e-02  1.137540918866070e-02  4.988624590811295e+00
5.5200  -5.030996563538437e-01  -2.784325230693151e-02  3.876233495137234e-03  4.996123766504817e+00
5.5300  -5.032787669831614e-01  -7.977695060660664e-03  3.182180924044477e-04  4.999681781907546e+00
5.5400  -5.032591997571491e-01  1.189101151645645e-02  7.069807744224993e-04  4.999293019225528e+00
5.5500  -5.030409624003019e-01  3.175502391448080e-02  5.041907719046239e-03  4.994958092280906e+00
5.5600  -5.026241410655293e-01  5.160650047658046e-02  1.331615445719650e-02  4.986683845542757e+00
5.5700  -5.020089003001443e-01  7.143760449465796e-02  2.551665667967587e-02  4.974483343320279e+00
5.5800  -5.011954829809059e-01  9.124050730302417e-02  4.162415086456604e-02  4.958375849135390e+00
5.5900  -5.001842102181392e-01  1.110073913688973e-01  6.161320469263770e-02  4.938386795307321e+00
5.6000  -4.989754812289715e-01  1.307304533785069e-01  8.545225720274986e-02  4.914547742797208e+00
5.6100  -4.975697731797349e-01  1.504019073175848e-01  1.131036686238368e-01  4.886896331376121e+00
5.6200  -4.959676409975968e-01  1.700139875450265e-01  1.445237798048022e-01  4.855476220195157e+00
5.6300  -4.941697171514920e-01  1.895589518585105e-01  1.796629811484856e-01  4.820337018851470e+00
5.6400  -4.921767114024465e-01  2.090290845508641e-01  2.184657909408615e-01  4.781534209059093e+00
5.6500  -4.899894105233857e-01  2.284166994559700e-01  2.608709429517945e-01  4.739129057048161e+00
5.6600  -4.876086779885432e-01  2.477141429830112e-01  3.068114831690387e-01  4.693188516830915e+00
5.6700  -4.850354536325895e-01  2.669137971378566e-01  3.562148755127442e-01  4.643785124487209e+00
5.6800  -4.822707532796164e-01  2.860080825303929e-01  4.090031163635602e-01  4.590996883636393e+00
5.6900  -4.793156683421227e-01  3.049894613666188e-01  4.650928577235011e-01  4.534907142276451e+00
5.7000  -4.761713653901613e-01  3.238504404243166e-01  5.243955388151191e-01  4.475604461184835e+00
5.7100  -4.728390856908149e-01  3.425835740111297e-01  5.868175259111958e-01  4.413182474088758e+00
5.7200  -4.693201447181855e-01  3.611814669038759e-01  6.522602601741778e-01  4.347739739825776e+00
5.7300  -4.656159316340883e-01  3.796367772679380e-01  7.206204132719298e-01  4.279379586728023e+00
5.7400  -4.617279087396564e-01  3.979422195555776e-01  7.917900505240975e-01  4.208209949475854e+00
5.7500  -4.576576108980726e-01  4.160905673820290e-01  8.656568013214940e-01  4.134343198678458e+00
5.7600  -4.534066449286562e-01  4.340746563782378e-01  9.421040365494260e-01  4.057895963450526e+00
5.7700  -4.489766889725434e-01  4.518873870191173e-01  1.021011052734828e+00  3.978988947265124e+00
5.7800  -4.443694918302128e-01  4.695217274262067e-01  1.102253262626446e+00  3.897746737373507e+00
5.7900  -4.395868722711165e-01  4.869707161436248e-01  1.185702391907174e+00  3.814297608092778e+00
5.8000  -4.346307183156902e-01  5.042274648862234e-01  1.271226681727938e+00  3.728773318272014e+00
5.8100  -4.295029864900247e-01  5.212851612588548e-01  1.358691096743351e+00  3.641308903256601e+00
5.8200  -4.242057010534940e-01  5.381370714456807e-01  1.447957538320668e+00  3.552042461679286e+00
5.8300  -4.187409531996445e-01  5.547765428684605e-01  1.538885062585404e+00  3.461114937414549e+00
5.8400  -4.131109002306611e-01  5.711970068127699e-01  1.631330102959337e+00  3.368669897040615e+00
5.8500  -4.073177647057349e-01  5.873919810211128e-01  1.725146696839537e+00  3.274853303160415e+00
5.8600  -4.013638335636703e-01  6.033550722519022e-01  1.820186716060491e+00  3.179813283939460e+00
5.8700  -3.952514572200776e-01  6.190799788033018e-01  1.916300100775483e+00  3.083699899224467e+00
5.8800  -3.889830486395054e-01  6.345604930009294e-01  2.013335096387913e+00  2.986664903612039e+00
5.8900  -3.825610823828827e-01  6.497905036484420e-01  2.111138493158480e+00  2.888861506841471e+00
5.9000  -3.759880936306435e-01  6.647639984400350e-01  2.209555868109914e+00  2.790444131890037e+00
5.9100  -3.692666771819210e-01  6.794750663339020e-01  2.308431828847302e+00  2.691568171152650e+00
5.9200  -3.623994864302068e-01  6.939178998857187e-01  2.407610258909032e+00  2.592389741090920e+00
5.9300  -3.553892323158790e-01  7.080867975412310e-01  2.506934564260982e+00  2.493065435738972e+00
5.9400  -3.482386822560113e-01  7.219761658870399e-01  2.606247920544753e+00  2.393752079455200e+00
5.9500  -3.409506590518893e-01  7.355805218586973e-01  2.705393520689567e+00  2.294606479310386e+00
5.9600  -3.335280397746607e-01  7.488944949052381e-01  2.804214822496858e+00  2.195785177503096e+00
5.9700  -3.259737546295629e-01  7.619128291092975e-01  2.902555795806668e+00  2.097444204193285e+00
5.9800  -3.182907857991749e-01  7.746303852619729e-01  3.000261168855563e+00  1.999738831144389e+00
5.9900  -3.104821662661494e-01  7.870421428916152e-01  3.097176673437128e+00  1.902823326562824e+00
6.0000  -3.025509786158917e-01  7.991432022457441e-01  3.193149288477911e+00  1.806850711522041e+00
6.0100  -2.945003538196567e-01  8.109287862253091e-01  3.288027481644265e+00  1.711972518355685e+00
6.0200  -2.863334699985445e-01  8.223942422705318e-01  3.381661448598611e+00  1.618338551401341e+00
6.0300  -2.780535511688831e-01  8.335350441975812e-01  3.473903349527318e+00  1.526096650472633e+00
6.0400  -2.696638659694932e-01  8.443467939853631e-01  3.564607542566805e+00  1.435392457433146e+00
6.0500  -2.611677263713373e-01  8.548252235117129e-01  3.653630813759249e+00  1.346369186240703e+00
6.0600  -2.525684863700630e-01  8.649661962383104e-01  3.740832603174856e+00  1.259167396825097e+00
6.0700  -2.438695406619558e-01  8.747657088436475e-01  3.826075226843645e+00  1.173924773156308e+00
6.0800  -2.350743233038254e-01  8.842198928034086e-01  3.909224094146357e+00  1.090775905853597e+00
6.0900  -2.261863063573533e-01  8.933250159176357e-01  3.990147920321220e+00  1.009852079678734e+00
6.1000  -2.172089985184369e-01  9.020774837840777e-01  4.068718933751065e+00  9.312810662488896e-01
6.1100  -2.081459437320728e-01  9.104738412171426e-01  4.144813077703493e+00  8.551869222964622e-01
6.1200  -1.990007197933237e-01  9.185107736118900e-01  4.218310206205564e+00  7.816897937943926e-01
6.1300  -1.897769369349231e-01  9.261851082525282e-01  4.289094273743737e+00  7.109057262562188e-01
6.1400  -1.804782364020747e-01  9.334938155648976e-01  4.357053518489555e+00  6.429464815103996e-01
6.1500  -1.711082890150085e-01  9.404340103124471e-01  4.422080638761760e+00  5.779193612381965e-01
6.1600  -1.616707937198624e-01  9.470029527352293e-01  4.484072962446214e+00  5.159270375537415e-01
6.1700  -1.521694761284603e-01  9.531980496314680e-01  4.542932609106173e+00  4.570673908937812e-01
6.1800  -1.426080870475631e-01  9.590168553812696e-01  4.598566644526895e+00  4.014333554730601e-01
6.1900  -1.329904009981742e-01  9.644570729120711e-01  4.650887227450600e+00  3.491127725493554e-01
6.2000  -1.233202147254832e-01  9.695165546054499e-01  4.699811748270112e+00  3.001882517298416e-01
6.2100  -1.136013457000360e-01  9.741933031449334e-01  4.745262959462180e+00  2.547370405377735e-01
6.2200  -1.038376306107232e-01  9.784854723044717e-01  4.787169097554525e+00  2.128309024454283e-01
6.2300  -9.403292385018217e-02  9.823913676772685e-01  4.825463996434071e+00  1.745360035658837e-01
6.2400  -8.419109599320990e-02  9.859094473446758e-01  4.860087191817421e+00  1.399128081825333e-01
6.2500  -7.431603226878766e-02  9.890383224848934e-01  4.890984016718660e+00  1.090159832812920e-01
6.2600  -6.441163102632087e-02  9.917767579212298e-01  4.918105687763727e+00  8.189431223622413e-02
6.2700  -5.448180219669926e-02  9.941236726097085e-01  4.941409382215074e+00  5.859061778487863e-02
6.2800  -4.453046574878521e-02  9.960781400658292e-01  4.960858305585008e+00  3.914169441494589e-02
6.2900  -3.456155014193930e-02  9.976393887303131e-01  4.976421749730964e+00  2.357825026899190e-02
6.3000  -2.457899077519418e-02  9.988068022736890e-01  4.988075141340961e+00  1.192485865899704e-02
6.3100  -1.458672843368883e-02  9.995799198395998e-01  4.995800080732704e+00  4.199919267253796e-03
6.3200  -4.588707732976580e-03  9.999584362267339e-01  4.999584370905075e+00  4.156290948836660e-04
6.3300  5.411124438178958e-03  9.999422020093077e-01  4.999422036796116e+00  5.779632038432465e-04
6.3400  1.540882047590541e-02  9.995312235960550e-01  4.995313334717133e+00  4.686665282825922e-03
6.3500  2.540043361960542e-02  9.987256632276958e-01  4.987264751948005e+00  1.273524805195492e-02
6.3600  3.538201951000751e-02  9.975258389128907e-01  4.975288996494332e+00  2.471100350562873e-02
6.3700  4.534963774626905e-02  9.959322243026998e-01  4.959404977022616e+00  4.059502297734627e-02
6.3800  5.529935344151653e-02  9.939454485036019e-01  4.939637773005132e+00  6.036222699483133e-02
6.3900  6.522723877620902e-02  9.915662958291439e-01  4.916018595121646e+00  8.398140487831753e-02
6.4000  7.512937454871184e-02  9.887957054903194e-01  4.888584735980491e+00  1.114152640194716e-01
6.4100  8.500185172246806e-02  9.856347712247997e-01  4.857379511236816e+00  1.426204887631481e-01
6.4200  9.484077296915715e-02  9.820847408651614e-01  4.822452191200957e+00  1.775478087990061e-01
6.4300  1.046422542072317e-01  9.781470158462846e-01  4.783857923044958e+00  2.161420769550039e-01
6.4400  1.144024261352246e-01  9.738231506521109e-01  4.741657643730020e+00  2.583423562699420e-01
6.4500  1.241174357592217e-01  9.691148522019859e-01  4.695917983792385e+00  3.040820162075753e-01
6.4600  1.337834479138967e-01  9.640239791768231e-01  4.646711162139580e+00  3.532888378603803e-01
6.4700  1.433966467765078e-01  9.585525412853579e-01  4.594114872023090e+00  4.058851279768702e-01
6.4800  1.529532373732589e-01  9.527026984707814e-01  4.538212158367543e+00  4.617878416324168e-01
6.4900  1.624494470774297e-01  9.464767600580651e-01  4.479091286650061e+00  5.209087133498984e-01
6.5000  1.718815270986846e-01  9.398771838423168e-01  4.416845603536821e+00  5.831543964631378e-01
6.5100  1.812457539629714e-01  9.329065751185234e-01  4.351573389496865e+00  6.484266105030924e-01
6.5200  1.905384309824258e-01  9.255676856530666e-01  4.283377703625869e+00  7.166222963740881e-01
6.5300  1.997558897147022e-01  9.178634125974161e-01  4.212366220924872e+00  7.876337790750841e-01
6.5400  2.088944914111532e-01  9.097967973444303e-01  4.138651062290912e+00  8.613489377090447e-01
6.5500  2.179506284532882e-01  9.013710243277142e-01  4.062348617487964e+00  9.376513825119944e-01
6.5600  2.269207257769416e-01  8.925894197645100e-01  3.983579361377723e+00  1.016420638622237e+00
6.5700  2.358012422835906e-01  8.834554503426165e-01  3.902467663700377e+00  1.097532336299583e+00
6.5800  2.445886722382637e-01  8.739727218518554e-01  3.819141592705702e+00  1.180858407294257e+00
6.5900  2.532795466534897e-01  8.641449777606239e-01  3.733732712944546e+00  1.266267287055413e+00
6.6000  2.618704346587389e-01  8.539760977380975e-01  3.646375877539943e+00  1.353624122460016e+00
6.6100  2.703579448548185e-01  8.434700961226637e-01  3.557209015265878e+00  1.442790984734084e+00
6.6200  2.787387266526841e-01  8.326311203371938e-01  3.466372912769852e+00  1.533627087230110e+00
6.6300  2.870094715961423e-01  8.214634492517784e-01  3.374010992283145e+00  1.625989007716817e+00
6.6400  2.951669146679201e-01  8.099714914945690e-01  3.280269085169683e+00  1.719730914830279e+00
6.6500  3.032078355785858e-01  7.981597837113983e-01  3.185295201671130e+00  1.814704798328833e+00
6.6600  3.111290600378134e-01  7.860329887748606e-01  3.089239297211701e+00  1.910760702788263e+00
6.6700  3.189274610074872e-01  7.735958939435654e-01  2.992253035631721e+00  2.007746964368243e+00
6.6800  3.265999599361535e-01  7.608534089722844e-01  2.894489549723731e+00  2.105510450276234e+00
6.6900  3.341435279743314e-01  7.478105641737418e-01  2.796103199449250e+00  2.203896800550715e+00
6.7000  3.415551871702024e-01  7.344725084328148e-01  2.697249328217956e+00  2.302750671782011e+00
6.7100  3.488320116452076e-01  7.208445071739212e-01  2.598084017614067e+00  2.401915982385901e+00
6.7200  3.559711287490878e-01  7.069319402824055e-01  2.498763840957233e+00  2.501236159042736e+00
6.7300  3.629697201939117e-01  6.927402999807363e-01  2.399445616087002e+00  2.600554383912965e+00
6.7400  3.698250231666425e-01  6.782751886603590e-01  2.300286157761228e+00  2.699713842238739e+00
6.7500  3.765343314198052e-01  6.635423166700561e-01  2.201442030059325e+00  2.798557969940640e+00
6.7600  3.830949963398247e-01  6.485475000616899e-01  2.103069299181338e+00  2.896930700818626e+00
6.7700  3.895044279926098e-01  6.332966582942167e-01  2.005323287033109e+00  2.994676712966857e+00
6.7800  3.957600961459747e-01  6.177958118968802e-01  1.908358325986627e+00  3.091641674013339e+00
6.7900  4.018595312684910e-01  6.020510800925049e-01  1.812327515202758e+00  3.187672484797209e+00
6.8000  4.078003255043769e-01  5.860686783818286e-01  1.717382478901116e+00  3.282617521098850e+00
6.8100  4.135801336240397e-01  5.698549160898287e-01  1.623673126958729e+00  3.376326873041238e+00
6.8200  4.191966739498948e-01  5.534161938750077e-01  1.531347418215501e+00  3.468652581784467e+00
6.8300  4.246477292570967e-01  5.367590012026247e-01  1.440551126860196e+00  3.559448873139772e+00
6.8400  4.299311476488266e-01  5.198899137828684e-01  1.351427612265792e+00  3.648572387734178e+00
6.8500  4.350448434057897e-01  5.028155909749844e-01  1.264117592637614e+00  3.735882407362357e+00
6.8600  4.399867978095890e-01  4.855427731583792e-01  1.178758922831646e+00  3.821241077168325e+00
6.8700  4.447550599396481e-01  4.680782790717410e-01  1.095486376693813e+00  3.904513623306158e+00
6.8800  4.493477474433709e-01  4.504290031212262e-01  1.014431434263908e+00  3.985568565736064e+00
6.8900  4.537630472792318e-01  4.326019126587757e-01  9.357220741801552e-01  4.064277925819816e+00
6.9000  4.579992164325051e-01  4.146040452316343e-01  8.594825716121752e-01  4.140517428387795e+00
6.9100  4.620545826033494e-01  3.964425058041587e-01  7.858333020414020e-01  4.214166697958567e+00
6.9200  4.659275448669766e-01  3.781244639530124e-01  7.148905511987647e-01  4.285109448801205e+00
6.9300  4.696165743056442e-01  3.596571510368528e-01  6.467663314597277e-01  4.353233668540243e+00
6.9400  4.731202146122213e-01  3.410478573416302e-01  5.815682049865848e-01  4.418431795013386e+00
6.9500  4.764370826650909e-01  3.223039292026226e-01  5.193991138972457e-01  4.480600886102725e+00
6.9600  4.795658690741608e-01  3.034327661043451e-01  4.603572177286708e-01  4.539642782271300e+00
6.9700  4.825053386977673e-01  2.844418177594776e-01  4.045357384515794e-01  4.595464261548391e+00
6.9800  4.852543311302686e-01  2.653385811679643e-01  3.520228132811418e-01  4.647977186718829e+00
6.9900  4.878117611601345e-01  2.461305976574445e-01  3.029013555160542e-01  4.697098644483917e+00
7.0000  4.901766191983523e-01  2.268254499061862e-01  2.572489236257191e-01  4.742751076374253e+00
7.0100  4.923479716769791e-01  2.074307589496944e-01  2.151375987922311e-01  4.784862401207740e+00
7.0200  4.943249614176836e-01  1.879541811721775e-01  1.766338711005186e-01  4.823366128899453e+00
7.0300  4.961068079701321e-01  1.684034052840599e-01  1.417985345563366e-01  4.858201465443634e+00
7.0400  4.976928079200841e-01  1.487861492867321e-01  1.106865910978687e-01  4.889313408902102e+00
7.0500  4.990823351670776e-01  1.291101574257392e-01  8.334716375249579e-02  4.916652836247473e+00
7.0600  5.002748411715923e-01  1.093831971336073e-01  5.982341907584796e-02  4.940176580924120e+00
7.0700  5.012698551715954e-01  8.961305596351790e-02  4.015249899560296e-02  4.959847501004365e+00
7.0800  5.020669843683827e-01  6.980753851503883e-02  2.436546216764315e-02  4.975634537832326e+00
7.0900  5.026659140816423e-01  4.997446335312557e-02  1.248723493716445e-02  4.987512765062802e+00
7.1000  5.030664078736808e-01  3.012165992160975e-02  4.536571982165556e-03  4.995463428017800e+00
7.1100  5.032683076427603e-01  1.025696545239313e-02  5.260267014579309e-04  4.999473973298505e+00
7.1200  5.032715336855124e-01  -9.611778128433132e-03  4.619313939511276e-04  4.999538068606014e+00
7.1300  5.030760847284013e-01  -2.947672729632218e-02  4.344387260508724e-03  4.995655612739455e+00
7.1400  5.026820379282283e-01  -4.933004002463622e-02  1.216726424416105e-02  4.987832735755804e+00
7.1500  5.020895488416713e-01  -6.916387888041993e-02  2.391821070892699e-02  4.976081789291037e+00
7.1600  5.012988513638773e-01  -8.897041411836050e-02  3.957867294196281e-02  4.960421327058004e+00
7.1700  5.003102576361269e-01  -1.087418267717127e-01  5.912392444824589e-02  4.940876075551717e+00
7.1800  4.991241579226132e-01  -1.284703117389692e-01  8.252310499153963e-02  4.917476895008423e+00
7.1900  4.977410204563764e-01  -1.481480808650570e-01  1.097392693199973e-01  4.890260730679965e+00
7.2000  4.961613912544621e-01  -1.677673660158441e-01  1.407294454994711e-01  4.859270554500491e+00
7.2100  4.943858939023715e-01  -1.873204221447430e-01  1.754447027624237e-01  4.824555297237541e+00
7.2200  4.924152293078896e-01  -2.067995303501991e-01  2.138302287653147e-01  4.786169771234647e+00
7.2300  4.902501754243915e-01  -2.261970009228587e-01  2.558254161324786e-01  4.744174583867482e+00
7.2400  4.878915869437309e-01  -2.455051763812123e-01  3.013639581498508e-01  4.698636041850110e+00
7.2500  4.853403949588361e-01  -2.647164344945163e-01  3.503739534574476e-01  4.649626046542513e+00
7.2600  4.825976065961453e-01  -2.838231912917976e-01  4.027780195753015e-01  4.597221980424659e+00
7.2700  4.796643046180267e-01  -3.028179040557554e-01  4.584934150836033e-01  4.541506584916358e+00
7.2800  4.765416469953391e-01  -3.216930743003774e-01  5.174321702641406e-01  4.482567829735819e+00
7.2900  4.732308664503037e-01  -3.404412507310944e-01  5.795012259967594e-01  4.420498774003202e+00
7.3000  4.697332699698651e-01  -3.590550321863059e-01  6.446025806915456e-01  4.355397419308416e+00
7.3100  4.660502382897373e-01  -3.775270705591140e-01  7.126334450247312e-01  4.287366554975229e+00
7.3200  4.621832253493339e-01  -3.958500736981143e-01  7.834864042340126e-01  4.216513595765947e+00
7.3300  4.581337577178007e-01  -4.140168082860966e-01  8.570495877170323e-01  4.142950412282926e+00
7.3400  4.539034339913774e-01  -4.320201026955194e-01  9.332068456652358e-01  4.066793154334723e+00
7.3500  4.494939241623236e-01  -4.498528498196323e-01  1.011837932454223e+00  3.988162067545736e+00
7.3600  4.449069689596613e-01  -4.675080098781272e-01  1.092818696501036e+00  3.907181303498924e+00
7.3700  4.401443791619926e-01  -4.849786131962115e-01  1.176021276288603e+00  3.823978723711356e+00
7.3800  4.352080348826640e-01  -5.022577629560054e-01  1.261314302247855e+00  3.738685697752104e+00
7.3900  4.300998848275597e-01  -5.193386379191789e-01  1.348563104178740e+00  3.651436895821218e+00
7.4000  4.248219455258169e-01  -5.362144951197504e-01  1.437629923882644e+00  3.562370076117314e+00
7.4100  4.193763005337659e-01  -5.528786725259885e-01  1.528374132670496e+00  3.471625867329461e+00
7.4200  4.137650996124119e-01  -5.693245916703619e-01  1.620652453403121e+00  3.379347546596836e+00
7.4300  4.079905578787796e-01  -5.855457602465004e-01  1.714319186713261e+00  3.285680813286697e+00
7.4400  4.020549549314581e-01  -6.015357746721453e-01  1.809226441052090e+00  3.190773558947868e+00
7.4500  3.959606339506906e-01  -6.172883226170709e-01  1.905224366196985e+00  3.094775633802973e+00
7.4600  3.897100007733644e-01  -6.327971854949845e-01  2.002161389851870e+00  2.997838610148089e+00
7.4700  3.833055229432653e-01  -6.480562409184198e-01  2.099884456966565e+00  2.900115543033392e+00
7.4800  3.767497287369737e-01  -6.630594651156525e-01  2.198239271397276e+00  2.801760728602682e+00
7.4900  3.700452061657831e-01  -6.778009353086872e-01  2.297070539526656e+00  2.702929460473301e+00
7.5000  3.631946019540400e-01  -6.922748320513753e-01  2.396222215458799e+00  2.603777784541158e+00
7.5100  3.562006204943030e-01  -7.064754415267390e-01  2.495537747402004e+00  2.504462252597952e+00
7.5200  3.490660227797390e-01  -7.203971578025996e-01  2.594860324850318e+00  2.405139675149637e+00
7.5300  3.417936253141737e-01  -7.340344850446129e-01  2.694033126173550e+00  2.305966873826405e+00
7.5400  3.343862990002289e-01  -7.473820396858444e-01  2.792899566224865e+00  2.207100433775092e+00
7.5500  3.268469680059844e-01  -7.604345525520226e-01  2.891303543574975e+00  2.108696456424982e+00
7.5600  3.191786086106136e-01  -7.731868709416376e-01  2.989089686982603e+00  2.010910313017353e+00
7.5700  3.113842480294464e-01  -7.856339606600552e-01  3.086103600712026e+00  1.913896399287931e+00
7.5800  3.034669632189244e-01  -7.977709080068521e-01  3.182192108310387e+00  1.817807891689572e+00
7.5900  2.954298796619196e-01  -8.095929217155823e-01  3.277203494459864e+00  1.722796505540095e+00
7.6000  2.872761701338978e-01  -8.210953348452117e-01  3.370987744522851e+00  1.629012255477109e+00
7.6100  2.790090534504105e-01  -8.322736066224715e-01  3.463396781401882e+00  1.536603218598077e+00
7.6200  2.706317931964136e-01  -8.431233242344069e-01  3.554284699340384e+00  1.445715300659576e+00
7.6300  2.621476964379109e-01  -8.536402045704089e-01  3.643507994295048e+00  1.356492005704911e+00
7.6400  2.535601124164342e-01  -8.638200959130458e-01  3.730925790516118e+00  1.269074209483841e+00
7.6500  2.448724312268728e-01  -8.736589795770237e-01  3.816400062977831e+00  1.183599937022127e+00
7.6600  2.360880824791760e-01  -8.831529714956320e-01  3.899795855307823e+00  1.100204144692135e+00
7.6700  2.272105339444563e-01  -8.922983237540435e-01  3.980981492871380e+00  1.019018507128578e+00
7.6800  2.182432901860276e-01  -9.010914260688683e-01  4.059828790674134e+00  9.401712093258239e-01
7.6900  2.091898911759194e-01  -9.095288072133745e-01  4.136213255754918e+00  8.637867442450398e-01
7.7000  2.000539108974125e-01  -9.176071363878137e-01  4.210014283749218e+00  7.899857162507412e-01
7.7100  1.908389559341484e-01  -9.253232245343109e-01  4.281115349312874e+00  7.188846506870853e-01
7.7200  1.815486640463687e-01  -9.326740255958001e-01  4.349404190105376e+00  6.505958098945824e-01
7.7300  1.721867027348480e-01  -9.396566377185063e-01  4.414772984042241e+00  5.852270159577180e-01
7.7400  1.627567677930850e-01  -9.462683043975018e-01  4.477118519536615e+00  5.228814804633435e-01
7.7500  1.532625818483252e-01  -9.525064155648836e-01  4.536342358461313e+00  4.636576415386452e-01
7.7600  1.437078928919909e-01  -9.583685086201421e-01  4.592350991573976e+00  4.076490084259808e-01
7.7700  1.340964728000974e-01  -9.638522694023146e-01  4.645055986159960e+00  3.549440138399967e-01
7.7800  1.244321158442409e-01  -9.689555331035393e-01  4.694374125659820e+00  3.056258743401347e-01
7.7900  1.147186371937451e-01  -9.736762851236510e-01  4.740227541060967e+00  2.597724589389893e-01
7.8000  1.049598714095586e-01  -9.780126618654771e-01  4.782543833845980e+00  2.174561661539744e-01
7.8100  9.515967093049642e-02  -9.819629514705261e-01  4.821256190303535e+00  1.787438096964196e-01
7.8200  8.532190455242415e-02  -9.855255944947720e-01  4.856303487021369e+00  1.436965129785853e-01
7.8300  7.545045590098522e-02  -9.886991845242712e-01  4.887630387394794e+00  1.123696126051613e-01
7.8400  6.554922189847345e-02  -9.914824687303683e-01  4.915187428998328e+00  8.481257100162597e-02
7.8500  5.562211122545673e-02  -9.938743483642725e-01  4.938931101682536e+00  6.106889831741838e-02
7.8600  4.567304277775888e-02  -9.958738791908063e-01  4.958823916272723e+00  4.117608372723273e-02
7.8700  3.570594411940882e-02  -9.974802718611585e-01  4.974834463761053e+00  2.516553623890228e-02
7.8800  2.572474993216787e-02  -9.986928922244938e-01  4.986937464898621e+00  1.306253510133347e-02
7.8900  1.573340046224716e-02  -9.995112615782941e-01  4.995113810109165e+00  4.886189890791265e-03
7.9000  5.735839964828461e-03  -9.999350568573341e-01  4.999350589661399e+00  6.494103385558132e-04
7.9100  -4.263984852997714e-03  -9.999641107612177e-01  4.999641114052364e+00  3.588859475901378e-04
7.9200  -1.426212639026184e-02  -9.995984118204224e-01  4.995984924569553e+00  4.015075430402224e-03
7.9300  -2.425463771049803e-02  -9.988381044008260e-01  4.988387794015178e+00  1.161220598477825e-02
7.9400  -3.423757409986437e-02  -9.976834886467175e-01  4.976861717591425e+00  2.313828240853046e-02
7.9500  -4.420699462438576e-02  -9.961350203623086e-01  4.961424893961085e+00  3.857510603886840e-02
7.9600  -5.415896368570473e-02  -9.941933108317983e-01  4.942101696513463e+00  5.789830348648971e-02
7.9700  -6.408955257472579e-02  -9.918591265780571e-01  4.918922634880931e+00  8.107736511902218e-02
7.9800  -7.399484102254020e-02  -9.891333890600295e-01  4.891924306766898e+00  1.080756932330547e-01
7.9900  -8.387091874801877e-02  -9.860171743089726e-01  4.861149340161254e+00  1.388506598386982e-01
8.0000  -9.371388700146195e-02  -9.825117125036743e-01  4.826646326034513e+00  1.733536739654387e-01
8.0100  -1.035198601036976e-01  -9.786183874848191e-01  4.788469741616938e+00  2.115302583830152e-01
8.0200  -1.132849669800187e-01  -9.743387362086935e-01  4.746679864383770e+00  2.533201356161822e-01
8.0300  -1.230053526883564e-01  -9.696744481404467e-01  4.701342676882399e+00  2.986573231175523e-01
8.0400  -1.326771799410836e-01  -9.646273645871453e-01  4.652529762551707e+00  3.474702374482456e-01
8.0500  -1.422966306198497e-01  -9.591994779708856e-01  4.600318192698097e+00  3.996818073018548e-01
8.0600  -1.518599072828476e-01  -9.533929310422516e-01  4.544790404806678e+00  4.552095951932729e-01
8.0700  -1.613632346639188e-01  -9.472100160344279e-01  4.486034072379706e+00  5.139659276202446e-01
8.0800  -1.708028611629036e-01  -9.406531737583009e-01  4.424141966507821e+00  5.758580334921281e-01
8.0900  -1.801750603266493e-01  -9.337249926389080e-01  4.359211809392644e+00  6.407881906073055e-01
8.1000  -1.894761323200908e-01  -9.264282076936119e-01  4.291346120051990e+00  7.086538799479574e-01
8.1100  -1.987024053868237e-01  -9.187656994524073e-01  4.220652052451356e+00  7.793479475485932e-01
8.1200  -2.078502372985921e-01  -9.107404928207808e-01  4.147241226317194e+00  8.527587736827548e-01
8.1300  -2.169160167931209e-01  -9.023557558855799e-01  4.071229550899181e+00  9.287704491007661e-01
8.1400  -2.258961649997223e-01  -8.936147986643559e-01  3.992737041959686e+00  1.007262958040263e+00
8.1500  -2.347871368521165e-01  -8.845210717986774e-01  3.911887632279405e+00  1.088112367720543e+00
8.1600  -2.435854224879066e-01  -8.750781651919327e-01  3.828808975978398e+00  1.171191024021551e+00
8.1700  -2.522875486341563e-01  -8.652898065921528e-01  3.743632246961426e+00  1.256367753038523e+00
8.1800  -2.608900799785238e-01  -8.551598601204201e-01  3.656491931805883e+00  1.343508068194068e+00
8.1900  -2.693896205254099e-01  -8.446923247454406e-01  3.567525617419285e+00  1.432474382580666e+00
8.2000  -2.777828149365848e-01  -8.338913327048832e-01  3.476873773801632e+00  1.523126226198320e+00
8.2100  -2.860663498557647e-01  -8.227611478741086e-01  3.384679532255604e+00  1.615320467744347e+00
8.2200  -2.942369552166161e-01  -8.113061640829318e-01  3.291088459394806e+00  1.708911540605146e+00
8.2300  -3.022914055336700e-01  -7.995309033810829e-01  3.196248327306852e+00  1.803751672693100e+00
8.2400  -3.102265211756369e-01  -7.874400142530513e-01  3.100308880234228e+00  1.899691119765725e+00
8.2500  -3.180391696206201e-01  -7.750382697830176e-01  3.003421598141268e+00  1.996578401858686e+00
8.2600  -3.257262666927330e-01  -7.623305657705967e-01  2.905739457540590e+00  2.094260542459363e+00
8.2700  -3.332847777796290e-01  -7.493219187981383e-01  2.807416689956618e+00  2.192583310043334e+00
8.2800  -3.407117190304670e-01  -7.360174642503452e-01  2.708608538407541e+00  2.291391461592413e+00
8.2900  -3.480041585338369e-01  -7.224224542869929e-01  2.609471012290212e+00  2.390528987709741e+00
8.3000  -3.551592174751815e-01  -7.085422557695507e-01  2.510160641055017e+00  2.489839358944936e+00
8.3100  -3.621740712732579e-01  -6.943823481425209e-01  2.410834227059605e+00  2.589165772940347e+00
8.3200  -3.690459506951886e-01  -6.799483212703356e-01  2.311648597991737e+00  2.688351402008214e+00
8.3300  -3.757721429496636e-01  -6.652458732306629e-01  2.212760359252136e+00  2.787239640747816e+00
8.3400  -3.823499927578605e-01  -6.502808080649924e-01  2.114325646688298e+00  2.885674353311655e+00
8.3500  -3.887769034016615e-01  -6.350590334873927e-01  2.016499880069706e+00  2.983500119930246e+00
8.3600  -3.950503377487515e-01  -6.195865585523396e-01  1.919437517693658e+00  3.080562482306294e+00
8.3700  -4.011678192541950e-01  -6.038694912825402e-01  1.823291812509169e+00  3.176708187490780e+00
8.3800  -4.071269329380935e-01  -5.879140362576870e-01  1.728214570144025e+00  3.271785429855925e+00
8.3900  -4.129253263389406e-01  -5.717264921650943e-01  1.634355909217018e+00  3.365644090782929e+00
8.4000  -4.185607104422958e-01  -5.553132493131844e-01  1.541864024313834e+00  3.458135975686113e+00
8.4100  -4.240308605844118e-01  -5.386807871088044e-01  1.450884952000805e+00  3.549115047999141e+00
8.4200  -4.293336173304589e-01  -5.218356714993703e-01  1.361562340245993e+00  3.638437659753953e+00
8.4300  -4.344668873269979e-01  -5.047845523808474e-01  1.274037221611662e+00  3.725962778388284e+00
8.4400  -4.394286441283676e-01  -4.875341609725915e-01  1.188447790576244e+00  3.811552209423702e+00
8.4500  -4.442169289966585e-01  -4.700913071600842e-01  1.104929185337383e+00  3.895070814662562e+00
8.4600  -4.488298516749578e-01  -4.524628768066156e-01  1.023613274440593e+00  3.976386725559351e+00
8.4700  -4.532655911335606e-01  -4.346558290349729e-01  9.446284485703976e-01  4.055371551429547e+00
8.4800  -4.575223962888523e-01  -4.166771934802070e-01  8.680994178327094e-01  4.131900582167234e+00
8.4900  -4.615985866945787e-01  -3.985340675145663e-01  7.941470148485246e-01  4.205852985151419e+00
8.5000  -4.654925532052306e-01  -3.802336134456869e-01  7.228880039698202e-01  4.277111996030123e+00
8.5100  -4.692027586112816e-01  -3.617830556891500e-01  6.544348969188932e-01  4.345565103081051e+00
8.5200  -4.727277382460275e-01  -3.431896779165214e-01  5.888957751422286e-01  4.411104224857715e+00
8.5300  -4.760661005637887e-01  -3.244608201799981e-01  5.263741191593854e-01  4.473625880840558e+00
8.5400  -4.792165276892459e-01  -3.056038760147973e-01  4.669686451763381e-01  4.533031354823606e+00
8.5500  -4.821777759376946e-01  -2.866262895204333e-01  4.107731492212562e-01  4.589226850778687e+00
8.5600  -4.849486763060104e-01  -2.675355524220323e-01  3.578763590488099e-01  4.642123640951134e+00
8.5700  -4.875281349341326e-01  -2.483392011128463e-01  3.083617940468336e-01  4.691638205953111e+00
8.5800  -4.899151335368845e-01  -2.290448136791336e-01  2.623076333665451e-01  4.737692366633399e+00
8.5900  -4.921087298059588e-01  -2.096600069085809e-01  2.197865924845309e-01  4.780213407515411e+00
8.6000  -4.941080577819097e-01  -1.901924332834462e-01  1.808658083913906e-01  4.819134191608552e+00
8.6100  -4.959123281960048e-01  -1.706497779596114e-01  1.456067335883233e-01  4.854393266411619e+00
8.6200  -4.975208287818029e-01  -1.510397557327363e-01  1.140650390590232e-01  4.885934960940919e+00
8.6300  -4.989329245563331e-01  -1.313701079927117e-01  8.629052637008364e-02  4.913709473629858e+00
8.6400  -5.001480580707649e-01  -1.116485996676143e-01  6.232704903869601e-02  4.937672950961243e+00
8.6500  -5.011657496304710e-01  -9.188301615836886e-02  4.221244329179536e-02  4.957787556708142e+00
8.6600  -5.019855974843948e-01  -7.208116026532896e-02  2.597846832598019e-02  4.974021531673955e+00
8.6700  -5.026072779836481e-01  -5.225084910798878e-02  1.365075616252906e-02  4.986349243837407e+00
8.6800  -5.030305457092776e-01  -3.239991103904214e-02  5.248771176689223e-03  4.994751228823247e+00
8.6900  -5.032552335691477e-01  -1.253618255400719e-02  7.857793651369715e-04  4.999214220634802e+00
8.7000  -5.032812528639028e-01  7.332494802363590e-03  2.688274001334453e-04  4.999731172599802e+00
8.7100  -5.031085933219841e-01  2.719827753166658e-02  3.698731503447795e-03  4.996301268496486e+00
8.7200  -5.027373231036830e-01  4.705332327820142e-02  1.107007615761466e-02  4.988929923842320e+00
8.7300  -5.021675887742346e-01  6.688979392487440e-02  2.237122265656082e-02  4.977628777343376e+00
8.7400  -5.013996152459578e-01  8.669985868742842e-02  3.758432748210029e-02  4.962415672517834e+00
8.7500  -5.004337056894682e-01  1.064756972057785e-01  5.668537047728311e-02  4.943314629522652e+00
8.7600  -4.992702414139959e-01  1.262095026312316e-01  7.964419277211432e-02  4.920355807227820e+00
8.7700  -4.979096817168571e-01  1.458934847083735e-01  1.064245444017621e-01  4.893575455598173e+00
8.7800  -4.963525637021389e-01  1.655198728504041e-01  1.369841415420698e-01  4.863015858457866e+00
8.7900  -4.945995020686682e-01  1.850809192067091e-01  1.712747332720020e-01  4.828725266727933e+00
8.8000  -4.926511888673486e-01  2.045689017214558e-01  2.092421777576133e-01  4.790757822242321e+00
8.8100  -4.905083932279626e-01  2.239761271820058e-01  2.508265277372502e-01  4.749173472262686e+00
8.8200  -4.881719610555431e-01  2.432949342559420e-01  2.959621251730156e-01  4.704037874826921e+00
8.8300  -4.856428146964387e-01  2.625176965155093e-01  3.445777049190453e-01  4.655422295080892e+00
8.8400  -4.829219525742022e-01  2.816368254482772e-01  3.965965072429169e-01  4.603403492757020e+00
8.8500  -4.800104487954449e-01  3.006447734528340e-01  4.519363990225294e-01  4.548063600977406e+00
8.8600  -4.769094527258159e-01  3.195340368183312e-01  5.105100034270932e-01  4.489489996572843e+00
8.8700  -4.736201885362694e-01  3.382971586867001e-01  5.722248378774718e-01  4.427775162122464e+00
8.8800  -4.701439547198031e-01  3.569267319963745e-01  6.369834600680588e-01  4.363016539931877e+00
8.8900  -4.664821235788558e-01  3.754154024063535e-01  7.046836218196215e-01  4.295316378180313e+00
8.9000  -4.626361406835675e-01  3.937558711994529e-01  7.752184305202008e-01  4.224781569479734e+00
8.9100  -4.586075243011160e-01  4.119408981635984e-01  8.484765178991605e-01  4.151523482100774e+00
8.9200  -4.543978647963557e-01  4.299633044500216e-01  9.243422158679099e-01  4.075657784132025e+00
8.9300  -4.500088240039929e-01  4.478159754072338e-01  1.002695739149661e+00  3.997304260850273e+00
8.9400  -4.454421345725495e-01  4.654918633896549e-01  1.083413374409866e+00  3.916586625590071e+00
8.9500  -4.406995992803693e-01  4.829839905397915e-01  1.166367675588707e+00  3.833632324411228e+00
8.9600  -4.357830903239419e-01  5.002854515428650e-01  1.251427665127242e+00  3.748572334872692e+00
8.9700  -4.306945485788203e-01  5.173894163528026e-01  1.338459040769468e+00  3.661540959230468e+00
8.9800  -4.254359828334275e-01  5.342891328885127e-01  1.427324387613794e+00  3.572675612386144e+00
8.9900  -4.200094689960530e-01  5.509779296993856e-01  1.517883395079106e+00  3.482116604920833e+00
9.0000  -4.144171492753531e-01  5.674492185989609e-01  1.609993078442857e+00  3.390006921557080e+00
9.0100  -4.086612313346775e-01  5.836964972657264e-01  1.703508004601390e+00  3.296491995398546e+00
9.0200  -4.027439874205559e-01  5.997133518100206e-01  1.798280521696048e+00  3.201719478303889e+00
9.0300  -3.966677534656911e-01  6.154934593060243e-01  1.894160992242483e+00  3.105839007757452e+00
9.0400  -3.904349281668091e-01  6.310305902878435e-01  1.990998029395121e+00  3.009001970604813e+00
9.0500  -3.840479720377330e-01  6.463186112086964e-01  2.088638735973690e+00  2.911361264026244e+00
9.0600  -3.775094064380532e-01  6.613514868622362e-01  2.186928945874453e+00  2.813071054125481e+00
9.0700  -3.708218125777780e-01  6.761232827650510e-01  2.285713467484945e+00  2.714286532514989e+00
9.0800  -3.639878304983569e-01  6.906281674994018e-01  2.384836328717909e+00  2.615163671282026e+00
9.0900  -3.570101580304791e-01  7.048604150152743e-01  2.484141023277524e+00  2.515858976722410e+00
9.1000  -3.498915497290599e-01  7.188144068908345e-01  2.583470757769111e+00  2.416529242230824e+00
9.1100  -3.426348157858317e-01  7.324846345503966e-01  2.682668699262140e+00  2.317331300737794e+00
9.1200  -3.352428209199743e-01  7.458657014390261e-01  2.781578222915652e+00  2.218421777084282e+00
9.1300  -3.277184832472180e-01  7.589523251529228e-01  2.880043159275139e+00  2.119956840724797e+00
9.1400  -3.200647731278672e-01  7.717393395247381e-01  2.977908040850395e+00  2.022091959149543e+00
9.1500  -3.122847119942009e-01  7.842216966630088e-01  3.075018347585041e+00  1.924981652414897e+00
9.1600  -3.043813711577103e-01  7.963944689448980e-01  3.171220750830130e+00  1.828779249169808e+00
9.1700  -2.963578705966468e-01  8.082528509614568e-01  3.266363355436615e+00  1.733636644563322e+00
9.1800  -2.882173777243572e-01  8.197921614146432e-01  3.360295939584462e+00  1.639704060415474e+00
9.1900  -2.799631061388936e-01  8.310078449653423e-01  3.452870191969712e+00  1.547129808030225e+00
9.2000  -2.715983143543905e-01  8.418954740316648e-01  3.543939945975008e+00  1.456060054024928e+00
9.2100  -2.631263045147116e-01  8.524507505368102e-01  3.633361410453855e+00  1.366638589546080e+00
9.2200  -2.545504210898717e-01  8.626695076058061e-01  3.720993396764220e+00  1.279006603235715e+00
9.2300  -2.458740495557507e-01  8.725477112104518e-01  3.806697541692990e+00  1.193302458306944e+00
9.2400  -2.371006150576187e-01  8.820814617618210e-01  3.890338525919354e+00  1.109661474080579e+00
9.2500  -2.282335810580027e-01  8.912669956496900e-01  3.971784287672123e+00  1.028215712327810e+00
9.2600  -2.192764479694251e-01  9.001006867282870e-01  4.050906231243669e+00  9.490937687562626e-01
9.2700  -2.102327517725562e-01  9.085790477477749e-01  4.127579430031267e+00  8.724205699686632e-01
9.2800  -2.011060626203265e-01  9.166987317309027e-01  4.201682823785227e+00  7.983171762147018e-01
9.2900  -1.918999834285470e-01  9.244565332942815e-01  4.273099409752405e+00  7.269005902475246e-01
9.3000  -1.826181484535979e-01  9.318493899137638e-01  4.341716427413268e+00  6.582835725866605e-01
9.3100  -1.732642218577433e-01  9.388743831334276e-01  4.407425536520871e+00  5.925744634790575e-01
9.3200  -1.638418962626411e-01  9.455287397176865e-01  4.470122988160582e+00  5.298770118393464e-01
9.3300  -1.543548912916181e-01  9.518098327460710e-01  4.529709788560518e+00  4.702902114394112e-01
9.3400  -1.448069521012849e-01  9.577151826502506e-01  4.586091855394014e+00  4.139081446059147e-01
9.3500  -1.352018479030717e-01  9.632424581928855e-01  4.639180166327363e+00  3.608198336725646e-01
9.3600  -1.255433704752683e-01  9.683894773879222e-01  4.688890899578266e+00  3.111091004216633e-01
9.3700  -1.158353326661548e-01  9.731542083619694e-01  4.735145566263057e+00  2.648544337368726e-01
9.3800  -1.060815668888150e-01  9.775347701564148e-01  4.777871134323773e+00  2.221288656761566e-01
9.3900  -9.628592360822615e-02  9.815294334699654e-01  4.817000143839356e+00  1.829998561605750e-01
9.4000  -8.645226982122221e-02  9.851366213413185e-01  4.852470813538941e+00  1.475291864609882e-01
9.4100  -7.658448752993136e-02  9.883549097716948e-01  4.884227138349075e+00  1.157728616508562e-01
9.4200  -6.668647220928935e-02  9.911830282869847e-01  4.912218977820787e+00  8.778102217914341e-02
9.4300  -5.676213126923464e-02  9.936198604392911e-01  4.936402135296981e+00  6.359786470295156e-02
9.4400  -4.681538251219188e-02  9.956644442476646e-01  4.956738427695054e+00  4.326157230487873e-02
9.4500  -3.685015258645261e-02  9.973159725778636e-01  4.973195745794651e+00  2.680425420528349e-02
9.4600  -2.687037543606415e-02  9.985737934609827e-01  4.985748104935287e+00  1.425189506464520e-02
9.4700  -1.687999074783823e-02  9.994374103508301e-01  4.994375686043868e+00  5.624313956066193e-03
9.4800  -6.882942396092646e-03  9.999064823199456e-01  4.999064866927238e+00  9.351330726953020e-04
9.4900  3.116823114260318e-03  9.999808241941898e-01  4.999808243780455e+00  1.917562194807694e-04
9.5000  1.311535820566377e-02  9.996604066258424e-01  4.996604642876723e+00  3.395357123212229e-03
9.5100  2.310871578628962e-02  9.989453561051901e-01  4.989459122420625e+00  1.054087757930914e-02
9.5200  3.309295080822026e-02  9.978359549105907e-01  4.978382964561652e+00  2.161703543828176e-02
9.5300  4.306412182482334e-02  9.963326409970397e-01  4.963393657580679e+00  3.660634241925474e-02
9.5400  5.301829254670480e-02  9.944360078232793e-01  4.944514868277507e+00  5.548513172242724e-02
9.5500  6.295153339562622e-02  9.921468041175218e-01  4.921776404603060e+00  7.822359539687224e-02
9.5600  7.285992305577253e-02  9.894659335818753e-01  4.895214168595261e+00  1.047858314046740e-01
9.5700  8.273955002175830e-02  9.863944545355920e-01  4.864870099692840e+00  1.351299003070943e-01
9.5800  9.258651414276085e-02  9.829335794972792e-01  4.830792108516671e+00  1.692078914832640e-01
9.5900  1.023969281621713e-01  9.790846747062366e-01  4.793034001223086e+00  2.069659987768476e-01
9.6000  1.121669192521551e-01  9.748492595831104e-01  4.751655394548693e+00  2.483446054512402e-01
9.6100  1.218926305425170e-01  9.702290061300757e-01  4.706721621680772e+00  2.932783783191609e-01
9.6200  1.315702226432656e-01  9.652257382707854e-01  4.658303629101914e+00  3.416963708980199e-01
9.6300  1.411958751602787e-01  9.598414311303453e-01  4.606477864571747e+00  3.935221354281859e-01
9.6400  1.507657882034680e-01  9.540782102556001e-01  4.551326156422646e+00  4.486738435772875e-01
9.6500  1.602761838868509e-01  9.479383507760374e-01  4.492935584359969e+00  5.070644156399653e-01
9.6600  1.697233078199352e-01  9.414242765056412e-01  4.431398341970850e+00  5.686016580290838e-01
9.6700  1.791034305898285e-01  9.345385589860511e-01  4.366811591158624e+00  6.331884088413092e-01
9.6800  1.884128492334873e-01  9.272839164714015e-01  4.299277308732705e+00  7.007226912672271e-01
9.6900  1.976478886995251e-01  9.196632128552453e-01  4.228902125396162e+00  7.710978746037711e-01
9.7000  2.068049032990009e-01  9.116794565399827e-01  4.155797157385191e+00  8.442028426147411e-01
9.7100  2.158802781446170e-01  9.033357992492435e-01  4.080077831026347e+00  9.199221689735854e-01
9.7200  2.248704305777581e-01  8.946355347836900e-01  4.001863700488495e+00  9.981362995114392e-01
9.7300  2.337718115828053e-01  8.855820977207337e-01  3.921278259017276e+00  1.078721740982658e+00
9.7400  2.425809071881717e-01  8.761790620586776e-01  3.838448743950120e+00  1.161551256049813e+00
9.7500  2.512942398535016e-01  8.664301398058192e-01  3.753505935819657e+00  1.246494064180277e+00
9.7600  2.599083698424893e-01  8.563391795150717e-01  3.666583951862731e+00  1.333416048137203e+00
9.7700  2.684198965807732e-01  8.459101647646832e-01  3.577820034261067e+00  1.422179965738867e+00
9.7800  2.768254599983704e-01  8.351472125856506e-01  3.487354333447910e+00  1.512645666552024e+00
9.7900  2.851217418561216e-01  8.240545718364523e-01  3.395329686822793e+00  1.604670313177140e+00
9.8000  2.933054670556224e-01  8.126366215257379e-01  3.301891393223827e+00  1.698108606776105e+00
9.8100  3.013734049321242e-01  8.008978690836412e-01  3.207186983513587e+00  1.792813016486343e+00
9.8200  3.093223705298939e-01  7.888429485823955e-01  3.111365987640839e+00  1.888634012359089e+00
9.8300  3.171492258595295e-01  7.764766189069536e-01  3.014579698545873e+00  1.985420301454056e+00
9.8400  3.248508811367346e-01  7.638037618763380e-01  2.916980933282229e+00  2.083019066717701e+00
9.8500  3.324242960020637e-01  7.508293803164592e-01  2.818723791731991e+00  2.181276208267939e+00
9.8600  3.398664807211554e-01  7.375585960851655e-01  2.719963413295602e+00  2.280036586704329e+00
9.8700  3.471744973649813e-01  7.239966480503023e-01  2.620855731940366e+00  2.379144268059564e+00
9.8800  3.543454609696430e-01  7.101488900215798e-01  2.521557229994409e+00  2.478442770005521e+00
9.8900  3.613765406752610e-01  6.960207886370657e-01  2.422224691074815e+00  2.577775308925113e+00
9.9000  3.682649608435051e-01  6.816179212051374e-01  2.323014952540064e+00  2.676985047459863e+00
9.9100  3.750080021533240e-01  6.669459735027428e-01  2.224084657857606e+00  2.775915342142322e+00
9.9200  3.816030026744441e-01  6.520107375308449e-01  2.125590009277582e+00  2.874409990722347e+00
9.9300  3.880473589182119e-01  6.368181092279308e-01  2.027686521203184e+00  2.972313478796744e+00
9.9400  3.943385268653652e-01  6.213740861424883e-01  1.930528774647063e+00  3.069471225352867e+00
9.9500  4.004740229703279e-01  6.056847650653731e-01  1.834270173161481e+00  3.165729826838450e+00
9.9600  4.064514251416319e-01  5.897563396229957e-01  1.739062700627571e+00  3.260937299372359e+00
9.9700  4.122683736980792e-01  5.735950978322830e-01  1.645056681286132e+00  3.354943318713798e+00
9.9800  4.179225723002660e-01  5.572074196183761e-01  1.552400542388845e+00  3.447599457611085e+00
9.9900  4.234117888571016e-01  5.405997742960464e-01  1.461240579844682e+00  3.538759420155249e+00
10.0000  4.287338564069646e-01  5.237787180158237e-01  1.371720727231499e+00  3.628279272768432e+00
10.0100  4.338866739731476e-01  5.067508911758437e-01  1.283982328537559e+00  3.716017671462373e+00
10.0200  4.388682073932536e-01  4.895230158004386e-01  1.198163914991782e+00  3.801836085008149e+00
10.0300  4.436764901222165e-01  4.721018928865032e-01  1.114400986335097e+00  3.885599013664834e+00
10.0400  4.483096240086277e-01  4.544943997186860e-01  1.032825796878244e+00  3.967174203121687e+00
10.0500  4.527657800440641e-01  4.367074871544636e-01  9.535671466838300e-01  4.046432853316101e+00
10.0600  4.570431990851200e-01  4.187481768801717e-01  8.767501782023377e-01  4.123249821797594e+00
10.0700  4.611401925478592e-01  4.006235586390749e-01  8.024961786831813e-01  4.197503821316749e+00
10.0800  4.650551430744116e-01  3.823407874325703e-01  7.309223886727897e-01  4.269077611327140e+00
10.0900  4.687865051714539e-01  3.639070806956285e-01  6.621418169020734e-01  4.337858183097855e+00
10.1000  4.723328058203180e-01  3.453297154475886e-01  5.962630618555627e-01  4.403736938144366e+00
10.1100  4.756926450584911e-01  3.266160254194309e-01  5.333901403039317e-01  4.466609859695995e+00
10.1200  4.788646965322745e-01  3.077733981586619e-01  4.736223230706513e-01  4.526377676929275e+00
10.1300  4.818477080203841e-01  2.888092721129544e-01  4.170539782920728e-01  4.582946021707853e+00
10.1400  4.846405019282864e-01  2.697311336936933e-01  3.637744224184252e-01  4.636225577581501e+00
10.1500  4.872419757530737e-01  2.505465143205876e-01  3.138677791909819e-01  4.686132220808944e+00
10.1600  4.896511025186958e-01  2.312629874485146e-01  2.674128468180591e-01  4.732587153181869e+00
10.1700  4.918669311813766e-01  2.118881655777693e-01  2.244829735595610e-01  4.775517026440367e+00
10.1800  4.938885870050544e-01  1.924296972489006e-01  1.851459419165178e-01  4.814854058083410e+00
10.1900  4.957152719066995e-01  1.728952640233199e-01  1.494638616084675e-01  4.850536138391460e+00
10.2000  4.973462647713703e-01  1.532925774508737e-01  1.174930715076606e-01  4.882506928492268e+00
10.2100  4.987809217368859e-01  1.336293760255786e-01  8.928405068492735e-02  4.910715949315001e+00
10.2200  5.000186764480022e-01  1.139134221307186e-01  6.488133870765649e-02  4.935118661292271e+00
10.2300  5.010590402799895e-01  9.415249897451289e-02  4.432346531572826e-02  4.955676534684198e+00
10.2400  5.019016025315259e-01  7.435440751756128e-02  2.764288958643787e-02  4.972357110413488e+00
10.2500  5.025460305868285e-01  5.452696339328282e-02  1.486594868446202e-02  4.985134051315462e+00
10.2600  5.029920700469590e-01  3.467799382256127e-02  6.012816277787987e-03  4.993987183722136e+00
10.2700  5.032395448302521e-01  1.481533452381657e-02  1.097470685262955e-03  4.998902529314657e+00
10.2800  5.032883572418273e-01  -5.053173380278274e-03  1.276728060557648e-04  4.999872327193863e+00
10.2900  5.031384880121545e-01  -2.491968645821380e-02  3.104953865878421e-03  4.996895046134040e+00
10.3000  5.027899963046617e-01  -4.477636206597212e-02  1.002461299931513e-02  4.989975387000600e+00
10.3100  5.022430196923795e-01  -6.461536144304403e-02  2.087572467207610e-02  4.979124275327841e+00
10.3200  5.014977741036307e-01  -8.442885280691315e-02  3.564115593145703e-02  4.964358844068461e+00
10.3300  5.005545537367903e-01  -1.042090144447852e-01  5.429759345776729e-02  4.945702406542153e+00
10.3400  4.994137309441443e-01  -1.239480378013425e-01  7.681558037401510e-02  4.923184419625906e+00
10.3500  4.980757560848987e-01  -1.436381305613033e-01  1.031595627557301e-01  4.896840437244189e+00
10.3600  4.965411573473915e-01  -1.632715197255718e-01  1.332879457674890e-01  4.866712054232429e+00
10.3700  4.948105405405818e-01  -1.828404546797610e-01  1.671531593375088e-01  4.832846840662408e+00
10.3800  4.928845888548964e-01  -2.023372102538799e-01  2.047017332666141e-01  4.795298266733304e+00
10.3900  4.907640625925286e-01  -2.217540897719758e-01  2.458743816529876e-01  4.754125618346931e+00
10.4000  4.884497988672959e-01  -2.410834280905280e-01  2.906060964994039e-01  4.709393903500513e+00
10.4100  4.859427112741757e-01  -2.603175946243934e-01  3.388262503551501e-01  4.661173749644767e+00
10.4200  4.832437895286472e-01  -2.794489963591105e-01  3.904587078305707e-01  4.609541292169349e+00
10.4300  4.803540990759849e-01  -2.984700808483701e-01  4.454219458081628e-01  4.554578054191756e+00
10.4400  4.772747806706562e-01  -3.173733391954726e-01  5.036291821604224e-01  4.496370817839498e+00
10.4500  4.740070499259887e-01  -3.361513090175925e-01  5.649885127712048e-01  4.435011487228715e+00
10.4600  4.705521968342863e-01  -3.547965773916812e-01  6.294030566442561e-01  4.370596943355664e+00
10.4700  4.669115852575829e-01  -3.733017837808441e-01  6.967711088698002e-01  4.303228891130119e+00
10.4800  4.630866523892345e-01  -3.916596229400379e-01  7.669863012076632e-01  4.233013698792256e+00
10.4900  4.590789081865629e-01  -4.098628477999406e-01  8.399377700333867e-01  4.160062229966533e+00
10.5000  4.548899347747741e-01  -4.279042723278554e-01  9.155103313821572e-01  4.084489668617763e+00
10.5100  4.505213858223875e-01  -4.457767743645188e-01  9.935846628141755e-01  4.006415337185744e+00
10.5200  4.459749858884225e-01  -4.634732984356946e-01  1.074037491814312e+00  3.925962508185608e+00
10.5300  4.412525297415987e-01  -4.809868585374424e-01  1.156741790428588e+00  3.843258209571332e+00
10.5400  4.363558816518214e-01  -4.983105408939615e-01  1.241566975830162e+00  3.758433024169759e+00
10.5500  4.312869746542283e-01  -5.154375066869213e-01  1.328379116498150e+00  3.671620883501770e+00
10.5600  4.260478097860921e-01  -5.323609947552017e-01  1.417041143683739e+00  3.582958856316182e+00
10.5700  4.206404552968760e-01  -5.490743242639755e-01  1.507413067829707e+00  3.492586932170216e+00
10.5800  4.150670458317576e-01  -5.655708973420824e-01  1.599352199601642e+00  3.400647800398281e+00
10.5900  4.093297815889412e-01  -5.818442016866507e-01  1.692713375181879e+00  3.307286624818041e+00
10.6000  4.034309274510924e-01  -5.978878131339399e-01  1.787349185470425e+00  3.212650814529495e+00
10.6100  3.973728120912368e-01  -6.136953981953882e-01  1.883110208830980e+00  3.116889791168941e+00
10.6200  3.911578270534766e-01  -6.292607165578648e-01  1.979845247014587e+00  3.020154752985333e+00
10.6300  3.847884258088884e-01  -6.445776235471403e-01  2.077401563888395e+00  2.922598436111526e+00
10.6400  3.782671227869733e-01  -6.596400725536008e-01  2.175625126592599e+00  2.824374873407323e+00
10.6500  3.715964923830435e-01  -6.744421174192499e-01  2.274360848744806e+00  2.725639151255116e+00
10.6600  3.647791679419354e-01  -6.889779147850561e-01  2.373452835307820e+00  2.626547164692103e+00
10.6700  3.578178407184521e-01  -7.032417263977183e-01  2.472744628734216e+00  2.527255371265707e+00
10.6800  3.507152588149454e-01  -7.172279213749382e-01  2.572079455999073e+00  2.427920544000852e+00
10.6900  3.434742260964546e-01  -7.309309784283073e-01  2.671300476130813e+00  2.328699523869111e+00
10.7000  3.360976010838341e-01  -7.443454880429298e-01  2.770251027849337e+00  2.229748972150587e+00
10.7100  3.285882958253028e-01  -7.574661546129202e-01  2.868774876920422e+00  2.131225123079503e+00
10.7200  3.209492747468642e-01  -7.702877985319335e-01  2.966716462835863e+00  2.033283537164063e+00
10.7300  3.131835534820485e-01  -7.828053582379036e-01  3.063921144429863e+00  1.936078855570063e+00
10.7400  3.052941976814394e-01  -7.950138922111809e-01  3.160235444043856e+00  1.839764555956071e+00
10.7500  2.972843218024577e-01  -8.069085809252807e-01  3.255507289854252e+00  1.744492710145672e+00
10.7600  2.891570878798752e-01  -8.184847287494744e-01  3.349586255980503e+00  1.650413744019422e+00
10.7700  2.809157042775476e-01  -8.297377658024682e-01  3.442323799994357e+00  1.557676200005567e+00
10.7800  2.725634244218594e-01  -8.406632497564422e-01  3.533573497455312e+00  1.466426502544613e+00
10.7900  2.641035455173772e-01  -8.512568675907354e-01  3.623191273101954e+00  1.376808726897971e+00
10.8000  2.555394072452229e-01  -8.615144372944827e-01  3.711035628334146e+00  1.288964371665781e+00
10.8100  2.468743904446773e-01  -8.714319095175361e-01  3.796967864626896e+00  1.203032135373030e+00
10.8200  2.381119157785365e-01  -8.810053691690141e-01  3.880852302523153e+00  1.119147697476774e+00
10.8300  2.292554423827474e-01  -8.902310369628496e-01  3.962556495859752e+00  1.037443504140174e+00
10.8400  2.203084665008541e-01  -8.991052709097290e-01  4.041951440888287e+00  9.580485591116380e-01
10.8500  2.112745201037971e-01  -9.076245677548287e-01  4.118911779960698e+00  8.810882200392269e-01
10.8600  2.021571694956072e-01  -9.157855643607834e-01  4.193315999457992e+00  8.066840005419313e-01
10.8700  1.929600139055467e-01  -9.235850390353437e-01  4.265046621649587e+00  7.349533783503375e-01
10.8800  1.836866840672518e-01  -9.310199128031929e-01  4.333990390180325e+00  6.660096098196019e-01
10.8900  1.743408407854393e-01  -9.380872506214243e-01  4.400038448892314e+00  5.999615511076111e-01
10.9000  1.649261734907416e-01  -9.447842625382009e-01  4.463086513699261e+00  5.369134863006642e-01
10.9100  1.554463987832409e-01  -9.511083047941353e-01  4.523035037241869e+00  4.769649627580562e-01
10.9200  1.459052589652783e-01  -9.570568808659586e-01  4.579789366064389e+00  4.202106339355360e-01
10.9300  1.363065205641162e-01  -9.626276424520662e-01  4.633259890064116e+00  3.667401099358112e-01
10.9400  1.266539728450376e-01  -9.678183903995486e-01  4.683362183977867e+00  3.166378160220606e-01
10.9500  1.169514263154692e-01  -9.726270755723458e-01  4.730017140682069e+00  2.699828593178574e-01
10.9600  1.072027112207189e-01  -9.770517996601777e-01  4.773151096095960e+00  2.268489039039649e-01
10.9700  9.741167603192086e-02  -9.810908159279348e-01  4.812695945490704e+00  1.873040545092203e-01
10.9800  8.758218592678661e-02  -9.847425299052313e-01  4.848589251020776e+00  1.514107489791470e-01
10.9900  7.771812126375997e-02  -9.880055000158496e-01  4.880774340307845e+00  1.192256596920774e-01
11.0000  6.782337605017973e-02  -9.908784381468273e-01  4.909200395921479e+00  9.079960407844356e-02
11.0100  5.790185640505401e-02  -9.933602101569610e-01  4.933822535615408e+00  6.617746438451534e-02
11.0200  4.795747901705317e-02  -9.954498363245282e-01  4.954601883192650e+00  4.539811680727375e-02
11.0300  3.799416959833053e-02  -9.971464917340495e-01  4.971505629887614e+00  2.849437011230927e-02
11.0400  2.801586133478061e-02  -9.984495066019374e-01  4.984507086168262e+00  1.549291383166106e-02
11.0500  1.802649333334707e-02  -9.993583665409055e-01  4.993585723876534e+00  6.414276123388957e-03
11.0600  8.030009066993271e-03  -9.998727127630306e-01  4.998727208640509e+00  1.272791359414108e-03
11.0700  -1.969645182050787e-03  -9.999923422213911e-01  4.999923422507119e+00  7.657749280414864e-05
11.0800  -1.196852188015051e-02  -9.997172076902233e-01  4.997172476759685e+00  2.827523240237968e-03
11.0900  -2.196267380062276e-02  -9.990474177835641e-01  4.990478714900036e+00  9.521285099887894e-03
11.1000  -3.194815558197077e-02  -9.979832369123738e-01  4.979852705790496e+00  2.014729420942776e-02
11.1100  -4.192102528538266e-02  -9.965250851801559e-01  4.965311226966586e+00  3.468877303333866e-02
11.1200  -5.187734595087890e-02  -9.946735382171135e-01  4.946877238146757e+00  5.312276185316466e-02
11.1300  -6.181318715149423e-02  -9.924293269529100e-01  4.924579844981030e+00  7.542015501889254e-02
11.1400  -7.172462654488052e-02  -9.897933373281217e-01  4.898454253095704e+00  1.015457469042179e-01
11.1500  -8.160775142171822e-02  -9.867666099444978e-01  4.868541712506784e+00  1.314582874931386e-01
11.1600  -9.145866025032490e-02  -9.833503396541655e-01  4.834889452489813e+00  1.651105475101085e-01
11.1700  -1.012734642168512e-01  -9.795458750879413e-01  4.797550607009004e+00  2.024493929909170e-01
11.1800  -1.110482887604563e-01  -9.753547181229366e-01  4.756584130823366e+00  2.434158691765545e-01
11.1900  -1.207792751028568e-01  -9.707785232896657e-01  4.712054706402321e+00  2.879452935976003e-01
11.2000  -1.304625817716449e-01  -9.658190971188918e-01  4.664032641797757e+00  3.359673582021643e-01
11.2100  -1.400943861167754e-01  -9.604783974284684e-01  4.612593759633794e+00  3.874062403661279e-01
11.2200  -1.496708858196211e-01  -9.547585325504570e-01  4.557819277389510e+00  4.421807226104111e-01
11.2300  -1.591883003940036e-01  -9.486617604988281e-01  4.499795679163680e+00  5.002043208362418e-01
11.2400  -1.686428726786039e-01  -9.421904880780707e-01  4.438614579123965e+00  5.613854208759551e-01
11.2500  -1.780308703201663e-01  -9.353472699330661e-01  4.374372576856199e+00  6.256274231437219e-01
11.2600  -1.873485872469077e-01  -9.281348075405973e-01  4.307171104842108e+00  6.928288951578133e-01
11.2700  -1.965923451315531e-01  -9.205559481428963e-01  4.237116268306334e+00  7.628837316935856e-01
11.2800  -2.057584948434174e-01  -9.126136836236466e-01  4.164318677685606e+00  8.356813223143129e-01
11.2900  -2.148434178889621e-01  -9.043111493268854e-01  4.088893273984562e+00  9.111067260153589e-01
11.3000  -2.238435278402571e-01  -8.956516228192736e-01  4.010959147293992e+00  9.890408527059305e-01
11.3100  -2.327552717507842e-01  -8.866385225962208e-01  3.930639348758046e+00  1.069360651241877e+00
11.3200  -2.415751315580231e-01  -8.772754067323759e-01  3.848060696287278e+00  1.151939303712644e+00
11.3300  -2.502996254722664e-01  -8.675659714770172e-01  3.763353574324303e+00  1.236646425675621e+00
11.3400  -2.589253093511154e-01  -8.575140497948939e-01  3.676651727978198e+00  1.323348272021725e+00
11.3500  -2.674487780591139e-01  -8.471236098530991e-01  3.588092051852728e+00  1.411907948147196e+00
11.3600  -2.758666668119834e-01  -8.363987534545677e-01  3.497814373901774e+00  1.502185626098151e+00
11.3700  -2.841756525049288e-01  -8.253437144188204e-01  3.405961234653277e+00  1.594038765346647e+00
11.3800  -2.923724550244906e-01  -8.139628569105913e-01  3.312677662150258e+00  1.687322337849666e+00
11.3900  -3.004538385434256e-01  -8.022606737169993e-01  3.218110942964268e+00  1.781889057035657e+00
11.4000  -3.084166127981046e-01  -7.902417844739441e-01  3.122410389642817e+00  1.877589610357107e+00
11.4100  -3.162576343479234e-01  -7.779109338424267e-01  3.025727104957982e+00  1.974272895041943e+00
11.4200  -3.239738078162291e-01  -7.652729896355132e-01  2.928213743328381e+00  2.071786256671542e+00
11.4300  -3.315620871122734e-01  -7.523329408966833e-01  2.830024269791262e+00  2.169975730208661e+00
11.4400  -3.390194766337079e-01  -7.390958959303201e-01  2.731313716905213e+00  2.268686283094709e+00
11.4500  -3.463430324491499e-01  -7.255670802851201e-01  2.632237939967370e+00  2.367762060032553e+00
11.4600  -3.535298634603485e-01  -7.117518346912192e-01  2.532953370931583e+00  2.467046629068339e+00
11.4700  -3.605771325434958e-01  -6.976556129518482e-01  2.433616771416095e+00  2.566383228583826e+00
11.4800  -3.674820576692290e-01  -6.832839797903520e-01  2.334384985190711e+00  2.665615014809211e+00
11.4900  -3.742419130008842e-01  -6.686426086534190e-01  2.235414690534246e+00  2.764585309465675e+00
11.5000  -3.808540299705668e-01  -6.537372794713934e-01  2.136862152853293e+00  2.863137847146629e+00
11.5100  -3.873157983326139e-01  -6.385738763765472e-01  2.038882977952849e+00  2.961117022047075e+00
11.5200  -3.936246671940333e-01  -6.231583853802205e-01  1.941631866348417e+00  3.058368133651507e+00
11.5300  -3.997781460215120e-01  -6.074968920097414e-01  1.845262369007477e+00  3.154737630992447e+00
11.5400  -4.057738056245963e-01  -5.915955789060601e-01  1.749926644905982e+00  3.250073355093944e+00
11.5500  -4.116092791146561e-01  -5.754607233830462e-01  1.655775220782694e+00  3.344224779217230e+00
11.5600  -4.172822628392552e-01  -5.590986949494131e-01  1.562956753470685e+00  3.437043246529241e+00
11.5700  -4.227905172915563e-01  -5.425159527942447e-01  1.471617795181236e+00  3.528382204818691e+00
11.5800  -4.281318679944044e-01  -5.257190432371219e-01  1.381902562110774e+00  3.618097437889152e+00
11.5900  -4.333042063587398e-01  -5.087145971438509e-01  1.293952706736153e+00  3.706047293263773e+00
11.6000  -4.383054905159983e-01  -4.915093273088164e-01  1.207907094157826e+00  3.792092905842100e+00
11.6100  -4.431337461241743e-01  -4.741100258049913e-01  1.123901582844048e+00  3.876098417155878e+00
11.6200  -4.477870671472252e-01  -4.565235613026513e-01  1.042068810122278e+00  3.957931189877646e+00
11.6300  -4.522636166075125e-01  -4.387568763578494e-01  9.625379827564859e-01  4.037462017243437e+00
11.6400  -4.565616273109789e-01  -4.208169846717247e-01  8.854346729410130e-01  4.114565327058910e+00
11.6500  -4.606794025447791e-01  -4.027109683217237e-01  8.108806200331017e-01  4.189119379966820e+00
11.6600  -4.646153167470857e-01  -3.844459749658305e-01  7.389935383371398e-01  4.261006461662780e+00
11.6700  -4.683678161488072e-01  -3.660292150209068e-01  6.698869312441061e-01  4.330113068755813e+00
11.6800  -4.719354193869654e-01  -3.474679588162571e-01  6.036699120196807e-01  4.396330087980239e+00
11.6900  -4.753167180894877e-01  -3.287695337235429e-01  5.404470315239791e-01  4.459552968475941e+00
11.7000  -4.785103774311867e-01  -3.099413212641776e-01  4.803181131349208e-01  4.519681886864999e+00
11.7100  -4.815151366607051e-01  -2.909907541953458e-01  4.233780951358808e-01  4.576621904864038e+00
11.7200  -4.843298095982183e-01  -2.719253135757958e-01  3.697168808164744e-01  4.630283119183446e+00
11.7300  -4.869532851036992e-01  -2.527525258125643e-01  3.194191965231549e-01  4.680580803476765e+00
11.7400  -4.893845275155603e-01  -2.334799596897990e-01  2.725644578837507e-01  4.727435542116169e+00
11.7500  -4.916225770594975e-01  -2.141152233808526e-01  2.292266444171621e-01  4.770773355582755e+00
11.7600  -4.936665502273787e-01  -1.946659614448272e-01  1.894741827261948e-01  4.810525817273724e+00
11.7700  -4.955156401260225e-01  -1.751398518087539e-01  1.533698384579613e-01  4.846630161541957e+00
11.7800  -4.971691167957336e-01  -1.555446027366005e-01  1.209706172024343e-01  4.879029382797484e+00
11.7900  -4.986263274984668e-01  -1.358879497863039e-01  9.232767448562527e-02  4.907672325514293e+00
11.8000  -4.998866969755063e-01  -1.161776527560264e-01  6.748623499949925e-02  4.932513765000420e+00
11.8100  -5.009497276745588e-01  -9.642149262084335e-02  4.648552119615674e-02  4.953514478803760e+00
11.8200  -5.018149999461713e-01  -7.662726846107115e-02  2.935869135902535e-02  4.970641308640894e+00
11.8300  -5.024821722093938e-01  -5.680279438344742e-02  1.613278724884103e-02  4.983867212751080e+00
11.8400  -5.029509810866251e-01  -3.695589643637948e-02  6.828691407082028e-03  4.993171308592838e+00
11.8500  -5.032212415075852e-01  -1.709440952047863e-02  1.461094184269153e-03  4.998538905815650e+00
11.8600  -5.032928467823754e-01  2.773825704400213e-03  3.847054519195668e-05  4.999961529454730e+00
11.8700  -5.031657686435949e-01  2.264096591439235e-02  2.563066687683382e-03  4.997436933312237e+00
11.8800  -5.028400572575012e-01  4.249916821790885e-02  9.030896496070567e-03  4.990969103503851e+00
11.8900  -5.023158412042050e-01  6.234059325175138e-02  1.943174783490155e-02  4.980568252165019e+00
11.9000  -5.015933274269117e-01  8.215740827583427e-02  3.374919867301061e-02  4.966250801326908e+00
11.9100  -5.006728011502265e-01  1.019417902652919e-01  5.196064301246382e-02  4.948039356987454e+00
11.9200  -4.995546257675579e-01  1.216859289987508e-01  7.403732658144509e-02  4.925962673418472e+00
11.9300  -4.982392426976613e-01  1.413820301415474e-01  9.994439223472705e-02  4.900055607765192e+00
11.9400  -4.967271712103813e-01  1.610223183226744e-01  1.296409349900434e-01  4.870359065009877e+00
11.9500  -4.950190082216618e-01  1.805990402042406e-01  1.630800666134646e-01  4.836919933386455e+00
11.9600  -4.931154280579028e-01  2.001044675422330e-01  2.002089896518029e-01  4.799791010348116e+00
11.9700  -4.910171821897589e-01  2.195309002373725e-01  2.409690807951559e-01  4.759030919204765e+00
11.9800  -4.887250989354830e-01  2.388706693748591e-01  2.852959834379662e-01  4.714704016561955e+00
11.9900  -4.862400831339340e-01  2.581161402518068e-01  3.331197092924521e-01  4.666880290707471e+00
12.0000  -4.835631157873760e-01  2.772597153911721e-01  3.843647488939687e-01  4.615635251105956e+00
12.0100  -4.806952536742110e-01  2.962938375409872e-01  4.389501908238246e-01  4.561049809176099e+00
12.0200  -4.776376289317980e-01  3.152109926577144e-01  4.967898494613082e-01  4.503210150538615e+00
12.0300  -4.743914486095221e-01  3.340037128725417e-01  5.577924010632165e-01  4.442207598936705e+00
12.0400  -4.709579941922915e-01  3.526645794394523e-01  6.218615279560289e-01  4.378138472043892e+00
12.0500  -4.673386210946490e-01  3.711862256638995e-01  6.888960706130565e-01  4.311103929386864e+00
12.0600  -4.635347581257000e-01  3.895613398109353e-01  7.587901873764549e-01  4.241209812623464e+00
12.0700  -4.595479069250649e-01  4.077826679916424e-01  8.314335215719104e-01  4.168566478428009e+00
12.0800  -4.553796413700817e-01  4.258430170267301e-01  9.067113757521394e-01  4.093288624247781e+00
12.0900  -4.510316069544910e-01  4.437352572861636e-01  9.845048927940891e-01  4.015495107205830e+00
12.1000  -4.465055201388496e-01  4.614523255037077e-01  1.064691243563899e+00  3.935308756436018e+00
12.1100  -4.418031676729286e-01  4.789872275652708e-01  1.147143820853322e+00  3.852856179146595e+00
12.1200  -4.369264058903629e-01  4.963330412699502e-01  1.231732439281390e+00  3.768267560718528e+00
12.1300  -4.318771599758323e-01  5.134829190626893e-01  1.318323540845701e+00  3.681676459154218e+00
12.1400  -4.266574232050621e-01  5.304300907374659e-01  1.406780405798782e+00  3.593219594201137e+00
12.1500  -4.212692561579439e-01  5.471678661099467e-01  1.496963368516563e+00  3.503036631483357e+00
12.1600  -4.157147859050860e-01  5.636896376585506e-01  1.588730038018140e+00  3.411269961981781e+00
12.1700  -4.099962051681164e-01  5.799888831328812e-01  1.681935522788635e+00  3.318064477211284e+00
12.1800  -4.041157714540689e-01  5.960591681284957e-01  1.776432659550171e+00  3.223567340449748e+00
12.1900  -3.980758061641934e-01  6.118941486269951e-01  1.872072245619776e+00  3.127927754380145e+00
12.2000  -3.918786936775434e-01  6.274875735004338e-01  1.968703274487312e+00  3.031296725512611e+00
12.2100  -3.855268804097016e-01  6.428332869790589e-01  2.066173174241506e+00  2.933826825758416e+00
12.2200  -3.790228738470164e-01  6.579252310814049e-01  2.164328048467600e+00  2.835671951532322e+00
12.2300  -3.723692415567281e-01  6.727574480057845e-01  2.263012919236279e+00  2.736987080763642e+00
12.2400  -3.655686101733786e-01  6.873240824822329e-01  2.362071971800216e+00  2.637928028199704e+00
12.2500  -3.586236643619028e-01  7.016193840839744e-01  2.461348800611878e+00  2.538651199388041e+00
12.2600  -3.515371457578113e-01  7.156377094975022e-01  2.560686656274156e+00  2.439313343725763e+00
12.2700  -3.443118518848826e-01  7.293735247503714e-01  2.659928693033903e+00  2.340071306966015e+00
12.2800  -3.369506350507940e-01  7.428214073958298e-01  2.758918216427606e+00  2.241081783572312e+00
12.2900  -3.294564012211240e-01  7.559760486534199e-01  2.857498930688190e+00  2.142501069311729e+00
12.3000  -3.218321088721727e-01  7.688322555047112e-01  2.955515185522308e+00  2.044484814477611e+00
12.3100  -3.140807678230540e-01  7.813849527433319e-01  3.052812221868495e+00  1.947187778131424e+00
12.3200  -3.062054380475171e-01  7.936291849784933e-01  3.149236416248138e+00  1.850763583751780e+00
12.3300  -2.982092284659705e-01  8.055601185912149e-01  3.244635523323461e+00  1.755364476676456e+00
12.3400  -2.900952957181825e-01  8.171730436424773e-01  3.338858916279551e+00  1.661141083720365e+00
12.3500  -2.818668429171443e-01  8.284633757325509e-01  3.431757824650869e+00  1.568242175349046e+00
12.3600  -2.735271183845860e-01  8.394266578107656e-01  3.523185569216761e+00  1.476814430783153e+00
12.3700  -2.650794143686470e-01  8.500585619350076e-01  3.612997793595066e+00  1.387002206404849e+00
12.3800  -2.565270657442048e-01  8.603548909802479e-01  3.701052692168171e+00  1.298947307831746e+00
12.3900  -2.478734486963763e-01  8.703115802954285e-01  3.787211233981631e+00  1.212788766018288e+00
12.4000  -2.391219793877112e-01  8.799246993080535e-01  3.871337382261842e+00  1.128662617738076e+00
12.4100  -2.302761126096041e-01  8.891904530758491e-01  3.953298309206169e+00  1.046701690793749e+00
12.4200  -2.213393404184567e-01  8.981051837848810e-01  4.032964605706375e+00  9.670353942935438e-01
12.4300  -2.123151907571287e-01  9.066653721935395e-01  4.110210485674248e+00  8.897895143256714e-01
12.4400  -2.032072260622230e-01  9.148676390218194e-01  4.184913984646791e+00  8.150860153531294e-01
12.4500  -1.940190418577528e-01  9.227087462853487e-01  4.256957152357399e+00  7.430428476425210e-01
12.4600  -1.847542653357473e-01  9.301855985736376e-01  4.326226238968983e+00  6.737737610309391e-01
12.4700  -1.754165539243563e-01  9.372952442720449e-01  4.392611874674961e+00  6.073881253249600e-01
12.4800  -1.660095938440177e-01  9.440348767269779e-01  4.456009242384602e+00  5.439907576153197e-01
12.4900  -1.565370986522599e-01  9.504018353538666e-01  4.516318243219990e+00  4.836817567799312e-01
12.5000  -1.470028077777114e-01  9.563936066874745e-01  4.573443654563379e+00  4.265563454365427e-01
12.5100  -1.374104850438975e-01  9.620078253741325e-01  4.627295280405337e+00  3.727047195945836e-01
12.5200  -1.277639171834075e-01  9.672422751055018e-01  4.677788093756336e+00  3.222119062435853e-01
12.5300  -1.180669123430171e-01  9.720948894934992e-01  4.724842370896892e+00  2.751576291030279e-01
12.5400  -1.083232985803581e-01  9.765637528860401e-01  4.768383817254334e+00  2.316161827455872e-01
12.5500  -9.853692235272714e-02  9.806471011232731e-01  4.808343684707395e+00  1.916563152925265e-01
12.5600  -8.871164699863149e-02  9.843433222340133e-01  4.844658880133473e+00  1.553411198664483e-01
12.5700  -7.885135121267033e-02  9.876509570720952e-01  4.877272065027128e+00  1.227279349727931e-01
12.5800  -6.895992751435408e-02  9.905686998923949e-01  4.906131746032548e+00  9.386825396737250e-02
12.5900  -5.904128071146617e-02  9.930953988662962e-01  4.931192356247039e+00  6.880764375288186e-02
12.6000  -4.909932635857367e-02  9.952300565363930e-01  4.952414327167159e+00  4.758567283276059e-02
12.6100  -3.913798921129556e-02  9.969718302102545e-01  4.969764151163922e+00  3.023584883599933e-02
12.6200  -2.916120167693863e-02  9.983200322930906e-01  4.983214434388388e+00  1.678556561153532e-02
12.6300  -1.917290226211284e-02  9.992741305591926e-01  4.992743940024151e+00  7.256059975769823e-03
12.6400  -9.177034017938802e-03  9.998337483620384e-01  4.998337621818420e+00  1.662378181499488e-03
12.6500  8.224570165387183e-04  9.999986647829801e-01  4.999986647838714e+00  1.335216120407736e-05
12.6600  1.082162337211686e-02  9.997688147184547e-01  4.997688414417719e+00  2.311585582200442e-03
12.6700  2.081651770776526e-02  9.991442889056853e-01  4.991446550264238e+00  8.553449735680414e-03
12.6800  3.080319436890613e-02  9.981253338868615e-01  4.981270910733794e+00  1.872908926612344e-02
12.6900  4.077771094502847e-02  9.967123519118122e-01  4.967177562267881e+00  3.282243773203775e-02
12.7000  5.073612982602172e-02  9.949059007792100e-01  4.949188757026457e+00  5.081124297346093e-02
12.7100  6.067451975661435e-02  9.927066936163725e-01  4.927332897753753e+00  7.266710224616711e-02
12.7200  7.058895738830373e-02  9.901155985977410e-01  4.901644492932816e+00  9.835550706710643e-02
12.7300  8.047552882816474e-02  9.871336386021550e-01  4.872164102299649e+00  1.278358977002704e-01
12.7400  9.033033118392551e-02  9.837619908090539e-01  4.838938272802966e+00  1.610617271969541e-01
12.7500  1.001494741047007e-01  9.800019862337646e-01  4.802019465110618e+00  1.979805348893022e-01
12.7600  1.099290813167733e-01  9.758551092020601e-01  4.761465970778824e+00  2.385340292210972e-01
12.7700  1.196652921538204e-01  9.713229967641978e-01  4.717341820214909e+00  2.826581797850103e-01
12.7800  1.293542630809760e-01  9.664074380486656e-01  4.669716681578928e+00  3.302833184209922e-01
12.7900  1.389921692121323e-01  9.611103735558927e-01  4.618665750783738e+00  3.813342492161819e-01
12.8000  1.485752058198786e-01  9.554338943922041e-01  4.564269632767266e+00  4.357303672326521e-01
12.8100  1.580995898374818e-01  9.493802414443213e-01  4.506614214224389e+00  4.933857857755303e-01
12.8200  1.675615613523170e-01  9.429518044947336e-01  4.445790527999372e+00  5.542094720005479e-01
12.8300  1.769573850901560e-01  9.361511212782910e-01  4.381894609353007e+00  6.181053906469114e-01
12.8400  1.862833518897313e-01  9.289808764803905e-01  4.315027344331373e+00  6.849726556685471e-01
12.8500  1.955357801669902e-01  9.214439006771500e-01  4.245294310475607e+00  7.547056895243112e-01
12.8600  2.047110173684626e-01  9.135431692179914e-01  4.172805610124258e+00  8.271943898756597e-01
12.8700  2.138054414131690e-01  9.052818010510699e-01  4.097675696571344e+00  9.023243034285743e-01
12.8800  2.228154621224983e-01  8.966630574920164e-01  4.020023193354655e+00  9.799768066452643e-01
12.8900  2.317375226374917e-01  8.876903409364775e-01  3.939970706959598e+00  1.060029293040319e+00
12.9000  2.405681008229739e-01  8.783671935169629e-01  3.857644633234329e+00  1.142355366765589e+00
12.9100  2.493037106579754e-01  8.686972957045270e-01  3.773174957821793e+00  1.226825042178125e+00
12.9200  2.579409036118986e-01  8.586844648558409e-01  3.686695050923810e+00  1.313304949076108e+00
12.9300  2.664762700058843e-01  8.483326537062263e-01  3.598341456721240e+00  1.401658543278678e+00
12.9400  2.749064403588397e-01  8.376459488092451e-01  3.508253677782702e+00  1.491746322217215e+00
12.9500  2.832280867175992e-01  8.266285689234640e-01  3.416573954802271e+00  1.583426045197647e+00
12.9600  2.914379239706902e-01  8.152848633470267e-01  3.323447042013900e+00  1.676552957986018e+00
12.9700  2.995327111451868e-01  8.036193102006948e-01  3.229019978637202e+00  1.770980021362716e+00
12.9800  3.075092526861384e-01  7.916365146600340e-01  3.133441856715431e+00  1.866558143284487e+00
12.9900  3.153643997180706e-01  7.793412071374421e-01  3.036863585712227e+00  1.963136414287690e+00
13.0000  3.230950512880560e-01  7.667382414147385e-01  2.939437654238829e+00  2.060562345761088e+00
13.0100  3.306981555898694e-01  7.538325927270507e-01  2.841317889287938e+00  2.158682110711978e+00
13.0200  3.381707111687394e-01  7.406293557987568e-01  2.742659213354407e+00  2.257340786645510e+00
13.0300  3.455097681062236e-01  7.271337428322546e-01  2.643617399826217e+00  2.356382600173699e+00
13.0400  3.527124291847398e-01  7.133510814503583e-01  2.544348827031979e+00  2.455651172967937e+00
13.0500  3.597758510312916e-01  6.992868125931266e-01  2.445010231333273e+00  2.554989768666642e+00
13.0600  3.666972452399381e-01  6.849464883699601e-01  2.345758459651699e+00  2.654241540348214e+00
13.0700  3.734738794725649e-01  6.703357698678115e-01  2.246750221821358e+00  2.753249778178555e+00
13.0800  3.801030785375205e-01  6.554604249163758e-01  2.148141843157779e+00  2.851858156842133e+00
13.0900  3.865822254456944e-01  6.403263258111401e-01  2.050089017633972e+00  2.949910982365941e+00
13.1000  3.929087624436177e-01  6.249394469951962e-01  1.952746562053308e+00  3.047253437946605e+00
13.1100  3.990801920231798e-01  6.093058627007267e-01  1.856268171607384e+00  3.143731828392530e+00
13.1200  4.050940779075624e-01  5.934317445510996e-01  1.760806177204808e+00  3.239193822795106e+00
13.1300  4.109480460130009e-01  5.773233591245137e-01  1.666511304954061e+00  3.333488695045853e+00
13.1400  4.166397853859947e-01  5.609870654801612e-01  1.573532438180213e+00  3.426467561819702e+00
13.1500  4.221670491155953e-01  5.444293126478805e-01  1.482016382351218e+00  3.517983617648698e+00
13.1600  4.275276552204124e-01  5.276566370822919e-01  1.392107633284968e+00  3.607892366714950e+00
13.1700  4.327194875099885e-01  5.106756600824213e-01  1.303948149003083e+00  3.696051850996835e+00
13.1800  4.377404964202006e-01  4.934930851778295e-01  1.217677125591662e+00  3.782322874408254e+00
13.1900  4.425886998223616e-01  4.761156954822796e-01  1.133430777422874e+00  3.866569222577043e+00
13.2000  4.472621838056978e-01  4.585503510159880e-01  1.051342122084429e+00  3.948657877915487e+00
13.2100  4.517591034328989e-01  4.408039859975145e-01  9.715407703564847e-01  4.028459229643430e+00
13.2200  4.560776834684381e-01  4.228836061063611e-01  8.941527215676000e-01  4.105847278432314e+00
13.2300  4.602162190793760e-01  4.047962857173617e-01  8.193001646528597e-01  4.180699835347055e+00
13.2400  4.641730765083733e-01  3.865491651079516e-01  7.471012852282720e-01  4.252898714771645e+00
13.2500  4.679466937186434e-01  3.681494476394215e-01  6.776700789860557e-01  4.322329921013861e+00
13.2600  4.715355810105937e-01  3.496043969132687e-01  6.111161717054517e-01  4.388883828294465e+00
13.2700  4.749383216099095e-01  3.309213339037662e-01  5.475446461632396e-01  4.452455353836676e+00
13.2800  4.781535722268498e-01  3.121076340678840e-01  4.870558762172609e-01  4.512944123782654e+00
13.2900  4.811800635865340e-01  2.931707244337015e-01  4.297453683249067e-01  4.570254631675009e+00
13.3000  4.840166009300096e-01  2.741180806684623e-01  3.757036107468079e-01  4.624296389253109e+00
13.3100  4.866620644859032e-01  2.549572241274270e-01  3.250159306738152e-01  4.674984069326102e+00
13.3200  4.891154099124701e-01  2.356957188846906e-01  2.777623595028555e-01  4.722237640497060e+00
13.3300  4.913756687098655e-01  2.163411687471353e-01  2.340175064743824e-01  4.765982493525533e+00
13.3400  4.934419486024764e-01  1.969012142526986e-01  1.938504408709356e-01  4.806149559128980e+00
13.3500  4.953134338911622e-01  1.773835296541406e-01  1.573245829628068e-01  4.842675417037108e+00
13.3600  4.969893857752667e-01  1.577958198895024e-01  1.244976038730014e-01  4.875502396126913e+00
13.3700  4.984691426442714e-01  1.381458175404509e-01  9.542133451959776e-02  4.904578665480317e+00
13.3800  4.997521203389776e-01  1.184412797797104e-01  7.014168377927815e-02  4.929858316220637e+00
13.3900  5.008378123821137e-01  9.868998530878664e-02  4.869856600124262e-02  4.951301433998672e+00
13.4000  5.017257901782750e-01  7.889973128719231e-02  3.112583798595576e-02  4.968874162013956e+00
13.4100  5.024157031831202e-01  5.907833025438539e-02  1.745124552823114e-02  4.982548754471682e+00
13.4200  5.029072790417534e-01  3.923360704563652e-02  7.696379609057098e-03  4.992303620390859e+00
13.4300  5.032003236962408e-01  1.937339570304203e-02  1.876642305333237e-03  4.998123357694582e+00
13.4400  5.032947214622202e-01  -4.944636170974262e-04  1.222471343165351e-06  4.999998777528574e+00
13.4500  5.031904350745674e-01  -2.036212773931194e-02  2.073081230360283e-03  4.997926918769561e+00
13.4600  5.028875057021078e-01  -4.022175356518930e-02  8.088947299294092e-03  4.991911052700624e+00
13.4700  5.023860529313650e-01  -6.006550116957153e-02  1.803932215375900e-02  4.981960677846157e+00
13.4800  5.016862747193515e-01  -7.988553689549874e-02  3.190849502541045e-02  4.968091504974507e+00
13.4900  5.007884473154212e-01  -9.967403644667841e-02  4.967456770786888e-02  4.950325432292050e+00
13.5000  4.996929251522162e-01  -1.194231879762596e-01  7.130948913206514e-02  4.928690510867853e+00
13.5100  4.984001407057481e-01  -1.391251951706921e-01  9.677909965641589e-02  4.903220900343503e+00
13.5200  4.969106043246707e-01  -1.587722803274544e-01  1.260431850018988e-01  4.873956814998018e+00
13.5300  4.952249040288113e-01  -1.783566874254334e-01  1.590555397468688e-01  4.840944460253048e+00
13.5400  4.933437052770399e-01  -1.978706851867461e-01  1.957640402813619e-01  4.804235959718555e+00
13.5500  4.912677507045675e-01  -2.173065701287931e-01  2.361107271057004e-01  4.763889272894215e+00
13.5600  4.889978598297792e-01  -2.366566696053393e-01  2.800318963434535e-01  4.719968103656462e+00
13.5700  4.865349287307144e-01  -2.559133448354213e-01  3.274582003242662e-01  4.672541799675651e+00
13.5800  4.838799296913250e-01  -2.750689939188867e-01  3.783147570777425e-01  4.621685242922173e+00
13.5900  4.810339108176504e-01  -2.941160548373729e-01  4.325212685655026e-01  4.567478731434413e+00
13.6000  4.779979956240590e-01  -3.130470084395430e-01  4.899921474647366e-01  4.510007852535178e+00
13.6100  4.747733825897222e-01  -3.318543814093986e-01  5.506366523030730e-01  4.449363347696840e+00
13.6200  4.713613446854943e-01  -3.505307492164979e-01  6.143590307313967e-01  4.385640969268517e+00
13.6300  4.677632288713853e-01  -3.690687390469163e-01  6.810586707084041e-01  4.318941329291508e+00
13.6400  4.639804555648264e-01  -3.874610327137894e-01  7.506302593581810e-01  4.249369740641733e+00
13.6500  4.600145180799347e-01  -4.057003695462920e-01  8.229639492499892e-01  4.177036050749924e+00
13.6600  4.558669820380031e-01  -4.237795492559115e-01  8.979455318377175e-01  4.102054468162195e+00
13.6700  4.515394847494447e-01  -4.416914347788844e-01  9.754566177851475e-01  4.024543382214765e+00
13.6800  4.470337345674358e-01  -4.594289550936733e-01  1.055374823892323e+00  3.944625176107591e+00
13.6900  4.423515102135150e-01  -4.769851080123733e-01  1.137573966327877e+00  3.862426033672036e+00
13.7000  4.374946600754029e-01  -4.943529629449443e-01  1.221924259862227e+00  3.778075740137685e+00
13.7100  4.324651014773190e-01  -5.115256636351800e-01  1.308292522787057e+00  3.691707477212856e+00
13.7200  4.272648199230855e-01  -5.284964308673312e-01  1.396542387197539e+00  3.603457612802373e+00
13.7300  4.218958683123160e-01  -5.452585651423169e-01  1.486534514305291e+00  3.513465485694622e+00
13.7400  4.163603661299987e-01  -5.618054493224649e-01  1.578126814442083e+00  3.421873185557832e+00
13.7500  4.106604986097930e-01  -5.781305512437401e-01  1.671174671406954e+00  3.328825328592962e+00
13.7600  4.047985158713719e-01  -5.942274262944272e-01  1.765531170802494e+00  3.234468829197422e+00
13.7700  3.987767320321488e-01  -6.100897199592508e-01  1.861047331999785e+00  3.138952668000132e+00
13.7800  3.925975242937402e-01  -6.257111703279283e-01  1.957572343365729e+00  3.042427656634188e+00
13.7900  3.862633320035251e-01  -6.410856105671658e-01  2.054953800381379e+00  2.945046199618537e+00
13.8000  3.797766556916709e-01  -6.562069713551202e-01  2.153037946275298e+00  2.846962053724619e+00
13.8100  3.731400560840066e-01  -6.710692832773671e-01  2.251669914791996e+00  2.748330085207920e+00
13.8200  3.663561530911330e-01  -6.856666791834296e-01  2.350693974712161e+00  2.649306025287755e+00
13.8300  3.594276247741683e-01  -6.999933965029339e-01  2.449953775738568e+00  2.550046224261347e+00
13.8400  3.523572062875375e-01  -7.140437795204845e-01  2.549292595359491e+00  2.450707404640426e+00
13.8500  3.451476887992241e-01  -7.278122816083520e-01  2.648553586299775e+00  2.351446413700142e+00
13.8600  3.378019183889093e-01  -7.412934674160995e-01  2.747580024168919e+00  2.252419975831001e+00
13.8700  3.303227949244327e-01  -7.544820150162799e-01  2.846215554915130e+00  2.153784445084791e+00
13.8800  3.227132709170211e-01  -7.673727180053568e-01  2.944304441694644e+00  2.055695558305276e+00
13.8900  3.149763503557339e-01  -7.799604875590216e-01  3.041691810766533e+00  1.958308189233389e+00
13.9000  3.071150875215876e-01  -7.922403544410926e-01  3.138223896024741e+00  1.861776103975183e+00
13.9100  2.991325857818261e-01  -8.042074709652062e-01  3.233748281781264e+00  1.766251718218658e+00
13.9200  2.910319963648141e-01  -8.158571129085229e-01  3.328114143417152e+00  1.671885856582772e+00
13.9300  2.828165171160359e-01  -8.271846813766950e-01  3.421172485521322e+00  1.578827514478600e+00
13.9400  2.744893912356913e-01  -8.381857046193592e-01  3.512776377141258e+00  1.487223622858663e+00
13.9500  2.660539059983874e-01  -8.488558397954347e-01  3.602781183774063e+00  1.397218816225858e+00
13.9600  2.575133914554307e-01  -8.591908746875343e-01  3.691044795731652e+00  1.308955204268271e+00
13.9700  2.488712191202331e-01  -8.691867293648088e-01  3.777427852519466e+00  1.222572147480454e+00
13.9800  2.401308006373496e-01  -8.788394577935692e-01  3.861793962874474e+00  1.138206037125445e+00
13.9900  2.312955864356733e-01  -8.881452493950506e-01  3.944009920114982e+00  1.055990079884934e+00
14.0000  2.223690643663199e-01  -8.971004305497030e-01  4.023945912462312e+00  9.760540875376034e-01
14.0100  2.133547583257394e-01  -9.057014660474151e-01  4.101475728002185e+00  8.985242719977318e-01
14.0200  2.042562268645977e-01  -9.139449604830983e-01  4.176476953962260e+00  8.235230460376567e-01
14.0300  1.950770617829784e-01  -9.218276595970810e-01  4.248831169991159e+00  7.511688300087568e-01
14.0400  1.858208867124589e-01  -9.293464515597832e-01  4.318424135133803e+00  6.815758648661138e-01
14.0500  1.764913556856193e-01  -9.364983682001639e-01  4.385145968207848e+00  6.148540317920693e-01
14.0600  1.670921516935518e-01  -9.432805861774562e-01  4.448891321296427e+00  5.511086787034899e-01
14.0700  1.576269852319369e-01  -9.496904280957311e-01  4.509559546083265e+00  4.904404539166516e-01
14.0800  1.480995928362621e-01  -9.557253635608434e-01  4.567054852767531e+00  4.329451472323849e-01
14.0900  1.385137356067610e-01  -9.613830101793486e-01  4.621286461307527e+00  3.787135386923898e-01
14.1000  1.288731977236549e-01  -9.666611344989927e-01  4.672168744754399e+00  3.278312552455183e-01
14.1100  1.191817849532835e-01  -9.715576528904063e-01  4.719621364449575e+00  2.803786355503406e-01
14.1200  1.094433231457138e-01  -9.760706323696520e-01  4.763569396872462e+00  2.364306031274555e-01
14.1300  9.966165672442046e-02  -9.801982913613030e-01  4.803943451938089e+00  1.960565480618288e-01
14.1400  8.984064716863457e-02  -9.839390004017502e-01  4.840679782557977e+00  1.593202174419415e-01
14.1500  7.998417148895882e-02  -9.872912827824608e-01  4.873720385291185e+00  1.262796147087332e-01
14.1600  7.009612069685178e-02  -9.902538151329341e-01  4.903013091926656e+00  9.698690807326114e-02
14.1700  6.018039826858472e-02  -9.928254279431243e-01  4.928511651852240e+00  7.148834814767471e-02
14.1800  5.024091860427809e-02  -9.950051060251254e-01  4.950175805080355e+00  4.982419491955928e-02
14.1900  4.028160548262544e-02  -9.967919889139322e-01  4.967971345814964e+00  3.202865418495029e-02
14.2000  3.030639051191501e-02  -9.981853712071247e-01  4.981870176459527e+00  1.812982354038421e-02
14.2100  2.031921157796052e-02  -9.991847028433380e-01  4.991850351980649e+00  8.149648019260367e-03
14.2200  1.032401128955369e-02  -9.997895893194076e-01  4.997896114557349e+00  2.103885442559756e-03
14.2300  3.247354220523692e-04  -9.999997918461063e-01  4.999997918461279e+00  2.081538629089034e-06
14.2400  -9.674668640281386e-03  -9.998152274424104e-01  4.998152445128594e+00  1.847554871313779e-03
14.2500  -1.967025346257844e-02  -9.992359689682582e-01  4.992362608399669e+00  7.637391600236959e-03
14.2600  -2.965807311767964e-02  -9.982622450957872e-01  4.982637549918408e+00  1.736245008149764e-02
14.2700  -3.963418474385769e-02  -9.968944402190618e-01  4.968992624698384e+00  3.100737530152385e-02
14.2800  -4.959465010132889e-02  -9.951330943023267e-01  4.951449376878617e+00  4.855062312129112e-02
14.2900  -5.953553712694028e-02  -9.929789026668475e-01  4.930035505707283e+00  6.996449429262645e-02
14.3000  -6.945292148641853e-02  -9.904327157164208e-01  4.904784821807022e+00  9.521517819288970e-02
14.3100  -7.934288812356755e-02  -9.874955386016621e-01  4.875737193790934e+00  1.242628062089782e-01
14.3200  -8.920153280580359e-02  -9.841685308232067e-01  4.842938485313545e+00  1.570615146863669e-01
14.3300  -9.902496366541751e-02  -9.804530057739759e-01  4.806440482656120e+00  1.935595173437925e-01
14.3400  -1.088093027359557e-01  -9.763504302206936e-01  4.766300812960667e+00  2.336991870392452e-01
14.3500  -1.185506874831134e-01  -9.718624237248547e-01  4.722582853241745e+00  2.774171467581666e-01
14.3600  -1.282452723295356e-01  -9.669907580033761e-01  4.675355630319720e+00  3.246443696801920e-01
14.3700  -1.378892301729244e-01  -9.617373562291809e-01  4.624693711833472e+00  3.753062881664397e-01
14.3800  -1.474787538968528e-01  -9.561042922719931e-01  4.570677088504644e+00  4.293229114952668e-01
14.3900  -1.570100578736882e-01  -9.500937898796430e-01  4.513391047839316e+00  4.866089521605955e-01
14.4000  -1.664793794590339e-01  -9.437082218002039e-01  4.452926039466513e+00  5.470739605333982e-01
14.4100  -1.758829804770966e-01  -9.369501088453099e-01  4.389377532326191e+00  6.106224676737219e-01
14.4200  -1.852171486963951e-01  -9.298221188950231e-01  4.322845863932153e+00  6.771541360677612e-01
14.4300  -1.944781992952264e-01  -9.223270658446416e-01  4.253436081947930e+00  7.465639180519856e-01
14.4400  -2.036624763163127e-01  -9.144679084938672e-01  4.181257778325739e+00  8.187422216741773e-01
14.4500  -2.127663541100516e-01  -9.062477493787682e-01  4.106424916270413e+00  8.935750837295023e-01
14.4600  -2.217862387658038e-01  -8.976698335470018e-01  4.029055650301510e+00  9.709443496984073e-01
14.4700  -2.307185695306500e-01  -8.887375472767746e-01  3.949272139697686e+00  1.050727860302231e+00
14.4800  -2.395598202150588e-01  -8.794544167400531e-01  3.867200355617935e+00  1.132799644381982e+00
14.4900  -2.483065005849104e-01  -8.698241066105463e-01  3.782969882204176e+00  1.217030117795741e+00
14.5000  -2.569551577393251e-01  -8.598504186170144e-01  3.696713711979275e+00  1.303286288020641e+00
14.5100  -2.655023774737554e-01  -8.495372900424707e-01  3.608568035863525e+00  1.391431964136390e+00
14.5200  -2.739447856278012e-01  -8.388887921698728e-01  3.518672028141140e+00  1.481327971858774e+00
14.5300  -2.822790494172163e-01  -8.279091286749142e-01  3.427167626716278e+00  1.572832373283634e+00
14.5400  -2.905018787495828e-01  -8.166026339665521e-01  3.334199309005554e+00  1.665800690994359e+00
14.5500  -2.986100275231304e-01  -8.049737714759247e-01  3.239913863820872e+00  1.760086136179041e+00
14.5600  -3.066002949081901e-01  -7.930271318943374e-01  3.144460159602794e+00  1.855539840397119e+00
14.5700  -3.144695266107768e-01  -7.807674313610076e-01  3.047988909370328e+00  1.952011090629584e+00
14.5800  -3.222146161178001e-01  -7.681995096012900e-01  2.950652432758313e+00  2.049347567241601e+00
14.5900  -3.298325059234132e-01  -7.553283280161118e-01  2.852604415518075e+00  2.147395584481838e+00
14.6000  -3.373201887360156e-01  -7.421589677233756e-01  2.753999666861132e+00  2.246000333138781e+00
14.6100  -3.446747086654322e-01  -7.286966275521017e-01  2.654993875029033e+00  2.345006124970881e+00
14.6200  -3.518931623898016e-01  -7.149466219901015e-01  2.555743361475285e+00  2.444256638524628e+00
14.6300  -3.589727003017117e-01  -7.009143790859936e-01  2.456404834047520e+00  2.543595165952394e+00
14.6400  -3.659105276331306e-01  -6.866054383063890e-01  2.357135139559543e+00  2.642864860440372e+00
14.6500  -3.727039055586892e-01  -6.720254483490921e-01  2.258091016143991e+00  2.741908983855925e+00
14.6600  -3.793501522768782e-01  -6.571801649131815e-01  2.159428845776583e+00  2.840571154223333e+00
14.6700  -3.858466440687361e-01  -6.420754484268500e-01  2.061304407362703e+00  2.938695592637213e+00
14.6800  -3.921908163336061e-01  -6.267172617339004e-01  1.963872630776191e+00  3.036127369223722e+00
14.6900  -3.983801646015561e-01  -6.111116677398122e-01  1.867287352238673e+00  3.132712647761240e+00
14.7000  -4.044122455220603e-01  -5.952648270183056e-01  1.771701071425667e+00  3.228298928574246e+00
14.7100  -4.102846778285545e-01  -5.791829953793508e-01  1.677264710682985e+00  3.322735289316925e+00
14.7200  -4.159951432784804e-01  -5.628725213995810e-01  1.584127376733609e+00  3.415872623266303e+00
14.7300  -4.215413875684518e-01  -5.463398439160824e-01  1.492436125251246e+00  3.507563874748666e+00
14.7400  -4.269212212241798e-01  -5.295914894845544e-01  1.402335728672344e+00  3.597664271327568e+00
14.7500  -4.321325204648038e-01  -5.126340698028420e-01  1.313968447613125e+00  3.686031552386789e+00
14.7600  -4.371732280412908e-01  -4.954742791008537e-01  1.227473806252553e+00  3.772526193747361e+00
14.7700  -4.420413540485698e-01  -4.781188914979009e-01  1.142988372035908e+00  3.857011627964007e+00
14.7800  -4.467349767110801e-01  -4.605747583284998e-01  1.060645540046780e+00  3.939354459953137e+00
14.7900  -4.512522431414250e-01  -4.428488054376896e-01  9.805753223879431e-01  4.019424677611972e+00
14.8000  -4.555913700718311e-01  -4.249480304469380e-01  9.029041429036588e-01  4.097095857096258e+00
14.8100  -4.597506445581225e-01  -4.068794999917107e-01  8.277546375675228e-01  4.172245362432392e+00
14.8200  -4.637284246559362e-01  -3.886503469317971e-01  7.552454608510314e-01  4.244754539148883e+00
14.8300  -4.675231400689062e-01  -3.702677675354922e-01  6.854910983785866e-01  4.314508901621330e+00
14.8400  -4.711332927685653e-01  -3.517390186387476e-01  6.186016861647463e-01  4.381398313835171e+00
14.8500  -4.745574575857174e-01  -3.330714147804117e-01  5.546828367191254e-01  4.445317163280792e+00
14.8600  -4.777942827730471e-01  -3.142723253146916e-01  4.938354722935168e-01  4.506164527706400e+00
14.8700  -4.808424905387449e-01  -2.953491715019745e-01  4.361556655345138e-01  4.563844334465402e+00
14.8800  -4.837008775509378e-01  -2.763094235791596e-01  3.817344877932372e-01  4.618265512206681e+00
14.8900  -4.863683154127237e-01  -2.571605978106544e-01  3.306578653316656e-01  4.669342134668249e+00
14.9000  -4.888437511076270e-01  -2.379102535212015e-01  2.830064436526118e-01  4.716993556347301e+00
14.9100  -4.911262074152937e-01  -2.185659901117070e-01  2.388554601675539e-01  4.761144539832358e+00
14.9200  -4.932147832972659e-01  -1.991354440592475e-01  1.982746254033684e-01  4.801725374596545e+00
14.9300  -4.951086542526820e-01  -1.796262859024405e-01  1.613280129355264e-01  4.838671987064386e+00
14.9400  -4.968070726437628e-01  -1.600462172133693e-01  1.280739582215450e-01  4.871926041778367e+00
14.9500  -4.983093679909540e-01  -1.404029675572563e-01  9.856496649441976e-02  4.901435033505491e+00
14.9600  -4.996149472376094e-01  -1.207042914410851e-01  7.284762986147207e-02  4.927152370138439e+00
14.9700  -5.007232949841102e-01  -1.009579652523778e-01  5.096255373950156e-02  4.949037446260411e+00
14.9800  -5.016339736913276e-01  -8.117178418933291e-02  3.294429274239818e-02  4.967055707257518e+00
14.9900  -5.023466238533487e-01  -6.135355918353889e-02  1.882129612244005e-02  4.981178703877477e+00
15.0000  -5.028609641393982e-01  -4.151111381647566e-02  8.615862851421982e-03  4.991384137148493e+00
