# t          theta        omega
  0.010000     0.100020     0.004002
  0.020000     0.100080     0.008003
  0.030000     0.100180     0.012002
  0.040000     0.100320     0.016000
  0.050000     0.100500     0.019996
  0.060000     0.100720     0.023989
  0.070000     0.100980     0.027979
  0.080000     0.101280     0.031964
  0.090000     0.101619     0.035945
  0.100000     0.101998     0.039920
  0.110000     0.102417     0.043890
  0.120000     0.102876     0.047854
  0.130000     0.103375     0.051810
  0.140000     0.103912     0.055759
  0.150000     0.104490     0.059700
  0.160000     0.105106     0.063633
  0.170000     0.105762     0.067556
  0.180000     0.106457     0.071469
  0.190000     0.107192     0.075372
  0.200000     0.107965     0.079264
  0.210000     0.108777     0.083145
  0.220000     0.109628     0.087014
  0.230000     0.110517     0.090870
  0.240000     0.111445     0.094712
  0.250000     0.112411     0.098542
  0.260000     0.113416     0.102356
  0.270000     0.114458     0.106157
  0.280000     0.115539     0.109941
  0.290000     0.116657     0.113710
  0.300000     0.117813     0.117462
  0.310000     0.119006     0.121197
  0.320000     0.120237     0.124915
  0.330000     0.121505     0.128614
  0.340000     0.122809     0.132295
  0.350000     0.124150     0.135957
  0.360000     0.125528     0.139599
  0.370000     0.126942     0.143220
  0.380000     0.128393     0.146821
  0.390000     0.129879     0.150401
  0.400000     0.131401     0.153958
  0.410000     0.132958     0.157493
  0.420000     0.134550     0.161006
  0.430000     0.136178     0.164494
  0.440000     0.137840     0.167959
  0.450000     0.139537     0.171400
  0.460000     0.141268     0.174815
  0.470000     0.143033     0.178205
  0.480000     0.144832     0.181569
  0.490000     0.146664     0.184907
  0.500000     0.148530     0.188217
  0.510000     0.150429     0.191500
  0.520000     0.152360     0.194755
  0.530000     0.154324     0.197982
  0.540000     0.156320     0.201179
  0.550000     0.158347     0.204348
  0.560000     0.160406     0.207486
  0.570000     0.162497     0.210594
  0.580000     0.164618     0.213671
  0.590000     0.166770     0.216717
  0.600000     0.168952     0.219731
  0.610000     0.171165     0.222713
  0.620000     0.173407     0.225662
  0.630000     0.175678     0.228578
  0.640000     0.177978     0.231460
  0.650000     0.180307     0.234308
  0.660000     0.182664     0.237122
  0.670000     0.185049     0.239901
  0.680000     0.187462     0.242645
  0.690000     0.189902     0.245353
  0.700000     0.192369     0.248025
  0.710000     0.194862     0.250660
  0.720000     0.197382     0.253258
  0.730000     0.199927     0.255819
  0.740000     0.202498     0.258342
  0.750000     0.205094     0.260827
  0.760000     0.207715     0.263274
  0.770000     0.210359     0.265681
  0.780000     0.213028     0.268049
  0.790000     0.215720     0.270377
  0.800000     0.218436     0.272665
  0.810000     0.221173     0.274913
  0.820000     0.223934     0.277120
  0.830000     0.226716     0.279285
  0.840000     0.229519     0.281409
  0.850000     0.232344     0.283492
  0.860000     0.235189     0.285531
  0.870000     0.238054     0.287529
  0.880000     0.240939     0.289483
  0.890000     0.243844     0.291395
  0.900000     0.246767     0.293262
  0.910000     0.249709     0.295086
  0.920000     0.252669     0.296866
  0.930000     0.255646     0.298601
  0.940000     0.258641     0.300292
  0.950000     0.261652     0.301937
  0.960000     0.264679     0.303537
  0.970000     0.267722     0.305091
  0.980000     0.270781     0.306600
  0.990000     0.273854     0.308062
  1.000000     0.276942     0.309478
  1.010000     0.280044     0.310847
  1.020000     0.283159     0.312169
  1.030000     0.286287     0.313444
  1.040000     0.289427     0.314672
  1.050000     0.292580     0.315851
  1.060000     0.295744     0.316983
  1.070000     0.298920     0.318067
  1.080000     0.302105     0.319103
  1.090000     0.305301     0.320089
  1.100000     0.308507     0.321027
  1.110000     0.311722     0.321917
  1.120000     0.314945     0.322756
  1.130000     0.318177     0.323547
  1.140000     0.321416     0.324288
  1.150000     0.324662     0.324979
  1.160000     0.327915     0.325621
  1.170000     0.331175     0.326212
  1.180000     0.334439     0.326753
  1.190000     0.337710     0.327244
  1.200000     0.340984     0.327684
  1.210000     0.344263     0.328073
  1.220000     0.347546     0.328412
  1.230000     0.350831     0.328700
  1.240000     0.354119     0.328937
  1.250000     0.357410     0.329122
  1.260000     0.360702     0.329257
  1.270000     0.363995     0.329339
  1.280000     0.367288     0.329371
  1.290000     0.370582     0.329351
  1.300000     0.373875     0.329279
  1.310000     0.377167     0.329155
  1.320000     0.380458     0.328980
  1.330000     0.383747     0.328753
  1.340000     0.387033     0.328473
  1.350000     0.390316     0.328142
  1.360000     0.393596     0.327759
  1.370000     0.396871     0.327323
  1.380000     0.400142     0.326836
  1.390000     0.403408     0.326296
  1.400000     0.406668     0.325704
  1.410000     0.409921     0.325059
  1.420000     0.413169     0.324363
  1.430000     0.416409     0.323614
  1.440000     0.419641     0.322813
  1.450000     0.422865     0.321959
  1.460000     0.426080     0.321053
  1.470000     0.429285     0.320095
  1.480000     0.432481     0.319085
  1.490000     0.435667     0.318023
  1.500000     0.438842     0.316908
  1.510000     0.442005     0.315741
  1.520000     0.445156     0.314522
  1.530000     0.448295     0.313251
  1.540000     0.451421     0.311927
  1.550000     0.454534     0.310552
  1.560000     0.457632     0.309125
  1.570000     0.460716     0.307646
  1.580000     0.463785     0.306115
  1.590000     0.466838     0.304532
  1.600000     0.469875     0.302898
  1.610000     0.472896     0.301212
  1.620000     0.475899     0.299474
  1.630000     0.478885     0.297686
  1.640000     0.481853     0.295845
  1.650000     0.484802     0.293954
  1.660000     0.487732     0.292012
  1.670000     0.490642     0.290018
  1.680000     0.493532     0.287974
  1.690000     0.496401     0.285879
  1.700000     0.499249     0.283734
  1.710000     0.502076     0.281537
  1.720000     0.504880     0.279291
  1.730000     0.507661     0.276994
  1.740000     0.510420     0.274648
  1.750000     0.513154     0.272251
  1.760000     0.515865     0.269805
  1.770000     0.518550     0.267309
  1.780000     0.521211     0.264764
  1.790000     0.523845     0.262169
  1.800000     0.526454     0.259526
  1.810000     0.529036     0.256833
  1.820000     0.531590     0.254092
  1.830000     0.534117     0.251302
  1.840000     0.536616     0.248464
  1.850000     0.539086     0.245578
  1.860000     0.541528     0.242644
  1.870000     0.543939     0.239662
  1.880000     0.546321     0.236633
  1.890000     0.548672     0.233556
  1.900000     0.550992     0.230432
  1.910000     0.553280     0.227261
  1.920000     0.555537     0.224044
  1.930000     0.557761     0.220780
  1.940000     0.559952     0.217470
  1.950000     0.562110     0.214114
  1.960000     0.564234     0.210712
  1.970000     0.566324     0.207265
  1.980000     0.568379     0.203772
  1.990000     0.570399     0.200235
  2.000000     0.572384     0.196652
  2.010000     0.574332     0.193026
  2.020000     0.576244     0.189355
  2.030000     0.578119     0.185640
  2.040000     0.579957     0.181881
  2.050000     0.581757     0.178079
  2.060000     0.583518     0.174234
  2.070000     0.585241     0.170345
  2.080000     0.586925     0.166415
  2.090000     0.588569     0.162442
  2.100000     0.590174     0.158427
  2.110000     0.591738     0.154370
  2.120000     0.593261     0.150272
  2.130000     0.594743     0.146132
  2.140000     0.596184     0.141952
  2.150000     0.597582     0.137731
  2.160000     0.598938     0.133470
  2.170000     0.600251     0.129170
  2.180000     0.601521     0.124829
  2.190000     0.602748     0.120450
  2.200000     0.603930     0.116031
  2.210000     0.605068     0.111574
  2.220000     0.606162     0.107078
  2.230000     0.607210     0.102545
  2.240000     0.608212     0.097974
  2.250000     0.609169     0.093366
  2.260000     0.610080     0.088720
  2.270000     0.610943     0.084039
  2.280000     0.611760     0.079320
  2.290000     0.612530     0.074567
  2.300000     0.613251     0.069777
  2.310000     0.613925     0.064953
  2.320000     0.614550     0.060093
  2.330000     0.615127     0.055199
  2.340000     0.615654     0.050271
  2.350000     0.616132     0.045310
  2.360000     0.616560     0.040315
  2.370000     0.616938     0.035287
  2.380000     0.617266     0.030227
  2.390000     0.617543     0.025134
  2.400000     0.617769     0.020010
  2.410000     0.617943     0.014854
  2.420000     0.618066     0.009667
  2.430000     0.618136     0.004450
  2.440000     0.618154    -0.000797
  2.450000     0.618120    -0.006074
  2.460000     0.618033    -0.011381
  2.470000     0.617892    -0.016716
  2.480000     0.617698    -0.022080
  2.490000     0.617451    -0.027472
  2.500000     0.617149    -0.032892
  2.510000     0.616793    -0.038339
  2.520000     0.616382    -0.043813
  2.530000     0.615916    -0.049313
  2.540000     0.615396    -0.054839
  2.550000     0.614820    -0.060391
  2.560000     0.614188    -0.065967
  2.570000     0.613500    -0.071569
  2.580000     0.612756    -0.077194
  2.590000     0.611956    -0.082843
  2.600000     0.611099    -0.088515
  2.610000     0.610186    -0.094210
  2.620000     0.609215    -0.099927
  2.630000     0.608187    -0.105667
  2.640000     0.607102    -0.111427
  2.650000     0.605959    -0.117208
  2.660000     0.604757    -0.123010
  2.670000     0.603498    -0.128831
  2.680000     0.602181    -0.134672
  2.690000     0.600805    -0.140532
  2.700000     0.599370    -0.146410
  2.710000     0.597876    -0.152306
  2.720000     0.596324    -0.158219
  2.730000     0.594712    -0.164150
  2.740000     0.593041    -0.170096
  2.750000     0.591310    -0.176059
  2.760000     0.589520    -0.182036
  2.770000     0.587669    -0.188029
  2.780000     0.585759    -0.194035
  2.790000     0.583789    -0.200056
  2.800000     0.581758    -0.206089
  2.810000     0.579667    -0.212135
  2.820000     0.577515    -0.218193
  2.830000     0.575303    -0.224263
  2.840000     0.573030    -0.230343
  2.850000     0.570696    -0.236434
  2.860000     0.568301    -0.242535
  2.870000     0.565845    -0.248645
  2.880000     0.563328    -0.254764
  2.890000     0.560750    -0.260891
  2.900000     0.558110    -0.267025
  2.910000     0.555409    -0.273166
  2.920000     0.552647    -0.279314
  2.930000     0.549823    -0.285467
  2.940000     0.546938    -0.291625
  2.950000     0.543991    -0.297788
  2.960000     0.540982    -0.303955
  2.970000     0.537911    -0.310125
  2.980000     0.534779    -0.316298
  2.990000     0.531585    -0.322473
  3.000000     0.528330    -0.328649
  3.010000     0.525012    -0.334827
  3.020000     0.521633    -0.341004
  3.030000     0.518192    -0.347181
  3.040000     0.514690    -0.353357
  3.050000     0.511125    -0.359531
  3.060000     0.507499    -0.365703
  3.070000     0.503811    -0.371872
  3.080000     0.500062    -0.378037
  3.090000     0.496250    -0.384198
  3.100000     0.492378    -0.390354
  3.110000     0.488443    -0.396504
  3.120000     0.484448    -0.402648
  3.130000     0.480390    -0.408785
  3.140000     0.476272    -0.414914
  3.150000     0.472092    -0.421035
  3.160000     0.467851    -0.427147
  3.170000     0.463549    -0.433249
  3.180000     0.459186    -0.439341
  3.190000     0.454763    -0.445422
  3.200000     0.450278    -0.451491
  3.210000     0.445733    -0.457548
  3.220000     0.441127    -0.463591
  3.230000     0.436461    -0.469621
  3.240000     0.431735    -0.475636
  3.250000     0.426948    -0.481635
  3.260000     0.422102    -0.487619
  3.270000     0.417196    -0.493586
  3.280000     0.412230    -0.499536
  3.290000     0.407205    -0.505467
  3.300000     0.402121    -0.511380
  3.310000     0.396978    -0.517273
  3.320000     0.391776    -0.523146
  3.330000     0.386515    -0.528998
  3.340000     0.381196    -0.534829
  3.350000     0.375818    -0.540636
  3.360000     0.370383    -0.546421
  3.370000     0.364890    -0.552182
  3.380000     0.359340    -0.557918
  3.390000     0.353732    -0.563629
  3.400000     0.348067    -0.569314
  3.410000     0.342346    -0.574973
  3.420000     0.336568    -0.580603
  3.430000     0.330734    -0.586206
  3.440000     0.324844    -0.591779
  3.450000     0.318898    -0.597323
  3.460000     0.312897    -0.602837
  3.470000     0.306842    -0.608319
  3.480000     0.300731    -0.613770
  3.490000     0.294566    -0.619188
  3.500000     0.288347    -0.624573
  3.510000     0.282075    -0.629923
  3.520000     0.275749    -0.635239
  3.530000     0.269370    -0.640520
  3.540000     0.262939    -0.645765
  3.550000     0.256455    -0.650972
  3.560000     0.249919    -0.656143
  3.570000     0.243332    -0.661275
  3.580000     0.236694    -0.666368
  3.590000     0.230005    -0.671421
  3.600000     0.223266    -0.676434
  3.610000     0.216477    -0.681406
  3.620000     0.209638    -0.686336
  3.630000     0.202750    -0.691224
  3.640000     0.195813    -0.696069
  3.650000     0.188829    -0.700870
  3.660000     0.181796    -0.705627
  3.670000     0.174716    -0.710339
  3.680000     0.167590    -0.715005
  3.690000     0.160416    -0.719624
  3.700000     0.153197    -0.724197
  3.710000     0.145933    -0.728721
  3.720000     0.138623    -0.733198
  3.730000     0.131269    -0.737625
  3.740000     0.123871    -0.742003
  3.750000     0.116429    -0.746331
  3.760000     0.108944    -0.750608
  3.770000     0.101417    -0.754834
  3.780000     0.093848    -0.759008
  3.790000     0.086237    -0.763129
  3.800000     0.078585    -0.767197
  3.810000     0.070893    -0.771211
  3.820000     0.063161    -0.775171
  3.830000     0.055390    -0.779076
  3.840000     0.047580    -0.782926
  3.850000     0.039732    -0.786720
  3.860000     0.031846    -0.790457
  3.870000     0.023923    -0.794137
  3.880000     0.015963    -0.797760
  3.890000     0.007968    -0.801325
  3.900000    -0.000063    -0.804832
  3.910000    -0.008129    -0.808280
  3.920000    -0.016229    -0.811668
  3.930000    -0.024362    -0.814996
  3.940000    -0.032528    -0.818264
  3.950000    -0.040727    -0.821472
  3.960000    -0.048957    -0.824618
  3.970000    -0.057219    -0.827703
  3.980000    -0.065511    -0.830725
  3.990000    -0.073833    -0.833685
  4.000000    -0.082185    -0.836583
  4.010000    -0.090565    -0.839417
  4.020000    -0.098973    -0.842188
  4.030000    -0.107408    -0.844896
  4.040000    -0.115871    -0.847539
  4.050000    -0.124359    -0.850117
  4.060000    -0.132873    -0.852631
  4.070000    -0.141411    -0.855080
  4.080000    -0.149974    -0.857463
  4.090000    -0.158560    -0.859781
  4.100000    -0.167170    -0.862033
  4.110000    -0.175801    -0.864219
  4.120000    -0.184454    -0.866338
  4.130000    -0.193127    -0.868391
  4.140000    -0.201821    -0.870377
  4.150000    -0.210535    -0.872297
  4.160000    -0.219267    -0.874149
  4.170000    -0.228018    -0.875934
  4.180000    -0.236785    -0.877651
  4.190000    -0.245570    -0.879301
  4.200000    -0.254371    -0.880883
  4.210000    -0.263188    -0.882398
  4.220000    -0.272019    -0.883845
  4.230000    -0.280864    -0.885223
  4.240000    -0.289723    -0.886534
  4.250000    -0.298595    -0.887776
  4.260000    -0.307479    -0.888951
  4.270000    -0.316374    -0.890057
  4.280000    -0.325279    -0.891095
  4.290000    -0.334195    -0.892065
  4.300000    -0.343121    -0.892967
  4.310000    -0.352054    -0.893801
  4.320000    -0.360996    -0.894566
  4.330000    -0.369946    -0.895264
  4.340000    -0.378901    -0.895894
  4.350000    -0.387863    -0.896455
  4.360000    -0.396830    -0.896949
  4.370000    -0.405802    -0.897376
  4.380000    -0.414778    -0.897735
  4.390000    -0.423756    -0.898026
  4.400000    -0.432738    -0.898250
  4.410000    -0.441721    -0.898407
  4.420000    -0.450706    -0.898497
  4.430000    -0.459691    -0.898520
  4.440000    -0.468676    -0.898477
  4.450000    -0.477660    -0.898367
  4.460000    -0.486643    -0.898192
  4.470000    -0.495624    -0.897950
  4.480000    -0.504602    -0.897642
  4.490000    -0.513576    -0.897269
  4.500000    -0.522547    -0.896831
  4.510000    -0.531513    -0.896329
  4.520000    -0.540473    -0.895761
  4.530000    -0.549428    -0.895129
  4.540000    -0.558376    -0.894433
  4.550000    -0.567316    -0.893674
  4.560000    -0.576249    -0.892851
  4.570000    -0.585173    -0.891965
  4.580000    -0.594088    -0.891016
  4.590000    -0.602993    -0.890005
  4.600000    -0.611888    -0.888932
  4.610000    -0.620772    -0.887798
  4.620000    -0.629644    -0.886602
  4.630000    -0.638504    -0.885346
  4.640000    -0.647350    -0.884029
  4.650000    -0.656184    -0.882652
  4.660000    -0.665003    -0.881215
  4.670000    -0.673808    -0.879719
  4.680000    -0.682598    -0.878165
  4.690000    -0.691371    -0.876552
  4.700000    -0.700128    -0.874881
  4.710000    -0.708869    -0.873153
  4.720000    -0.717591    -0.871368
  4.730000    -0.726296    -0.869526
  4.740000    -0.734982    -0.867629
  4.750000    -0.743648    -0.865676
  4.760000    -0.752295    -0.863667
  4.770000    -0.760921    -0.861604
  4.780000    -0.769527    -0.859487
  4.790000    -0.778111    -0.857317
  4.800000    -0.786673    -0.855093
  4.810000    -0.795213    -0.852816
  4.820000    -0.803729    -0.850488
  4.830000    -0.812222    -0.848108
  4.840000    -0.820691    -0.845677
  4.850000    -0.829135    -0.843195
  4.860000    -0.837555    -0.840663
  4.870000    -0.845949    -0.838081
  4.880000    -0.854316    -0.835451
  4.890000    -0.862657    -0.832772
  4.900000    -0.870972    -0.830045
  4.910000    -0.879258    -0.827270
  4.920000    -0.887517    -0.824449
  4.930000    -0.895747    -0.821581
  4.940000    -0.903948    -0.818668
  4.950000    -0.912120    -0.815709
  4.960000    -0.920262    -0.812705
  4.970000    -0.928374    -0.809657
  4.980000    -0.936455    -0.806565
  4.990000    -0.944505    -0.803430
  5.000000    -0.952524    -0.800252
  5.010000    -0.960510    -0.797033
  5.020000    -0.968464    -0.793771
  5.030000    -0.976386    -0.790468
  5.040000    -0.984274    -0.787125
  5.050000    -0.992128    -0.783742
  5.060000    -0.999948    -0.780320
  5.070000    -1.007734    -0.776858
  5.080000    -1.015485    -0.773358
  5.090000    -1.023201    -0.769819
  5.100000    -1.030882    -0.766244
  5.110000    -1.038526    -0.762631
  5.120000    -1.046134    -0.758982
  5.130000    -1.053705    -0.755297
  5.140000    -1.061240    -0.751577
  5.150000    -1.068737    -0.747822
  5.160000    -1.076196    -0.744032
  5.170000    -1.083617    -0.740208
  5.180000    -1.091000    -0.736351
  5.190000    -1.098344    -0.732461
  5.200000    -1.105649    -0.728539
  5.210000    -1.112915    -0.724584
  5.220000    -1.120141    -0.720598
  5.230000    -1.127327    -0.716580
  5.240000    -1.134472    -0.712532
  5.250000    -1.141577    -0.708454
  5.260000    -1.148641    -0.704346
  5.270000    -1.155664    -0.700209
  5.280000    -1.162645    -0.696043
  5.290000    -1.169585    -0.691849
  5.300000    -1.176482    -0.687626
  5.310000    -1.183337    -0.683376
  5.320000    -1.190150    -0.679099
  5.330000    -1.196919    -0.674795
  5.340000    -1.203646    -0.670465
  5.350000    -1.210329    -0.666109
  5.360000    -1.216968    -0.661727
  5.370000    -1.223563    -0.657320
  5.380000    -1.230114    -0.652889
  5.390000    -1.236621    -0.648432
  5.400000    -1.243083    -0.643952
  5.410000    -1.249500    -0.639449
  5.420000    -1.255871    -0.634921
  5.430000    -1.262198    -0.630371
  5.440000    -1.268479    -0.625799
  5.450000    -1.274714    -0.621204
  5.460000    -1.280903    -0.616587
  5.470000    -1.287046    -0.611948
  5.480000    -1.293142    -0.607288
  5.490000    -1.299191    -0.602607
  5.500000    -1.305194    -0.597906
  5.510000    -1.311149    -0.593183
  5.520000    -1.317057    -0.588441
  5.530000    -1.322918    -0.583679
  5.540000    -1.328731    -0.578897
  5.550000    -1.334496    -0.574096
  5.560000    -1.340213    -0.569276
  5.570000    -1.345881    -0.564437
  5.580000    -1.351501    -0.559580
  5.590000    -1.357073    -0.554704
  5.600000    -1.362596    -0.549810
  5.610000    -1.368069    -0.544899
  5.620000    -1.373493    -0.539969
  5.630000    -1.378868    -0.535022
  5.640000    -1.384194    -0.530058
  5.650000    -1.389470    -0.525077
  5.660000    -1.394695    -0.520079
  5.670000    -1.399871    -0.515065
  5.680000    -1.404997    -0.510034
  5.690000    -1.410072    -0.504986
  5.700000    -1.415096    -0.499923
  5.710000    -1.420070    -0.494843
  5.720000    -1.424993    -0.489748
  5.730000    -1.429865    -0.484637
  5.740000    -1.434686    -0.479510
  5.750000    -1.439455    -0.474368
  5.760000    -1.444173    -0.469211
  5.770000    -1.448839    -0.464038
  5.780000    -1.453454    -0.458850
  5.790000    -1.458016    -0.453648
  5.800000    -1.462527    -0.448430
  5.810000    -1.466985    -0.443198
  5.820000    -1.471391    -0.437950
  5.830000    -1.475744    -0.432689
  5.840000    -1.480044    -0.427412
  5.850000    -1.484292    -0.422121
  5.860000    -1.488487    -0.416816
  5.870000    -1.492628    -0.411496
  5.880000    -1.496717    -0.406162
  5.890000    -1.500751    -0.400814
  5.900000    -1.504733    -0.395451
  5.910000    -1.508660    -0.390074
  5.920000    -1.512534    -0.384683
  5.930000    -1.516354    -0.379278
  5.940000    -1.520120    -0.373858
  5.950000    -1.523831    -0.368425
  5.960000    -1.527488    -0.362977
  5.970000    -1.531091    -0.357515
  5.980000    -1.534638    -0.352038
  5.990000    -1.538131    -0.346548
  6.000000    -1.541569    -0.341043
  6.010000    -1.544952    -0.335524
  6.020000    -1.548280    -0.329990
  6.030000    -1.551552    -0.324443
  6.040000    -1.554769    -0.318881
  6.050000    -1.557929    -0.313304
  6.060000    -1.561035    -0.307713
  6.070000    -1.564084    -0.302108
  6.080000    -1.567077    -0.296487
  6.090000    -1.570013    -0.290853
  6.100000    -1.572894    -0.285203
  6.110000    -1.575717    -0.279539
  6.120000    -1.578484    -0.273859
  6.130000    -1.581195    -0.268165
  6.140000    -1.583848    -0.262456
  6.150000    -1.586444    -0.256732
  6.160000    -1.588982    -0.250992
  6.170000    -1.591463    -0.245237
  6.180000    -1.593887    -0.239467
  6.190000    -1.596253    -0.233681
  6.200000    -1.598561    -0.227879
  6.210000    -1.600810    -0.222062
  6.220000    -1.603002    -0.216228
  6.230000    -1.605135    -0.210379
  6.240000    -1.607209    -0.204514
  6.250000    -1.609225    -0.198632
  6.260000    -1.611182    -0.192734
  6.270000    -1.613080    -0.186820
  6.280000    -1.614918    -0.180888
  6.290000    -1.616697    -0.174940
  6.300000    -1.618417    -0.168975
  6.310000    -1.620077    -0.162993
  6.320000    -1.621677    -0.156994
  6.330000    -1.623217    -0.150978
  6.340000    -1.624696    -0.144944
  6.350000    -1.626115    -0.138892
  6.360000    -1.627474    -0.132822
  6.370000    -1.628772    -0.126735
  6.380000    -1.630009    -0.120629
  6.390000    -1.631184    -0.114505
  6.400000    -1.632299    -0.108362
  6.410000    -1.633351    -0.102201
  6.420000    -1.634343    -0.096021
  6.430000    -1.635272    -0.089823
  6.440000    -1.636139    -0.083605
  6.450000    -1.636944    -0.077367
  6.460000    -1.637686    -0.071111
  6.470000    -1.638366    -0.064834
  6.480000    -1.638983    -0.058538
  6.490000    -1.639537    -0.052222
  6.500000    -1.640027    -0.045886
  6.510000    -1.640454    -0.039529
  6.520000    -1.640818    -0.033152
  6.530000    -1.641117    -0.026754
  6.540000    -1.641353    -0.020336
  6.550000    -1.641524    -0.013896
  6.560000    -1.641631    -0.007436
  6.570000    -1.641673    -0.000954
  6.580000    -1.641650     0.005550
  6.590000    -1.641562     0.012075
  6.600000    -1.641408     0.018623
  6.610000    -1.641189     0.025192
  6.620000    -1.640904     0.031783
  6.630000    -1.640553     0.038397
  6.640000    -1.640136     0.045033
  6.650000    -1.639653     0.051692
  6.660000    -1.639102     0.058374
  6.670000    -1.638485     0.065079
  6.680000    -1.637801     0.071807
  6.690000    -1.637049     0.078558
  6.700000    -1.636229     0.085333
  6.710000    -1.635342     0.092132
  6.720000    -1.634387     0.098954
  6.730000    -1.633363     0.105801
  6.740000    -1.632271     0.112671
  6.750000    -1.631109     0.119566
  6.760000    -1.629879     0.126485
  6.770000    -1.628580     0.133428
  6.780000    -1.627210     0.140396
  6.790000    -1.625772     0.147389
  6.800000    -1.624263     0.154407
  6.810000    -1.622683     0.161450
  6.820000    -1.621034     0.168518
  6.830000    -1.619313     0.175611
  6.840000    -1.617521     0.182730
  6.850000    -1.615658     0.189874
  6.860000    -1.613724     0.197044
  6.870000    -1.611717     0.204239
  6.880000    -1.609639     0.211460
  6.890000    -1.607488     0.218707
  6.900000    -1.605265     0.225980
  6.910000    -1.602968     0.233279
  6.920000    -1.600599     0.240604
  6.930000    -1.598156     0.247955
  6.940000    -1.595640     0.255332
  6.950000    -1.593049     0.262736
  6.960000    -1.590385     0.270165
  6.970000    -1.587646     0.277621
  6.980000    -1.584832     0.285104
  6.990000    -1.581944     0.292613
  7.000000    -1.578980     0.300148
  7.010000    -1.575941     0.307709
  7.020000    -1.572826     0.315297
  7.030000    -1.569635     0.322912
  7.040000    -1.566367     0.330552
  7.050000    -1.563024     0.338219
  7.060000    -1.559603     0.345913
  7.070000    -1.556105     0.353632
  7.080000    -1.552530     0.361378
  7.090000    -1.548878     0.369150
  7.100000    -1.545147     0.376948
  7.110000    -1.541339     0.384772
  7.120000    -1.537452     0.392623
  7.130000    -1.533486     0.400498
  7.140000    -1.529442     0.408400
  7.150000    -1.525318     0.416327
  7.160000    -1.521115     0.424280
  7.170000    -1.516832     0.432258
  7.180000    -1.512470     0.440261
  7.190000    -1.508027     0.448289
  7.200000    -1.503504     0.456342
  7.210000    -1.498900     0.464420
  7.220000    -1.494215     0.472522
  7.230000    -1.489449     0.480648
  7.240000    -1.484602     0.488799
  7.250000    -1.479673     0.496973
  7.260000    -1.474663     0.505171
  7.270000    -1.469570     0.513392
  7.280000    -1.464395     0.521636
  7.290000    -1.459137     0.529902
  7.300000    -1.453797     0.538191
  7.310000    -1.448373     0.546502
  7.320000    -1.442867     0.554835
  7.330000    -1.437276     0.563189
  7.340000    -1.431603     0.571565
  7.350000    -1.425845     0.579961
  7.360000    -1.420003     0.588377
  7.370000    -1.414078     0.596813
  7.380000    -1.408067     0.605268
  7.390000    -1.401972     0.613743
  7.400000    -1.395792     0.622236
  7.410000    -1.389527     0.630747
  7.420000    -1.383177     0.639275
  7.430000    -1.376742     0.647821
  7.440000    -1.370221     0.656383
  7.450000    -1.363614     0.664962
  7.460000    -1.356921     0.673555
  7.470000    -1.350143     0.682164
  7.480000    -1.343278     0.690787
  7.490000    -1.336327     0.699423
  7.500000    -1.329290     0.708072
  7.510000    -1.322166     0.716734
  7.520000    -1.314955     0.725408
  7.530000    -1.307657     0.734093
  7.540000    -1.300273     0.742788
  7.550000    -1.292802     0.751492
  7.560000    -1.285243     0.760206
  7.570000    -1.277597     0.768927
  7.580000    -1.269865     0.777656
  7.590000    -1.262044     0.786392
  7.600000    -1.254137     0.795133
  7.610000    -1.246142     0.803879
  7.620000    -1.238059     0.812629
  7.630000    -1.229889     0.821383
  7.640000    -1.221631     0.830138
  7.650000    -1.213286     0.838895
  7.660000    -1.204854     0.847652
  7.670000    -1.196333     0.856409
  7.680000    -1.187725     0.865165
  7.690000    -1.179030     0.873917
  7.700000    -1.170247     0.882667
  7.710000    -1.161377     0.891411
  7.720000    -1.152419     0.900151
  7.730000    -1.143374     0.908883
  7.740000    -1.134241     0.917608
  7.750000    -1.125022     0.926324
  7.760000    -1.115715     0.935029
  7.770000    -1.106321     0.943724
  7.780000    -1.096840     0.952406
  7.790000    -1.087273     0.961075
  7.800000    -1.077619     0.969729
  7.810000    -1.067878     0.978368
  7.820000    -1.058052     0.986989
  7.830000    -1.048139     0.995591
  7.840000    -1.038140     1.004174
  7.850000    -1.028055     1.012736
  7.860000    -1.017885     1.021276
  7.870000    -1.007630     1.029792
  7.880000    -0.997289     1.038283
  7.890000    -0.986864     1.046748
  7.900000    -0.976355     1.055185
  7.910000    -0.965761     1.063593
  7.920000    -0.955083     1.071970
  7.930000    -0.944321     1.080315
  7.940000    -0.933477     1.088627
  7.950000    -0.922549     1.096905
  7.960000    -0.911539     1.105146
  7.970000    -0.900446     1.113349
  7.980000    -0.889272     1.121513
  7.990000    -0.878016     1.129636
  8.000000    -0.866679     1.137717
  8.010000    -0.855262     1.145754
  8.020000    -0.843764     1.153746
  8.030000    -0.832187     1.161691
  8.040000    -0.820531     1.169588
  8.050000    -0.808795     1.177434
  8.060000    -0.796982     1.185230
  8.070000    -0.785091     1.192972
  8.080000    -0.773123     1.200659
  8.090000    -0.761078     1.208291
  8.100000    -0.748957     1.215864
  8.110000    -0.736761     1.223378
  8.120000    -0.724490     1.230832
  8.130000    -0.712145     1.238222
  8.140000    -0.699726     1.245549
  8.150000    -0.687234     1.252810
  8.160000    -0.674670     1.260003
  8.170000    -0.662034     1.267128
  8.180000    -0.649327     1.274182
  8.190000    -0.636551     1.281164
  8.200000    -0.623704     1.288072
  8.210000    -0.610789     1.294906
  8.220000    -0.597806     1.301662
  8.230000    -0.584756     1.308340
  8.240000    -0.571640     1.314938
  8.250000    -0.558458     1.321455
  8.260000    -0.545211     1.327889
  8.270000    -0.531900     1.334239
  8.280000    -0.518527     1.340503
  8.290000    -0.505091     1.346679
  8.300000    -0.491593     1.352766
  8.310000    -0.478036     1.358763
  8.320000    -0.464418     1.364668
  8.330000    -0.450743     1.370481
  8.340000    -0.437009     1.376198
  8.350000    -0.423219     1.381820
  8.360000    -0.409373     1.387344
  8.370000    -0.395472     1.392770
  8.380000    -0.381518     1.398095
  8.390000    -0.367511     1.403320
  8.400000    -0.353452     1.408442
  8.410000    -0.339342     1.413460
  8.420000    -0.325183     1.418373
  8.430000    -0.310975     1.423180
  8.440000    -0.296720     1.427880
  8.450000    -0.282418     1.432472
  8.460000    -0.268071     1.436954
  8.470000    -0.253679     1.441325
  8.480000    -0.239245     1.445585
  8.490000    -0.224768     1.449733
  8.500000    -0.210250     1.453767
  8.510000    -0.195693     1.457687
  8.520000    -0.181097     1.461491
  8.530000    -0.166463     1.465179
  8.540000    -0.151794     1.468750
  8.550000    -0.137089     1.472204
  8.560000    -0.122350     1.475539
  8.570000    -0.107578     1.478755
  8.580000    -0.092775     1.481851
  8.590000    -0.077942     1.484827
  8.600000    -0.063079     1.487682
  8.610000    -0.048189     1.490416
  8.620000    -0.033271     1.493028
  8.630000    -0.018328     1.495517
  8.640000    -0.003361     1.497884
  8.650000     0.011629     1.500128
  8.660000     0.026641     1.502248
  8.670000     0.041673     1.504245
  8.680000     0.056725     1.506117
  8.690000     0.071795     1.507866
  8.700000     0.086882     1.509491
  8.710000     0.101985     1.510992
  8.720000     0.117102     1.512368
  8.730000     0.132232     1.513620
  8.740000     0.147374     1.514749
  8.750000     0.162526     1.515753
  8.760000     0.177688     1.516633
  8.770000     0.192858     1.517390
  8.780000     0.208036     1.518024
  8.790000     0.223219     1.518534
  8.800000     0.238406     1.518922
  8.810000     0.253597     1.519187
  8.820000     0.268789     1.519331
  8.830000     0.283983     1.519353
  8.840000     0.299176     1.519255
  8.850000     0.314367     1.519036
  8.860000     0.329556     1.518697
  8.870000     0.344741     1.518240
  8.880000     0.359921     1.517664
  8.890000     0.375094     1.516971
  8.900000     0.390260     1.516161
  8.910000     0.405417     1.515234
  8.920000     0.420564     1.514193
  8.930000     0.435700     1.513038
  8.940000     0.450824     1.511770
  8.950000     0.465935     1.510389
  8.960000     0.481032     1.508897
  8.970000     0.496113     1.507295
  8.980000     0.511177     1.505584
  8.990000     0.526224     1.503765
  9.000000     0.541252     1.501839
  9.010000     0.556261     1.499808
  9.020000     0.571248     1.497673
  9.030000     0.586214     1.495434
  9.040000     0.601156     1.493094
  9.050000     0.616075     1.490653
  9.060000     0.630969     1.488114
  9.070000     0.645837     1.485476
  9.080000     0.660678     1.482743
  9.090000     0.675492     1.479914
  9.100000     0.690276     1.476992
  9.110000     0.705031     1.473978
  9.120000     0.719756     1.470874
  9.130000     0.734448     1.467681
  9.140000     0.749109     1.464401
  9.150000     0.763736     1.461035
  9.160000     0.778329     1.457585
  9.170000     0.792888     1.454052
  9.180000     0.807410     1.450439
  9.190000     0.821896     1.446746
  9.200000     0.836345     1.442975
  9.210000     0.850755     1.439129
  9.220000     0.865127     1.435208
  9.230000     0.879459     1.431214
  9.240000     0.893751     1.427150
  9.250000     0.908002     1.423017
  9.260000     0.922211     1.418816
  9.270000     0.936378     1.414549
  9.280000     0.950502     1.410218
  9.290000     0.964582     1.405825
  9.300000     0.978618     1.401371
  9.310000     0.992610     1.396859
  9.320000     1.006555     1.392289
  9.330000     1.020455     1.387665
  9.340000     1.034308     1.382986
  9.350000     1.048115     1.378256
  9.360000     1.061873     1.373475
  9.370000     1.075584     1.368647
  9.380000     1.089246     1.363771
  9.390000     1.102859     1.358851
  9.400000     1.116423     1.353888
  9.410000     1.129937     1.348883
  9.420000     1.143401     1.343838
  9.430000     1.156814     1.338756
  9.440000     1.170176     1.333637
  9.450000     1.183486     1.328483
  9.460000     1.196745     1.323297
  9.470000     1.209952     1.318079
  9.480000     1.223107     1.312832
  9.490000     1.236209     1.307557
  9.500000     1.249258     1.302256
  9.510000     1.262254     1.296930
  9.520000     1.275196     1.291581
  9.530000     1.288085     1.286210
  9.540000     1.300920     1.280820
  9.550000     1.313701     1.275412
  9.560000     1.326428     1.269987
  9.570000     1.339101     1.264546
  9.580000     1.351719     1.259092
  9.590000     1.364283     1.253627
  9.600000     1.376792     1.248150
  9.610000     1.389246     1.242665
  9.620000     1.401645     1.237171
  9.630000     1.413989     1.231672
  9.640000     1.426279     1.226168
  9.650000     1.438513     1.220661
  9.660000     1.450692     1.215152
  9.670000     1.462816     1.209642
  9.680000     1.474885     1.204133
  9.690000     1.486898     1.198626
  9.700000     1.498857     1.193123
  9.710000     1.510761     1.187625
  9.720000     1.522610     1.182133
  9.730000     1.534404     1.176648
  9.740000     1.546143     1.171172
  9.750000     1.557827     1.165705
  9.760000     1.569457     1.160250
  9.770000     1.581032     1.154807
  9.780000     1.592553     1.149378
  9.790000     1.604020     1.143963
  9.800000     1.615432     1.138563
  9.810000     1.626791     1.133181
  9.820000     1.638096     1.127817
  9.830000     1.649347     1.122471
  9.840000     1.660545     1.117146
  9.850000     1.671690     1.111842
  9.860000     1.682782     1.106560
  9.870000     1.693822     1.101301
  9.880000     1.704808     1.096066
  9.890000     1.715743     1.090856
  9.900000     1.726626     1.085673
  9.910000     1.737457     1.080516
  9.920000     1.748236     1.075387
  9.930000     1.758964     1.070287
  9.940000     1.769642     1.065216
  9.950000     1.780269     1.060176
  9.960000     1.790846     1.055167
  9.970000     1.801372     1.050190
  9.980000     1.811849     1.045247
  9.990000     1.822277     1.040336
 10.000000     1.832656     1.035461
 10.010000     1.842987     1.030620
 10.020000     1.853269     1.025815
 10.030000     1.863503     1.021048
 10.040000     1.873690     1.016317
 10.050000     1.883830     1.011624
 10.060000     1.893922     1.006970
 10.070000     1.903969     1.002355
 10.080000     1.913970     0.997781
 10.090000     1.923925     0.993247
 10.100000     1.933835     0.988754
 10.110000     1.943700     0.984302
 10.120000     1.953521     0.979893
 10.130000     1.963298     0.975527
 10.140000     1.973032     0.971205
 10.150000     1.982722     0.966926
 10.160000     1.992370     0.962692
 10.170000     2.001976     0.958503
 10.180000     2.011541     0.954359
 10.190000     2.021064     0.950261
 10.200000     2.030546     0.946210
 10.210000     2.039988     0.942205
 10.220000     2.049390     0.938248
 10.230000     2.058753     0.934338
 10.240000     2.068077     0.930477
 10.250000     2.077363     0.926664
 10.260000     2.086611     0.922900
 10.270000     2.095821     0.919185
 10.280000     2.104994     0.915521
 10.290000     2.114132     0.911906
 10.300000     2.123233     0.908341
 10.310000     2.132299     0.904828
 10.320000     2.141329     0.901365
 10.330000     2.150326     0.897954
 10.340000     2.159289     0.894595
 10.350000     2.168218     0.891287
 10.360000     2.177115     0.888032
 10.370000     2.185979     0.884830
 10.380000     2.194811     0.881680
 10.390000     2.203613     0.878584
 10.400000     2.212383     0.875541
 10.410000     2.221124     0.872552
 10.420000     2.229834     0.869616
 10.430000     2.238516     0.866735
 10.440000     2.247169     0.863909
 10.450000     2.255795     0.861137
 10.460000     2.264392     0.858419
 10.470000     2.272963     0.855757
 10.480000     2.281508     0.853151
 10.490000     2.290026     0.850599
 10.500000     2.298520     0.848104
 10.510000     2.306989     0.845664
 10.520000     2.315433     0.843281
 10.530000     2.323854     0.840953
 10.540000     2.332252     0.838683
 10.550000     2.340628     0.836468
 10.560000     2.348982     0.834311
 10.570000     2.357315     0.832211
 10.580000     2.365626     0.830168
 10.590000     2.373918     0.828182
 10.600000     2.382190     0.826253
 10.610000     2.390443     0.824383
 10.620000     2.398678     0.822569
 10.630000     2.406895     0.820814
 10.640000     2.415095     0.819117
 10.650000     2.423278     0.817479
 10.660000     2.431444     0.815898
 10.670000     2.439596     0.814376
 10.680000     2.447732     0.812913
 10.690000     2.455854     0.811508
 10.700000     2.463962     0.810162
 10.710000     2.472058     0.808876
 10.720000     2.480140     0.807648
 10.730000     2.488211     0.806480
 10.740000     2.496270     0.805371
 10.750000     2.504318     0.804322
 10.760000     2.512357     0.803332
 10.770000     2.520385     0.802402
 10.780000     2.528405     0.801533
 10.790000     2.536416     0.800723
 10.800000     2.544419     0.799973
 10.810000     2.552416     0.799283
 10.820000     2.560405     0.798654
 10.830000     2.568389     0.798086
 10.840000     2.576367     0.797578
 10.850000     2.584341     0.797131
 10.860000     2.592310     0.796745
 10.870000     2.600276     0.796420
 10.880000     2.608239     0.796156
 10.890000     2.616199     0.795953
 10.900000     2.624158     0.795812
 10.910000     2.632116     0.795732
 10.920000     2.640073     0.795714
 10.930000     2.648030     0.795758
 10.940000     2.655988     0.795864
 10.950000     2.663948     0.796031
 10.960000     2.671909     0.796261
 10.970000     2.679873     0.796554
 10.980000     2.687840     0.796909
 10.990000     2.695811     0.797326
 11.000000     2.703787     0.797806
 11.010000     2.711768     0.798349
 11.020000     2.719754     0.798956
 11.030000     2.727747     0.799625
 11.040000     2.735747     0.800358
 11.050000     2.743754     0.801154
 11.060000     2.751770     0.802014
 11.070000     2.759795     0.802937
 11.080000     2.767829     0.803925
 11.090000     2.775874     0.804977
 11.100000     2.783929     0.806093
 11.110000     2.791996     0.807274
 11.120000     2.800075     0.808519
 11.130000     2.808166     0.809829
 11.140000     2.816271     0.811204
 11.150000     2.824391     0.812644
 11.160000     2.832525     0.814150
 11.170000     2.840674     0.815721
 11.180000     2.848839     0.817358
 11.190000     2.857021     0.819060
 11.200000     2.865221     0.820829
 11.210000     2.873438     0.822664
 11.220000     2.881674     0.824565
 11.230000     2.889930     0.826534
 11.240000     2.898205     0.828569
 11.250000     2.906501     0.830671
 11.260000     2.914819     0.832840
 11.270000     2.923158     0.835077
 11.280000     2.931520     0.837382
 11.290000     2.939906     0.839754
 11.300000     2.948316     0.842195
 11.310000     2.956750     0.844704
 11.320000     2.965210     0.847281
 11.330000     2.973696     0.849928
 11.340000     2.982209     0.852643
 11.350000     2.990749     0.855428
 11.360000     2.999318     0.858282
 11.370000     3.007915     0.861206
 11.380000     3.016542     0.864199
 11.390000     3.025199     0.867263
 11.400000     3.033887     0.870398
 11.410000     3.042607     0.873603
 11.420000     3.051360     0.876879
 11.430000     3.060145     0.880226
 11.440000     3.068964     0.883645
 11.450000     3.077818     0.887135
 11.460000     3.086707     0.890697
 11.470000     3.095633     0.894332
 11.480000     3.104594     0.898039
 11.490000     3.113594     0.901818
 11.500000     3.122631     0.905671
 11.510000     3.131707     0.909596
 11.520000     3.140823     0.913595
 11.530000     3.149979     0.917668
 11.540000     3.159177     0.921815
 11.550000     3.168416     0.926036
 11.560000     3.177698     0.930332
 11.570000     3.187023     0.934702
 11.580000     3.196392     0.939147
 11.590000     3.205806     0.943668
 11.600000     3.215266     0.948264
 11.610000     3.224772     0.952936
 11.620000     3.234325     0.957684
 11.630000     3.243925     0.962508
 11.640000     3.253575     0.967408
 11.650000     3.263274     0.972386
 11.660000     3.273023     0.977441
 11.670000     3.282823     0.982572
 11.680000     3.292675     0.987782
 11.690000     3.302579     0.993069
 11.700000     3.312536     0.998434
 11.710000     3.322548     1.003877
 11.720000     3.332614     1.009399
 11.730000     3.342736     1.015000
 11.740000     3.352914     1.020679
 11.750000     3.363150     1.026437
 11.760000     3.373443     1.032275
 11.770000     3.383796     1.038193
 11.780000     3.394207     1.044190
 11.790000     3.404680     1.050267
 11.800000     3.415213     1.056424
 11.810000     3.425808     1.062661
 11.820000     3.436467     1.068979
 11.830000     3.447188     1.075377
 11.840000     3.457974     1.081856
 11.850000     3.468826     1.088416
 11.860000     3.479743     1.095057
 11.870000     3.490727     1.101779
 11.880000     3.501779     1.108582
 11.890000     3.512899     1.115466
 11.900000     3.524088     1.122432
 11.910000     3.535348     1.129480
 11.920000     3.546678     1.136608
 11.930000     3.558080     1.143819
 11.940000     3.569555     1.151111
 11.950000     3.581103     1.158484
 11.960000     3.592725     1.165940
 11.970000     3.604422     1.173476
 11.980000     3.616195     1.181095
 11.990000     3.628044     1.188794
 12.000000     3.639971     1.196575
 12.010000     3.651976     1.204438
 12.020000     3.664060     1.212381
 12.030000     3.676224     1.220406
 12.040000     3.688468     1.228511
 12.050000     3.700794     1.236698
 12.060000     3.713202     1.244964
 12.070000     3.725694     1.253311
 12.080000     3.738269     1.261738
 12.090000     3.750929     1.270245
 12.100000     3.763674     1.278831
 12.110000     3.776506     1.287496
 12.120000     3.789424     1.296240
 12.130000     3.802431     1.305062
 12.140000     3.815526     1.313962
 12.150000     3.828710     1.322939
 12.160000     3.841985     1.331993
 12.170000     3.855350     1.341124
 12.180000     3.868808     1.350330
 12.190000     3.882357     1.359612
 12.200000     3.896000     1.368968
 12.210000     3.909737     1.378399
 12.220000     3.923568     1.387902
 12.230000     3.937495     1.397478
 12.240000     3.951518     1.407126
 12.250000     3.965638     1.416844
 12.260000     3.979855     1.426632
 12.270000     3.994171     1.436490
 12.280000     4.008585     1.446415
 12.290000     4.023099     1.456408
 12.300000     4.037714     1.466467
 12.310000     4.052429     1.476590
 12.320000     4.067246     1.486777
 12.330000     4.082165     1.497027
 12.340000     4.097186     1.507338
 12.350000     4.112311     1.517709
 12.360000     4.127541     1.528139
 12.370000     4.142874     1.538626
 12.380000     4.158313     1.549169
 12.390000     4.173858     1.559765
 12.400000     4.189509     1.570415
 12.410000     4.205266     1.581115
 12.420000     4.221131     1.591865
 12.430000     4.237104     1.602662
 12.440000     4.253185     1.613504
 12.450000     4.269374     1.624391
 12.460000     4.285673     1.635319
 12.470000     4.302081     1.646287
 12.480000     4.318599     1.657293
 12.490000     4.335227     1.668334
 12.500000     4.351965     1.679409
 12.510000     4.368815     1.690515
 12.520000     4.385776     1.701650
 12.530000     4.402848     1.712810
 12.540000     4.420032     1.723995
 12.550000     4.437328     1.735201
 12.560000     4.454736     1.746426
 12.570000     4.472257     1.757667
 12.580000     4.489890     1.768920
 12.590000     4.507635     1.780185
 12.600000     4.525493     1.791457
 12.610000     4.543464     1.802733
 12.620000     4.561548     1.814011
 12.630000     4.579744     1.825288
 12.640000     4.598054     1.836559
 12.650000     4.616476     1.847823
 12.660000     4.635010     1.859076
 12.670000     4.653657     1.870313
 12.680000     4.672416     1.881533
 12.690000     4.691288     1.892731
 12.700000     4.710271     1.903904
 12.710000     4.729366     1.915049
 12.720000     4.748572     1.926160
 12.730000     4.767889     1.937236
 12.740000     4.787316     1.948271
 12.750000     4.806854     1.959263
 12.760000     4.826501     1.970207
 12.770000     4.846258     1.981098
 12.780000     4.866123     1.991934
 12.790000     4.886096     2.002710
 12.800000     4.906177     2.013422
 12.810000     4.926365     2.024066
 12.820000     4.946658     2.034636
 12.830000     4.967057     2.045131
 12.840000     4.987561     2.055543
 12.850000     5.008168     2.065871
 12.860000     5.028878     2.076108
 12.870000     5.049690     2.086252
 12.880000     5.070602     2.096296
 12.890000     5.091615     2.106237
 12.900000     5.112727     2.116070
 12.910000     5.133936     2.125791
 12.920000     5.155242     2.135396
 12.930000     5.176644     2.144879
 12.940000     5.198139     2.154236
 12.950000     5.219728     2.163462
 12.960000     5.241408     2.172554
 12.970000     5.263179     2.181506
 12.980000     5.285038     2.190314
 12.990000     5.306984     2.198973
 13.000000     5.329017     2.207479
 13.010000     5.351133     2.215828
 13.020000     5.373333     2.224014
 13.030000     5.395613     2.232034
 13.040000     5.417973     2.239883
 13.050000     5.440410     2.247557
 13.060000     5.462923     2.255052
 13.070000     5.485511     2.262362
 13.080000     5.508170     2.269485
 13.090000     5.530900     2.276415
 13.100000     5.553698     2.283149
 13.110000     5.576562     2.289683
 13.120000     5.599491     2.296013
 13.130000     5.622482     2.302135
 13.140000     5.645533     2.308045
 13.150000     5.668642     2.313740
 13.160000     5.691807     2.319216
 13.170000     5.715025     2.324469
 13.180000     5.738295     2.329496
 13.190000     5.761614     2.334294
 13.200000     5.784980     2.338860
 13.210000     5.808391     2.343191
 13.220000     5.831843     2.347283
 13.230000     5.855336     2.351134
 13.240000     5.878865     2.354741
 13.250000     5.902430     2.358102
 13.260000     5.926027     2.361214
 13.270000     5.949653     2.364075
 13.280000     5.973307     2.366683
 13.290000     5.996986     2.369036
 13.300000     6.020687     2.371131
 13.310000     6.044408     2.372968
 13.320000     6.068146     2.374545
 13.330000     6.091898     2.375859
 13.340000     6.115662     2.376911
 13.350000     6.139435     2.377699
 13.360000     6.163215     2.378222
 13.370000     6.186999     2.378480
 13.380000     6.210784     2.378471
 13.390000     6.234567     2.378195
 13.400000     6.258347     2.377652
 13.410000     6.282119     2.376842
 13.420000     6.305883     2.375765
 13.430000     6.329634     2.374421
 13.440000     6.353370     2.372811
 13.450000     6.377089     2.370934
 13.460000     6.400788     2.368792
 13.470000     6.424464     2.366386
 13.480000     6.448115     2.363716
 13.490000     6.471737     2.360784
 13.500000     6.495330     2.357590
 13.510000     6.518888     2.354137
 13.520000     6.542411     2.350427
 13.530000     6.565896     2.346460
 13.540000     6.589340     2.342239
 13.550000     6.612740     2.337765
 13.560000     6.636094     2.333042
 13.570000     6.659400     2.328070
 13.580000     6.682655     2.322854
 13.590000     6.705856     2.317395
 13.600000     6.729002     2.311695
 13.610000     6.752089     2.305759
 13.620000     6.775116     2.299588
 13.630000     6.798080     2.293187
 13.640000     6.820979     2.286557
 13.650000     6.843811     2.279702
 13.660000     6.866573     2.272626
 13.670000     6.889263     2.265333
 13.680000     6.911879     2.257824
 13.690000     6.934418     2.250105
 13.700000     6.956880     2.242179
 13.710000     6.979261     2.234050
 13.720000     7.001560     2.225721
 13.730000     7.023775     2.217197
 13.740000     7.045904     2.208482
 13.750000     7.067944     2.199579
 13.760000     7.089895     2.190493
 13.770000     7.111753     2.181227
 13.780000     7.133519     2.171787
 13.790000     7.155189     2.162176
 13.800000     7.176762     2.152398
 13.810000     7.198236     2.142458
 13.820000     7.219610     2.132361
 13.830000     7.240883     2.122109
 13.840000     7.262052     2.111709
 13.850000     7.283116     2.101164
 13.860000     7.304075     2.090478
 13.870000     7.324925     2.079656
 13.880000     7.345667     2.068703
 13.890000     7.366299     2.057622
 13.900000     7.386819     2.046418
 13.910000     7.407227     2.035095
 13.920000     7.427521     2.023658
 13.930000     7.447700     2.012111
 13.940000     7.467763     2.000458
 13.950000     7.487709     1.988703
 13.960000     7.507536     1.976852
 13.970000     7.527245     1.964907
 13.980000     7.546834     1.952873
 13.990000     7.566303     1.940754
 14.000000     7.585649     1.928555
 14.010000     7.604873     1.916278
 14.020000     7.623974     1.903929
 14.030000     7.642952     1.891511
 14.040000     7.661804     1.879028
 14.050000     7.680532     1.866484
 14.060000     7.699134     1.853883
 14.070000     7.717610     1.841228
 14.080000     7.735958     1.828523
 14.090000     7.754180     1.815771
 14.100000     7.772274     1.802977
 14.110000     7.790239     1.790143
 14.120000     7.808076     1.777273
 14.130000     7.825785     1.764371
 14.140000     7.843364     1.751439
 14.150000     7.860813     1.738482
 14.160000     7.878133     1.725501
 14.170000     7.895323     1.712500
 14.180000     7.912383     1.699483
 14.190000     7.929313     1.686452
 14.200000     7.946112     1.673409
 14.210000     7.962781     1.660359
 14.220000     7.979319     1.647303
 14.230000     7.995727     1.634244
 14.240000     8.012004     1.621185
 14.250000     8.028151     1.608128
 14.260000     8.044167     1.595077
 14.270000     8.060052     1.582032
 14.280000     8.075808     1.568997
 14.290000     8.091432     1.555974
 14.300000     8.106927     1.542965
 14.310000     8.122292     1.529972
 14.320000     8.137527     1.516998
 14.330000     8.152632     1.504043
 14.340000     8.167607     1.491111
 14.350000     8.182454     1.478203
 14.360000     8.197172     1.465321
 14.370000     8.211761     1.452466
 14.380000     8.226221     1.439641
 14.390000     8.240553     1.426846
 14.400000     8.254758     1.414084
 14.410000     8.268835     1.401356
 14.420000     8.282785     1.388663
 14.430000     8.296609     1.376008
 14.440000     8.310306     1.363390
 14.450000     8.323877     1.350811
 14.460000     8.337322     1.338274
 14.470000     8.350642     1.325778
 14.480000     8.363838     1.313324
 14.490000     8.376909     1.300915
 14.500000     8.389856     1.288551
 14.510000     8.402680     1.276233
 14.520000     8.415381     1.263961
 14.530000     8.427959     1.251737
 14.540000     8.440416     1.239562
 14.550000     8.452751     1.227436
 14.560000     8.464965     1.215360
 14.570000     8.477058     1.203334
 14.580000     8.489032     1.191360
 14.590000     8.500886     1.179437
 14.600000     8.512620     1.167567
 14.610000     8.524237     1.155751
 14.620000     8.535736     1.143987
 14.630000     8.547117     1.132277
 14.640000     8.558381     1.120622
 14.650000     8.569530     1.109021
 14.660000     8.580562     1.097475
 14.670000     8.591479     1.085985
 14.680000     8.602282     1.074550
 14.690000     8.612970     1.063170
 14.700000     8.623545     1.051847
 14.710000     8.634008     1.040580
 14.720000     8.644357     1.029369
 14.730000     8.654595     1.018214
 14.740000     8.664722     1.007116
 14.750000     8.674738     0.996075
 14.760000     8.684643     0.985090
 14.770000     8.694440     0.974161
 14.780000     8.704127     0.963290
 14.790000     8.713706     0.952474
 14.800000     8.723177     0.941716
 14.810000     8.732540     0.931013
 14.820000     8.741797     0.920367
 14.830000     8.750948     0.909777
 14.840000     8.759993     0.899243
 14.850000     8.768933     0.888765
 14.860000     8.777768     0.878342
 14.870000     8.786500     0.867975
 14.880000     8.795128     0.857663
 14.890000     8.803653     0.847407
 14.900000     8.812076     0.837205
 14.910000     8.820397     0.827057
 14.920000     8.828618     0.816964
 14.930000     8.836737     0.806925
 14.940000     8.844756     0.796939
 14.950000     8.852676     0.787007
 14.960000     8.860496     0.777127
 14.970000     8.868219     0.767300
 14.980000     8.875843     0.757526
 14.990000     8.883369     0.747804
 15.000000     8.890799     0.738133
 15.010000     8.898132     0.728513
 15.020000     8.905369     0.718944
 15.030000     8.912511     0.709425
 15.040000     8.919558     0.699957
 15.050000     8.926510     0.690538
 15.060000     8.933369     0.681168
 15.070000     8.940134     0.671846
 15.080000     8.946806     0.662573
 15.090000     8.953386     0.653348
 15.100000     8.959873     0.644170
 15.110000     8.966269     0.635039
 15.120000     8.972574     0.625955
 15.130000     8.978788     0.616916
 15.140000     8.984913     0.607923
 15.150000     8.990947     0.598974
 15.160000     8.996892     0.590071
 15.170000     9.002749     0.581211
 15.180000     9.008517     0.572395
 15.190000     9.014197     0.563621
 15.200000     9.019789     0.554891
 15.210000     9.025295     0.546202
 15.220000     9.030713     0.537555
 15.230000     9.036046     0.528948
 15.240000     9.041292     0.520383
 15.250000     9.046454     0.511857
 15.260000     9.051530     0.503370
 15.270000     9.056521     0.494923
 15.280000     9.061428     0.486514
 15.290000     9.066251     0.478142
 15.300000     9.070991     0.469808
 15.310000     9.075648     0.461511
 15.320000     9.080222     0.453250
 15.330000     9.084713     0.445025
 15.340000     9.089122     0.436835
 15.350000     9.093450     0.428680
 15.360000     9.097696     0.420559
 15.370000     9.101861     0.412471
 15.380000     9.105945     0.404417
 15.390000     9.109949     0.396395
 15.400000     9.113873     0.388405
 15.410000     9.117718     0.380447
 15.420000     9.121482     0.372519
 15.430000     9.125168     0.364622
 15.440000     9.128775     0.356755
 15.450000     9.132303     0.348917
 15.460000     9.135753     0.341108
 15.470000     9.139126     0.333327
 15.480000     9.142420     0.325573
 15.490000     9.145637     0.317847
 15.500000     9.148777     0.310148
 15.510000     9.151840     0.302475
 15.520000     9.154827     0.294827
 15.530000     9.157737     0.287204
 15.540000     9.160571     0.279606
 15.550000     9.163329     0.272032
 15.560000     9.166012     0.264481
 15.570000     9.168619     0.256954
 15.580000     9.171151     0.249448
 15.590000     9.173608     0.241965
 15.600000     9.175990     0.234502
 15.610000     9.178298     0.227061
 15.620000     9.180531     0.219639
 15.630000     9.182691     0.212238
 15.640000     9.184776     0.204856
 15.650000     9.186788     0.197492
 15.660000     9.188726     0.190147
 15.670000     9.190591     0.182819
 15.680000     9.192383     0.175508
 15.690000     9.194101     0.168214
 15.700000     9.195747     0.160936
 15.710000     9.197320     0.153673
 15.720000     9.198820     0.146425
 15.730000     9.200248     0.139192
 15.740000     9.201604     0.131973
 15.750000     9.202888     0.124767
 15.760000     9.204100     0.117575
 15.770000     9.205239     0.110394
 15.780000     9.206308     0.103226
 15.790000     9.207304     0.096069
 15.800000     9.208229     0.088922
 15.810000     9.209082     0.081787
 15.820000     9.209865     0.074661
 15.830000     9.210576     0.067544
 15.840000     9.211216     0.060436
 15.850000     9.211784     0.053336
 15.860000     9.212282     0.046244
 15.870000     9.212709     0.039160
 15.880000     9.213066     0.032082
 15.890000     9.213351     0.025010
 15.900000     9.213566     0.017944
 15.910000     9.213710     0.010883
 15.920000     9.213783     0.003827
 15.930000     9.213786    -0.003225
 15.940000     9.213719    -0.010273
 15.950000     9.213581    -0.017318
 15.960000     9.213373    -0.024361
 15.970000     9.213094    -0.031401
 15.980000     9.212745    -0.038440
 15.990000     9.212325    -0.045477
 16.000000     9.211835    -0.052514
 16.010000     9.211275    -0.059551
 16.020000     9.210644    -0.066588
 16.030000     9.209943    -0.073626
 16.040000     9.209172    -0.080666
 16.050000     9.208330    -0.087708
 16.060000     9.207417    -0.094752
 16.070000     9.206435    -0.101799
 16.080000     9.205381    -0.108849
 16.090000     9.204258    -0.115903
 16.100000     9.203063    -0.122962
 16.110000     9.201798    -0.130026
 16.120000     9.200463    -0.137096
 16.130000     9.199056    -0.144171
 16.140000     9.197579    -0.151253
 16.150000     9.196031    -0.158342
 16.160000     9.194412    -0.165439
 16.170000     9.192723    -0.172544
 16.180000     9.190962    -0.179657
 16.190000     9.189129    -0.186779
 16.200000     9.187226    -0.193911
 16.210000     9.185251    -0.201053
 16.220000     9.183205    -0.208206
 16.230000     9.181087    -0.215370
 16.240000     9.178897    -0.222545
 16.250000     9.176636    -0.229733
 16.260000     9.174303    -0.236933
 16.270000     9.171897    -0.244147
 16.280000     9.169420    -0.251374
 16.290000     9.166870    -0.258616
 16.300000     9.164247    -0.265872
 16.310000     9.161552    -0.273143
 16.320000     9.158784    -0.280431
 16.330000     9.155944    -0.287734
 16.340000     9.153030    -0.295054
 16.350000     9.150042    -0.302392
 16.360000     9.146982    -0.309748
 16.370000     9.143847    -0.317121
 16.380000     9.140639    -0.324514
 16.390000     9.137357    -0.331926
 16.400000     9.134001    -0.339358
 16.410000     9.130570    -0.346811
 16.420000     9.127064    -0.354284
 16.430000     9.123484    -0.361779
 16.440000     9.119829    -0.369295
 16.450000     9.116098    -0.376835
 16.460000     9.112292    -0.384397
 16.470000     9.108410    -0.391982
 16.480000     9.104452    -0.399592
 16.490000     9.100418    -0.407226
 16.500000     9.096308    -0.414886
 16.510000     9.092120    -0.422570
 16.520000     9.087856    -0.430281
 16.530000     9.083515    -0.438019
 16.540000     9.079096    -0.445783
 16.550000     9.074599    -0.453575
 16.560000     9.070024    -0.461395
 16.570000     9.065371    -0.469244
 16.580000     9.060639    -0.477122
 16.590000     9.055828    -0.485029
 16.600000     9.050938    -0.492967
 16.610000     9.045969    -0.500935
 16.620000     9.040920    -0.508934
 16.630000     9.035790    -0.516965
 16.640000     9.030580    -0.525027
 16.650000     9.025290    -0.533123
 16.660000     9.019918    -0.541251
 16.670000     9.014464    -0.549413
 16.680000     9.008929    -0.557609
 16.690000     9.003312    -0.565840
 16.700000     8.997612    -0.574105
 16.710000     8.991830    -0.582406
 16.720000     8.985964    -0.590742
 16.730000     8.980015    -0.599116
 16.740000     8.973982    -0.607526
 16.750000     8.967864    -0.615973
 16.760000     8.961662    -0.624458
 16.770000     8.955375    -0.632981
 16.780000     8.949002    -0.641542
 16.790000     8.942544    -0.650143
 16.800000     8.935999    -0.658783
 16.810000     8.929368    -0.667463
 16.820000     8.922650    -0.676184
 16.830000     8.915844    -0.684945
 16.840000     8.908951    -0.693747
 16.850000     8.901969    -0.702591
 16.860000     8.894899    -0.711476
 16.870000     8.887740    -0.720404
 16.880000     8.880491    -0.729374
 16.890000     8.873152    -0.738388
 16.900000     8.865723    -0.747445
 16.910000     8.858203    -0.756545
 16.920000     8.850592    -0.765690
 16.930000     8.842889    -0.774878
 16.940000     8.835094    -0.784112
 16.950000     8.827207    -0.793390
 16.960000     8.819226    -0.802714
 16.970000     8.811152    -0.812083
 16.980000     8.802984    -0.821498
 16.990000     8.794722    -0.830960
 17.000000     8.786365    -0.840467
 17.010000     8.777913    -0.850021
 17.020000     8.769364    -0.859621
 17.030000     8.760720    -0.869269
 17.040000     8.751979    -0.878963
 17.050000     8.743141    -0.888705
 17.060000     8.734205    -0.898494
 17.070000     8.725171    -0.908331
 17.080000     8.716038    -0.918215
 17.090000     8.706806    -0.928147
 17.100000     8.697475    -0.938127
 17.110000     8.688043    -0.948154
 17.120000     8.678512    -0.958230
 17.130000     8.668879    -0.968353
 17.140000     8.659144    -0.978524
 17.150000     8.649308    -0.988743
 17.160000     8.639369    -0.999010
 17.170000     8.629328    -1.009324
 17.180000     8.619183    -1.019686
 17.190000     8.608934    -1.030096
 17.200000     8.598581    -1.040552
 17.210000     8.588123    -1.051056
 17.220000     8.577559    -1.061607
 17.230000     8.566890    -1.072204
 17.240000     8.556115    -1.082848
 17.250000     8.545233    -1.093538
 17.260000     8.534244    -1.104274
 17.270000     8.523148    -1.115054
 17.280000     8.511943    -1.125880
 17.290000     8.500630    -1.136751
 17.300000     8.489208    -1.147666
 17.310000     8.477676    -1.158624
 17.320000     8.466035    -1.169625
 17.330000     8.454284    -1.180669
 17.340000     8.442422    -1.191755
 17.350000     8.430449    -1.202882
 17.360000     8.418364    -1.214049
 17.370000     8.406167    -1.225256
 17.380000     8.393859    -1.236503
 17.390000     8.381437    -1.247787
 17.400000     8.368903    -1.259109
 17.410000     8.356255    -1.270468
 17.420000     8.343493    -1.281862
 17.430000     8.330618    -1.293291
 17.440000     8.317627    -1.304753
 17.450000     8.304522    -1.316248
 17.460000     8.291302    -1.327774
 17.470000     8.277967    -1.339331
 17.480000     8.264516    -1.350916
 17.490000     8.250948    -1.362529
 17.500000     8.237265    -1.374168
 17.510000     8.223465    -1.385833
 17.520000     8.209548    -1.397521
 17.530000     8.195514    -1.409231
 17.540000     8.181364    -1.420961
 17.550000     8.167095    -1.432711
 17.560000     8.152709    -1.444477
 17.570000     8.138206    -1.456260
 17.580000     8.123584    -1.468056
 17.590000     8.108844    -1.479865
 17.600000     8.093987    -1.491683
 17.610000     8.079011    -1.503510
 17.620000     8.063916    -1.515343
 17.630000     8.048704    -1.527180
 17.640000     8.033373    -1.539020
 17.650000     8.017923    -1.550859
 17.660000     8.002356    -1.562696
 17.670000     7.986670    -1.574529
 17.680000     7.970865    -1.586355
 17.690000     7.954942    -1.598171
 17.700000     7.938902    -1.609976
 17.710000     7.922743    -1.621766
 17.720000     7.906466    -1.633540
 17.730000     7.890072    -1.645294
 17.740000     7.873561    -1.657026
 17.750000     7.856932    -1.668733
 17.760000     7.840186    -1.680412
 17.770000     7.823324    -1.692061
 17.780000     7.806345    -1.703676
 17.790000     7.789250    -1.715255
 17.800000     7.772040    -1.726794
 17.810000     7.754715    -1.738290
 17.820000     7.737274    -1.749741
 17.830000     7.719720    -1.761143
 17.840000     7.702052    -1.772492
 17.850000     7.684270    -1.783786
 17.860000     7.666376    -1.795021
 17.870000     7.648370    -1.806193
 17.880000     7.630252    -1.817300
 17.890000     7.612024    -1.828337
 17.900000     7.593686    -1.839302
 17.910000     7.575238    -1.850190
 17.920000     7.556682    -1.860999
 17.930000     7.538019    -1.871724
 17.940000     7.519248    -1.882361
 17.950000     7.500372    -1.892907
 17.960000     7.481390    -1.903359
 17.970000     7.462305    -1.913712
 17.980000     7.443117    -1.923963
 17.990000     7.423826    -1.934107
 18.000000     7.404435    -1.944142
 18.010000     7.384944    -1.954062
 18.020000     7.365354    -1.963865
 18.030000     7.345667    -1.973546
 18.040000     7.325883    -1.983101
 18.050000     7.306005    -1.992527
 18.060000     7.286033    -2.001820
 18.070000     7.265969    -2.010975
 18.080000     7.245814    -2.019989
 18.090000     7.225570    -2.028858
 18.100000     7.205238    -2.037578
 18.110000     7.184819    -2.046145
 18.120000     7.164315    -2.054556
 18.130000     7.143728    -2.062806
 18.140000     7.123060    -2.070891
 18.150000     7.102311    -2.078809
 18.160000     7.081484    -2.086555
 18.170000     7.060581    -2.094125
 18.180000     7.039602    -2.101517
 18.190000     7.018551    -2.108725
 18.200000     6.997428    -2.115747
 18.210000     6.976236    -2.122580
 18.220000     6.954977    -2.129219
 18.230000     6.933653    -2.135662
 18.240000     6.912265    -2.141905
 18.250000     6.890815    -2.147944
 18.260000     6.869307    -2.153778
 18.270000     6.847740    -2.159402
 18.280000     6.826119    -2.164813
 18.290000     6.804445    -2.170009
 18.300000     6.782720    -2.174987
 18.310000     6.760946    -2.179745
 18.320000     6.739126    -2.184278
 18.330000     6.717261    -2.188586
 18.340000     6.695355    -2.192665
 18.350000     6.673409    -2.196513
 18.360000     6.651425    -2.200127
 18.370000     6.629407    -2.203507
 18.380000     6.607356    -2.206649
 18.390000     6.585275    -2.209553
 18.400000     6.563166    -2.212215
 18.410000     6.541031    -2.214635
 18.420000     6.518874    -2.216810
 18.430000     6.496696    -2.218741
 18.440000     6.474500    -2.220424
 18.450000     6.452288    -2.221860
 18.460000     6.430063    -2.223046
 18.470000     6.407828    -2.223983
 18.480000     6.385585    -2.224669
 18.490000     6.363335    -2.225104
 18.500000     6.341083    -2.225288
 18.510000     6.318831    -2.225219
 18.520000     6.296580    -2.224898
 18.530000     6.274333    -2.224325
 18.540000     6.252094    -2.223500
 18.550000     6.229864    -2.222423
 18.560000     6.207646    -2.221094
 18.570000     6.185443    -2.219514
 18.580000     6.163257    -2.217684
 18.590000     6.141090    -2.215603
 18.600000     6.118946    -2.213274
 18.610000     6.096826    -2.210697
 18.620000     6.074733    -2.207873
 18.630000     6.052669    -2.204803
 18.640000     6.030637    -2.201489
 18.650000     6.008640    -2.197933
 18.660000     5.986680    -2.194136
 18.670000     5.964758    -2.190099
 18.680000     5.942878    -2.185825
 18.690000     5.921042    -2.181316
 18.700000     5.899253    -2.176573
 18.710000     5.877512    -2.171600
 18.720000     5.855822    -2.166398
 18.730000     5.834185    -2.160969
 18.740000     5.812603    -2.155317
 18.750000     5.791079    -2.149443
 18.760000     5.769615    -2.143351
 18.770000     5.748213    -2.137043
 18.780000     5.726875    -2.130523
 18.790000     5.705603    -2.123792
 18.800000     5.684400    -2.116855
 18.810000     5.663266    -2.109715
 18.820000     5.642206    -2.102373
 18.830000     5.621220    -2.094835
 18.840000     5.600310    -2.087103
 18.850000     5.579478    -2.079180
 18.860000     5.558727    -2.071070
 18.870000     5.538057    -2.062777
 18.880000     5.517472    -2.054304
 18.890000     5.496972    -2.045654
 18.900000     5.476559    -2.036831
 18.910000     5.456236    -2.027839
 18.920000     5.436003    -2.018682
 18.930000     5.415863    -2.009363
 18.940000     5.395816    -1.999886
 18.950000     5.375866    -1.990254
 18.960000     5.356012    -1.980473
 18.970000     5.336257    -1.970544
 18.980000     5.316601    -1.960472
 18.990000     5.297048    -1.950262
 19.000000     5.277597    -1.939916
 19.010000     5.258250    -1.929439
 19.020000     5.239008    -1.918834
 19.030000     5.219874    -1.908105
 19.040000     5.200847    -1.897256
 19.050000     5.181929    -1.886291
 19.060000     5.163121    -1.875213
 19.070000     5.144425    -1.864026
 19.080000     5.125841    -1.852734
 19.090000     5.107371    -1.841341
 19.100000     5.089015    -1.829850
 19.110000     5.070774    -1.818265
 19.120000     5.052650    -1.806589
 19.130000     5.034642    -1.794827
 19.140000     5.016753    -1.782981
 19.150000     4.998983    -1.771055
 19.160000     4.981332    -1.759052
 19.170000     4.963802    -1.746977
 19.180000     4.946393    -1.734832
 19.190000     4.929106    -1.722620
 19.200000     4.911941    -1.710345
 19.210000     4.894899    -1.698011
 19.220000     4.877981    -1.685620
 19.230000     4.861187    -1.673175
 19.240000     4.844518    -1.660679
 19.250000     4.827973    -1.648137
 19.260000     4.811555    -1.635549
 19.270000     4.795263    -1.622920
 19.280000     4.779097    -1.610253
 19.290000     4.763058    -1.597549
 19.300000     4.747146    -1.584812
 19.310000     4.731362    -1.572045
 19.320000     4.715705    -1.559250
 19.330000     4.700177    -1.546429
 19.340000     4.684777    -1.533585
 19.350000     4.669505    -1.520722
 19.360000     4.654362    -1.507840
 19.370000     4.639348    -1.494942
 19.380000     4.624463    -1.482031
 19.390000     4.609708    -1.469109
 19.400000     4.595081    -1.456178
 19.410000     4.580584    -1.443240
 19.420000     4.566216    -1.430297
 19.430000     4.551978    -1.417351
 19.440000     4.537869    -1.404404
 19.450000     4.523890    -1.391458
 19.460000     4.510040    -1.378514
 19.470000     4.496320    -1.365575
 19.480000     4.482729    -1.352642
 19.490000     4.469267    -1.339717
 19.500000     4.455934    -1.326801
 19.510000     4.442731    -1.313895
 19.520000     4.429656    -1.301002
 19.530000     4.416711    -1.288123
 19.540000     4.403894    -1.275259
 19.550000     4.391206    -1.262411
 19.560000     4.378646    -1.249580
 19.570000     4.366214    -1.236769
 19.580000     4.353910    -1.223977
 19.590000     4.341734    -1.211206
 19.600000     4.329686    -1.198458
 19.610000     4.317765    -1.185732
 19.620000     4.305971    -1.173031
 19.630000     4.294304    -1.160354
 19.640000     4.282764    -1.147704
 19.650000     4.271350    -1.135080
 19.660000     4.260062    -1.122483
 19.670000     4.248901    -1.109915
 19.680000     4.237864    -1.097375
 19.690000     4.226953    -1.084865
 19.700000     4.216167    -1.072385
 19.710000     4.205505    -1.059936
 19.720000     4.194968    -1.047518
 19.730000     4.184555    -1.035132
 19.740000     4.174265    -1.022777
 19.750000     4.164099    -1.010456
 19.760000     4.154056    -0.998167
 19.770000     4.144136    -0.985912
 19.780000     4.134338    -0.973690
 19.790000     4.124662    -0.961503
 19.800000     4.115107    -0.949349
 19.810000     4.105675    -0.937230
 19.820000     4.096363    -0.925145
 19.830000     4.087171    -0.913095
 19.840000     4.078101    -0.901080
 19.850000     4.069150    -0.889100
 19.860000     4.060319    -0.877155
 19.870000     4.051607    -0.865245
 19.880000     4.043014    -0.853370
 19.890000     4.034539    -0.841530
 19.900000     4.026183    -0.829725
 19.910000     4.017944    -0.817955
 19.920000     4.009824    -0.806220
 19.930000     4.001820    -0.794520
 19.940000     3.993933    -0.782855
 19.950000     3.986163    -0.771224
 19.960000     3.978508    -0.759627
 19.970000     3.970970    -0.748065
 19.980000     3.963547    -0.736536
 19.990000     3.956239    -0.725041
 20.000000     3.949046    -0.713580
 20.010000     3.941967    -0.702152
 20.020000     3.935003    -0.690757
 20.030000     3.928152    -0.679395
 20.040000     3.921415    -0.668065
 20.050000     3.914791    -0.656767
 20.060000     3.908280    -0.645500
 20.070000     3.901881    -0.634265
 20.080000     3.895594    -0.623061
 20.090000     3.889419    -0.611888
 20.100000     3.883356    -0.600744
 20.110000     3.877404    -0.589631
 20.120000     3.871564    -0.578546
 20.130000     3.865833    -0.567491
 20.140000     3.860214    -0.556464
 20.150000     3.854704    -0.545465
 20.160000     3.849304    -0.534493
 20.170000     3.844014    -0.523549
 20.180000     3.838833    -0.512631
 20.190000     3.833761    -0.501739
 20.200000     3.828798    -0.490872
 20.210000     3.823944    -0.480031
 20.220000     3.819198    -0.469214
 20.230000     3.814559    -0.458421
 20.240000     3.810029    -0.447651
 20.250000     3.805606    -0.436904
 20.260000     3.801291    -0.426180
 20.270000     3.797083    -0.415477
 20.280000     3.792981    -0.404795
 20.290000     3.788987    -0.394134
 20.300000     3.785099    -0.383492
 20.310000     3.781317    -0.372871
 20.320000     3.777641    -0.362267
 20.330000     3.774071    -0.351683
 20.340000     3.770607    -0.341115
 20.350000     3.767249    -0.330565
 20.360000     3.763996    -0.320031
 20.370000     3.760848    -0.309512
 20.380000     3.757806    -0.299009
 20.390000     3.754868    -0.288520
 20.400000     3.752035    -0.278045
 20.410000     3.749307    -0.267583
 20.420000     3.746684    -0.257134
 20.430000     3.744164    -0.246696
 20.440000     3.741750    -0.236270
 20.450000     3.739439    -0.225854
 20.460000     3.737233    -0.215449
 20.470000     3.735130    -0.205052
 20.480000     3.733131    -0.194664
 20.490000     3.731237    -0.184284
 20.500000     3.729446    -0.173911
 20.510000     3.727759    -0.163545
 20.520000     3.726175    -0.153185
 20.530000     3.724695    -0.142829
 20.540000     3.723318    -0.132479
 20.550000     3.722045    -0.122132
 20.560000     3.720876    -0.111789
 20.570000     3.719809    -0.101448
 20.580000     3.718847    -0.091108
 20.590000     3.717987    -0.080770
 20.600000     3.717231    -0.070433
 20.610000     3.716579    -0.060095
 20.620000     3.716029    -0.049756
 20.630000     3.715583    -0.039416
 20.640000     3.715241    -0.029073
 20.650000     3.715002    -0.018727
 20.660000     3.714867    -0.008378
 20.670000     3.714834     0.001976
 20.680000     3.714906     0.012335
 20.690000     3.715081     0.022699
 20.700000     3.715360     0.033070
 20.710000     3.715743     0.043449
 20.720000     3.716229     0.053835
 20.730000     3.716819     0.064229
 20.740000     3.717514     0.074633
 20.750000     3.718312     0.085047
 20.760000     3.719215     0.095471
 20.770000     3.720222     0.105907
 20.780000     3.721333     0.116355
 20.790000     3.722549     0.126815
 20.800000     3.723869     0.137289
 20.810000     3.725294     0.147776
 20.820000     3.726825     0.158279
 20.830000     3.728460     0.168797
 20.840000     3.730201     0.179331
 20.850000     3.732047     0.189882
 20.860000     3.733998     0.200450
 20.870000     3.736056     0.211036
 20.880000     3.738219     0.221642
 20.890000     3.740489     0.232266
 20.900000     3.742865     0.242911
 20.910000     3.745347     0.253577
 20.920000     3.747936     0.264264
 20.930000     3.750632     0.274973
 20.940000     3.753436     0.285706
 20.950000     3.756347     0.296461
 20.960000     3.759365     0.307241
 20.970000     3.762491     0.318045
 20.980000     3.765726     0.328875
 20.990000     3.769069     0.339731
 21.000000     3.772521     0.350614
 21.010000     3.776081     0.361524
 21.020000     3.779751     0.372461
 21.030000     3.783531     0.383428
 21.040000     3.787420     0.394423
 21.050000     3.791419     0.405448
 21.060000     3.795529     0.416504
 21.070000     3.799749     0.427591
 21.080000     3.804081     0.438709
 21.090000     3.808524     0.449859
 21.100000     3.813078     0.461042
 21.110000     3.817745     0.472259
 21.120000     3.822524     0.483509
 21.130000     3.827415     0.494793
 21.140000     3.832420     0.506113
 21.150000     3.837537     0.517468
 21.160000     3.842769     0.528859
 21.170000     3.848115     0.540287
 21.180000     3.853575     0.551751
 21.190000     3.859150     0.563253
 21.200000     3.864840     0.574794
 21.210000     3.870646     0.586372
 21.220000     3.876568     0.597990
 21.230000     3.882606     0.609647
 21.240000     3.888761     0.621344
 21.250000     3.895033     0.633081
 21.260000     3.901422     0.644859
 21.270000     3.907930     0.656678
 21.280000     3.914556     0.668538
 21.290000     3.921301     0.680441
 21.300000     3.928165     0.692385
 21.310000     3.935149     0.704372
 21.320000     3.942253     0.716402
 21.330000     3.949477     0.728475
 21.340000     3.956822     0.740591
 21.350000     3.964289     0.752752
 21.360000     3.971878     0.764956
 21.370000     3.979588     0.777204
 21.380000     3.987422     0.789497
 21.390000     3.995378     0.801834
 21.400000     4.003459     0.814217
 21.410000     4.011663     0.826644
 21.420000     4.019992     0.839116
 21.430000     4.028445     0.851633
 21.440000     4.037024     0.864195
 21.450000     4.045729     0.876803
 21.460000     4.054561     0.889456
 21.470000     4.063519     0.902154
 21.480000     4.072604     0.914897
 21.490000     4.081817     0.927685
 21.500000     4.091158     0.940519
 21.510000     4.100627     0.953397
 21.520000     4.110226     0.966320
 21.530000     4.119954     0.979288
 21.540000     4.129812     0.992300
 21.550000     4.139800     1.005356
 21.560000     4.149919     1.018456
 21.570000     4.160169     1.031599
 21.580000     4.170551     1.044786
 21.590000     4.181065     1.058015
 21.600000     4.191712     1.071287
 21.610000     4.202491     1.084600
 21.620000     4.213404     1.097954
 21.630000     4.224450     1.111350
 21.640000     4.235631     1.124785
 21.650000     4.246946     1.138260
 21.660000     4.258396     1.151773
 21.670000     4.269982     1.165325
 21.680000     4.281703     1.178913
 21.690000     4.293560     1.192539
 21.700000     4.305554     1.206199
 21.710000     4.317684     1.219894
 21.720000     4.329952     1.233623
 21.730000     4.342357     1.247385
 21.740000     4.354899     1.261177
 21.750000     4.367580     1.275001
 21.760000     4.380400     1.288853
 21.770000     4.393357     1.302733
 21.780000     4.406454     1.316640
 21.790000     4.419690     1.330572
 21.800000     4.433066     1.344528
 21.810000     4.446581     1.358506
 21.820000     4.460236     1.372505
 21.830000     4.474031     1.386523
 21.840000     4.487967     1.400559
 21.850000     4.502042     1.414610
 21.860000     4.516259     1.428676
 21.870000     4.530616     1.442753
 21.880000     4.545114     1.456841
 21.890000     4.559753     1.470937
 21.900000     4.574533     1.485040
 21.910000     4.589454     1.499146
 21.920000     4.604516     1.513255
 21.930000     4.619719     1.527363
 21.940000     4.635063     1.541469
 21.950000     4.650548     1.555569
 21.960000     4.666174     1.569662
 21.970000     4.681941     1.583746
 21.980000     4.697849     1.597816
 21.990000     4.713898     1.611872
 22.000000     4.730086     1.625910
 22.010000     4.746416     1.639927
 22.020000     4.762885     1.653920
 22.030000     4.779494     1.667887
 22.040000     4.796243     1.681825
 22.050000     4.813130     1.695730
 22.060000     4.830157     1.709600
 22.070000     4.847322     1.723431
 22.080000     4.864626     1.737221
 22.090000     4.882066     1.750964
 22.100000     4.899645     1.764660
 22.110000     4.917360     1.778303
 22.120000     4.935211     1.791891
 22.130000     4.953197     1.805419
 22.140000     4.971319     1.818885
 22.150000     4.989575     1.832285
 22.160000     5.007964     1.845615
 22.170000     5.026487     1.858871
 22.180000     5.045141     1.872049
 22.190000     5.063927     1.885146
 22.200000     5.082844     1.898158
 22.210000     5.101890     1.911080
 22.220000     5.121065     1.923909
 22.230000     5.140368     1.936641
 22.240000     5.159798     1.949272
 22.250000     5.179353     1.961797
 22.260000     5.199033     1.974213
 22.270000     5.218837     1.986515
 22.280000     5.238763     1.998699
 22.290000     5.258811     2.010762
 22.300000     5.278978     2.022698
 22.310000     5.299264     2.034504
 22.320000     5.319668     2.046175
 22.330000     5.340187     2.057707
 22.340000     5.360821     2.069097
 22.350000     5.381569     2.080339
 22.360000     5.402428     2.091429
 22.370000     5.423397     2.102364
 22.380000     5.444474     2.113139
 22.390000     5.465659     2.123751
 22.400000     5.486949     2.134194
 22.410000     5.508342     2.144464
 22.420000     5.529837     2.154559
 22.430000     5.551433     2.164473
 22.440000     5.573126     2.174202
 22.450000     5.594916     2.183744
 22.460000     5.616801     2.193093
 22.470000     5.638777     2.202246
 22.480000     5.660845     2.211199
 22.490000     5.683001     2.219948
 22.500000     5.705243     2.228491
 22.510000     5.727570     2.236822
 22.520000     5.749979     2.244940
 22.530000     5.772468     2.252840
 22.540000     5.795035     2.260518
 22.550000     5.817678     2.267973
 22.560000     5.840394     2.275200
 22.570000     5.863181     2.282197
 22.580000     5.886037     2.288961
 22.590000     5.908959     2.295489
 22.600000     5.931946     2.301778
 22.610000     5.954994     2.307826
 22.620000     5.978101     2.313630
 22.630000     6.001266     2.319188
 22.640000     6.024484     2.324498
 22.650000     6.047755     2.329558
 22.660000     6.071075     2.334365
 22.670000     6.094441     2.338919
 22.680000     6.117852     2.343217
 22.690000     6.141305     2.347258
 22.700000     6.164797     2.351041
 22.710000     6.188325     2.354564
 22.720000     6.211887     2.357827
 22.730000     6.235480     2.360828
 22.740000     6.259103     2.363568
 22.750000     6.282751     2.366044
 22.760000     6.306423     2.368257
 22.770000     6.330115     2.370208
 22.780000     6.353826     2.371894
 22.790000     6.377552     2.373317
 22.800000     6.401291     2.374478
 22.810000     6.425041     2.375375
 22.820000     6.448798     2.376010
 22.830000     6.472560     2.376384
 22.840000     6.496325     2.376498
 22.850000     6.520089     2.376351
 22.860000     6.543851     2.375947
 22.870000     6.567607     2.375286
 22.880000     6.591356     2.374369
 22.890000     6.615094     2.373198
 22.900000     6.638819     2.371776
 22.910000     6.662529     2.370103
 22.920000     6.686220     2.368183
 22.930000     6.709891     2.366017
 22.940000     6.733540     2.363608
 22.950000     6.757163     2.360958
 22.960000     6.780758     2.358070
 22.970000     6.804323     2.354947
 22.980000     6.827856     2.351591
 22.990000     6.851354     2.348006
 23.000000     6.874816     2.344195
 23.010000     6.898238     2.340161
 23.020000     6.921618     2.335908
 23.030000     6.944955     2.331438
 23.040000     6.968246     2.326756
 23.050000     6.991489     2.321866
 23.060000     7.014683     2.316770
 23.070000     7.037824     2.311474
 23.080000     7.060912     2.305980
 23.090000     7.083943     2.300293
 23.100000     7.106917     2.294418
 23.110000     7.129831     2.288357
 23.120000     7.152683     2.282117
 23.130000     7.175473     2.275699
 23.140000     7.198197     2.269111
 23.150000     7.220854     2.262354
 23.160000     7.243443     2.255435
 23.170000     7.265962     2.248357
 23.180000     7.288410     2.241126
 23.190000     7.310784     2.233745
 23.200000     7.333084     2.226219
 23.210000     7.355308     2.218554
 23.220000     7.377455     2.210752
 23.230000     7.399523     2.202821
 23.240000     7.421511     2.194763
 23.250000     7.443418     2.186583
 23.260000     7.465242     2.178287
 23.270000     7.486983     2.169879
 23.280000     7.508640     2.161363
 23.290000     7.530210     2.152745
 23.300000     7.551694     2.144028
 23.310000     7.573090     2.135218
 23.320000     7.594398     2.126320
 23.330000     7.615617     2.117336
 23.340000     7.636745     2.108274
 23.350000     7.657782     2.099136
 23.360000     7.678727     2.089927
 23.370000     7.699580     2.080652
 23.380000     7.720340     2.071316
 23.390000     7.741006     2.061922
 23.400000     7.761578     2.052474
 23.410000     7.782056     2.042979
 23.420000     7.802438     2.033438
 23.430000     7.822724     2.023857
 23.440000     7.842915     2.014240
 23.450000     7.863009     2.004591
 23.460000     7.883006     1.994913
 23.470000     7.902907     1.985212
 23.480000     7.922711     1.975490
 23.490000     7.942417     1.965752
 23.500000     7.962026     1.956001
 23.510000     7.981537     1.946241
 23.520000     8.000950     1.936476
 23.530000     8.020266     1.926710
 23.540000     8.039485     1.916945
 23.550000     8.058605     1.907185
 23.560000     8.077628     1.897435
 23.570000     8.096554     1.887696
 23.580000     8.115382     1.877973
 23.590000     8.134113     1.868268
 23.600000     8.152748     1.858585
 23.610000     8.171285     1.848927
 23.620000     8.189726     1.839297
 23.630000     8.208071     1.829697
 23.640000     8.226320     1.820130
 23.650000     8.244474     1.810600
 23.660000     8.262533     1.801108
 23.670000     8.280496     1.791659
 23.680000     8.298366     1.782253
 23.690000     8.316142     1.772894
 23.700000     8.333824     1.763585
 23.710000     8.351413     1.754326
 23.720000     8.368911     1.745122
 23.730000     8.386316     1.735974
 23.740000     8.403630     1.726884
 23.750000     8.420854     1.717854
 23.760000     8.437988     1.708887
 23.770000     8.455032     1.699984
 23.780000     8.471987     1.691147
 23.790000     8.488855     1.682379
 23.800000     8.505635     1.673681
 23.810000     8.522329     1.665054
 23.820000     8.538937     1.656502
 23.830000     8.555459     1.648024
 23.840000     8.571897     1.639623
 23.850000     8.588252     1.631300
 23.860000     8.604524     1.623057
 23.870000     8.620713     1.614896
 23.880000     8.636822     1.606816
 23.890000     8.652850     1.598821
 23.900000     8.668798     1.590911
 23.910000     8.684668     1.583087
 23.920000     8.700460     1.575351
 23.930000     8.716176     1.567703
 23.940000     8.731815     1.560145
 23.950000     8.747379     1.552678
 23.960000     8.762869     1.545303
 23.970000     8.778285     1.538020
 23.980000     8.793629     1.530831
 23.990000     8.808902     1.523737
 24.000000     8.824104     1.516738
 24.010000     8.839237     1.509835
 24.020000     8.854302     1.503029
 24.030000     8.869298     1.496321
 24.040000     8.884228     1.489711
 24.050000     8.899093     1.483199
 24.060000     8.913893     1.476788
 24.070000     8.928629     1.470477
 24.080000     8.943302     1.464266
 24.090000     8.957914     1.458157
 24.100000     8.972466     1.452149
 24.110000     8.986958     1.446243
 24.120000     9.001391     1.440440
 24.130000     9.015767     1.434740
 24.140000     9.030086     1.429144
 24.150000     9.044350     1.423651
 24.160000     9.058560     1.418262
 24.170000     9.072716     1.412977
 24.180000     9.086820     1.407797
 24.190000     9.100872     1.402722
 24.200000     9.114874     1.397752
 24.210000     9.128827     1.392887
 24.220000     9.142732     1.388128
 24.230000     9.156590     1.383474
 24.240000     9.170402     1.378927
 24.250000     9.184169     1.374485
 24.260000     9.197892     1.370149
 24.270000     9.211573     1.365919
 24.280000     9.225211     1.361795
 24.290000     9.238809     1.357778
 24.300000     9.252367     1.353866
 24.310000     9.265886     1.350061
 24.320000     9.279369     1.346363
 24.330000     9.292814     1.342770
 24.340000     9.306224     1.339284
 24.350000     9.319600     1.335904
 24.360000     9.332943     1.332630
 24.370000     9.346253     1.329463
 24.380000     9.359532     1.326401
 24.390000     9.372781     1.323445
 24.400000     9.386002     1.320595
 24.410000     9.399194     1.317851
 24.420000     9.412359     1.315212
 24.430000     9.425498     1.312678
 24.440000     9.438613     1.310250
 24.450000     9.451704     1.307927
 24.460000     9.464772     1.305709
 24.470000     9.477818     1.303595
 24.480000     9.490844     1.301586
 24.490000     9.503850     1.299681
 24.500000     9.516838     1.297881
 24.510000     9.529808     1.296184
 24.520000     9.542762     1.294591
 24.530000     9.555700     1.293101
 24.540000     9.568624     1.291715
 24.550000     9.581535     1.290431
 24.560000     9.594433     1.289250
 24.570000     9.607320     1.288171
 24.580000     9.620197     1.287194
 24.590000     9.633065     1.286319
 24.600000     9.645924     1.285545
 24.610000     9.658776     1.284872
 24.620000     9.671622     1.284300
 24.630000     9.684462     1.283829
 24.640000     9.697298     1.283457
 24.650000     9.710132     1.283185
 24.660000     9.722963     1.283012
 24.670000     9.735792     1.282939
 24.680000     9.748622     1.282964
 24.690000     9.761452     1.283086
 24.700000     9.774284     1.283307
 24.710000     9.787118     1.283625
 24.720000     9.799956     1.284040
 24.730000     9.812799     1.284551
 24.740000     9.825648     1.285158
 24.750000     9.838503     1.285861
 24.760000     9.851365     1.286659
 24.770000     9.864236     1.287551
 24.780000     9.877117     1.288538
 24.790000     9.890007     1.289618
 24.800000     9.902909     1.290790
 24.810000     9.915824     1.292056
 24.820000     9.928751     1.293413
 24.830000     9.941692     1.294862
 24.840000     9.954648     1.296402
 24.850000     9.967620     1.298032
 24.860000     9.980609     1.299752
 24.870000     9.993616     1.301560
 24.880000    10.006641     1.303457
 24.890000    10.019685     1.305442
 24.900000    10.032750     1.307514
 24.910000    10.045836     1.309673
 24.920000    10.058944     1.311917
 24.930000    10.072074     1.314247
 24.940000    10.085229     1.316660
 24.950000    10.098408     1.319158
 24.960000    10.111612     1.321738
 24.970000    10.124843     1.324401
 24.980000    10.138101     1.327145
 24.990000    10.151386     1.329969
 25.000000    10.164700     1.332874
 25.010000    10.178044     1.335857
 25.020000    10.191418     1.338918
 25.030000    10.204822     1.342056
 25.040000    10.218259     1.345271
 25.050000    10.231728     1.348561
 25.060000    10.245230     1.351926
 25.070000    10.258767     1.355364
 25.080000    10.272338     1.358875
 25.090000    10.285945     1.362457
 25.100000    10.299587     1.366110
 25.110000    10.313267     1.369832
 25.120000    10.326984     1.373623
 25.130000    10.340740     1.377481
 25.140000    10.354534     1.381405
 25.150000    10.368368     1.385394
 25.160000    10.382242     1.389447
 25.170000    10.396157     1.393563
 25.180000    10.410114     1.397740
 25.190000    10.424112     1.401978
 25.200000    10.438153     1.406275
 25.210000    10.452238     1.410629
 25.220000    10.466366     1.415040
 25.230000    10.480539     1.419506
 25.240000    10.494756     1.424026
 25.250000    10.509020     1.428598
 25.260000    10.523329     1.433221
 25.270000    10.537684     1.437894
 25.280000    10.552087     1.442614
 25.290000    10.566537     1.447381
 25.300000    10.581034     1.452193
 25.310000    10.595581     1.457048
 25.320000    10.610176     1.461946
 25.330000    10.624820     1.466883
 25.340000    10.639513     1.471858
 25.350000    10.654257     1.476871
 25.360000    10.669051     1.481919
 25.370000    10.683895     1.487000
 25.380000    10.698791     1.492112
 25.390000    10.713738     1.497254
 25.400000    10.728736     1.502425
 25.410000    10.743786     1.507621
 25.420000    10.758889     1.512842
 25.430000    10.774043     1.518085
 25.440000    10.789250     1.523348
 25.450000    10.804510     1.528629
 25.460000    10.819823     1.533927
 25.470000    10.835189     1.539239
 25.480000    10.850608     1.544563
 25.490000    10.866080     1.549897
 25.500000    10.881606     1.555240
 25.510000    10.897185     1.560588
 25.520000    10.912818     1.565939
 25.530000    10.928504     1.571292
 25.540000    10.944243     1.576644
 25.550000    10.960037     1.581993
 25.560000    10.975883     1.587337
 25.570000    10.991783     1.592672
 25.580000    11.007737     1.597998
 25.590000    11.023743     1.603311
 25.600000    11.039803     1.608609
 25.610000    11.055915     1.613890
 25.620000    11.072081     1.619151
 25.630000    11.088298     1.624390
 25.640000    11.104568     1.629604
 25.650000    11.120890     1.634790
 25.660000    11.137264     1.639947
 25.670000    11.153689     1.645072
 25.680000    11.170165     1.650161
 25.690000    11.186692     1.655213
 25.700000    11.203269     1.660225
 25.710000    11.219897     1.665194
 25.720000    11.236573     1.670118
 25.730000    11.253299     1.674994
 25.740000    11.270073     1.679819
 25.750000    11.286895     1.684591
 25.760000    11.303765     1.689306
 25.770000    11.320681     1.693963
 25.780000    11.337644     1.698559
 25.790000    11.354652     1.703090
 25.800000    11.371705     1.707555
 25.810000    11.388803     1.711950
 25.820000    11.405944     1.716273
 25.830000    11.423128     1.720521
 25.840000    11.440354     1.724691
 25.850000    11.457622     1.728781
 25.860000    11.474929     1.732788
 25.870000    11.492277     1.736710
 25.880000    11.509663     1.740543
 25.890000    11.527088     1.744285
 25.900000    11.544549     1.747934
 25.910000    11.562046     1.751486
 25.920000    11.579578     1.754940
 25.930000    11.597144     1.758292
 25.940000    11.614744     1.761540
 25.950000    11.632375     1.764682
 25.960000    11.650037     1.767714
 25.970000    11.667729     1.770635
 25.980000    11.685449     1.773442
 25.990000    11.703197     1.776133
 26.000000    11.720971     1.778705
 26.010000    11.738771     1.781155
 26.020000    11.756594     1.783482
 26.030000    11.774440     1.785683
 26.040000    11.792307     1.787756
 26.050000    11.810195     1.789698
 26.060000    11.828101     1.791508
 26.070000    11.846024     1.793184
 26.080000    11.863964     1.794722
 26.090000    11.881918     1.796122
 26.100000    11.899886     1.797381
 26.110000    11.917866     1.798498
 26.120000    11.935856     1.799469
 26.130000    11.953855     1.800295
 26.140000    11.971861     1.800972
 26.150000    11.989873     1.801499
 26.160000    12.007890     1.801875
 26.170000    12.025910     1.802097
 26.180000    12.043932     1.802165
 26.190000    12.061953     1.802077
 26.200000    12.079973     1.801831
 26.210000    12.097989     1.801426
 26.220000    12.116001     1.800861
 26.230000    12.134006     1.800134
 26.240000    12.152003     1.799245
 26.250000    12.169990     1.798193
 26.260000    12.187966     1.796975
 26.270000    12.205929     1.795593
 26.280000    12.223878     1.794043
 26.290000    12.241810     1.792327
 26.300000    12.259724     1.790443
 26.310000    12.277618     1.788390
 26.320000    12.295491     1.786168
 26.330000    12.313341     1.783777
 26.340000    12.331166     1.781215
 26.350000    12.348964     1.778484
 26.360000    12.366735     1.775581
 26.370000    12.384475     1.772508
 26.380000    12.402185     1.769264
 26.390000    12.419860     1.765849
 26.400000    12.437501     1.762263
 26.410000    12.455105     1.758506
 26.420000    12.472670     1.754579
 26.430000    12.490196     1.750481
 26.440000    12.507680     1.746214
 26.450000    12.525120     1.741776
 26.460000    12.542514     1.737170
 26.470000    12.559862     1.732394
 26.480000    12.577162     1.727451
 26.490000    12.594411     1.722340
 26.500000    12.611608     1.717063
 26.510000    12.628752     1.711620
 26.520000    12.645840     1.706012
 26.530000    12.662871     1.700240
 26.540000    12.679844     1.694305
 26.550000    12.696757     1.688208
 26.560000    12.713608     1.681951
 26.570000    12.730395     1.675533
 26.580000    12.747118     1.668958
 26.590000    12.763774     1.662225
 26.600000    12.780362     1.655337
 26.610000    12.796880     1.648294
 26.620000    12.813327     1.641099
 26.630000    12.829702     1.633752
 26.640000    12.846002     1.626256
 26.650000    12.862226     1.618612
 26.660000    12.878374     1.610821
 26.670000    12.894442     1.602885
 26.680000    12.910431     1.594806
 26.690000    12.926338     1.586586
 26.700000    12.942162     1.578226
 26.710000    12.957902     1.569729
 26.720000    12.973556     1.561096
 26.730000    12.989123     1.552330
 26.740000    13.004602     1.543431
 26.750000    13.019992     1.534403
 26.760000    13.035290     1.525247
 26.770000    13.050496     1.515965
 26.780000    13.065609     1.506559
 26.790000    13.080627     1.497031
 26.800000    13.095549     1.487384
 26.810000    13.110374     1.477620
 26.820000    13.125101     1.467740
 26.830000    13.139729     1.457747
 26.840000    13.154256     1.447642
 26.850000    13.168681     1.437429
 26.860000    13.183004     1.427110
 26.870000    13.197223     1.416685
 26.880000    13.211337     1.406159
 26.890000    13.225346     1.395532
 26.900000    13.239248     1.384807
 26.910000    13.253042     1.373987
 26.920000    13.266727     1.363073
 26.930000    13.280303     1.352067
 26.940000    13.293768     1.340973
 26.950000    13.307122     1.329791
 26.960000    13.320364     1.318525
 26.970000    13.333492     1.307177
 26.980000    13.346507     1.295747
 26.990000    13.359407     1.284240
 27.000000    13.372191     1.272656
 27.010000    13.384860     1.260999
 27.020000    13.397411     1.249270
 27.030000    13.409845     1.237471
 27.040000    13.422160     1.225604
 27.050000    13.434357     1.213672
 27.060000    13.446434     1.201676
 27.070000    13.458390     1.189619
 27.080000    13.470226     1.177502
 27.090000    13.481940     1.165328
 27.100000    13.493532     1.153099
 27.110000    13.505002     1.140816
 27.120000    13.516348     1.128481
 27.130000    13.527571     1.116097
 27.140000    13.538670     1.103666
 27.150000    13.549644     1.091188
 27.160000    13.560494     1.078667
 27.170000    13.571218     1.066103
 27.180000    13.581816     1.053499
 27.190000    13.592287     1.040856
 27.200000    13.602633     1.028176
 27.210000    13.612851     1.015462
 27.220000    13.622942     1.002713
 27.230000    13.632905     0.989933
 27.240000    13.642740     0.977123
 27.250000    13.652447     0.964284
 27.260000    13.662026     0.951419
 27.270000    13.671476     0.938528
 27.280000    13.680796     0.925613
 27.290000    13.689988     0.912675
 27.300000    13.699050     0.899717
 27.310000    13.707982     0.886739
 27.320000    13.716785     0.873743
 27.330000    13.725457     0.860731
 27.340000    13.733999     0.847703
 27.350000    13.742411     0.834661
 27.360000    13.750692     0.821606
 27.370000    13.758843     0.808540
 27.380000    13.766863     0.795464
 27.390000    13.774752     0.782378
 27.400000    13.782511     0.769285
 27.410000    13.790138     0.756185
 27.420000    13.797634     0.743080
 27.430000    13.804999     0.729970
 27.440000    13.812234     0.716857
 27.450000    13.819337     0.703741
 27.460000    13.826308     0.690624
 27.470000    13.833149     0.677507
 27.480000    13.839859     0.664391
 27.490000    13.846437     0.651276
 27.500000    13.852884     0.638164
 27.510000    13.859200     0.625055
 27.520000    13.865385     0.611951
 27.530000    13.871439     0.598852
 27.540000    13.877362     0.585758
 27.550000    13.883154     0.572672
 27.560000    13.888816     0.559593
 27.570000    13.894346     0.546523
 27.580000    13.899746     0.533461
 27.590000    13.905016     0.520410
 27.600000    13.910154     0.507368
 27.610000    13.915163     0.494338
 27.620000    13.920041     0.481320
 27.630000    13.924789     0.468314
 27.640000    13.929408     0.455322
 27.650000    13.933896     0.442343
 27.660000    13.938255     0.429378
 27.670000    13.942484     0.416428
 27.680000    13.946583     0.403493
 27.690000    13.950553     0.390574
 27.700000    13.954395     0.377672
 27.710000    13.958107     0.364786
 27.720000    13.961690     0.351918
 27.730000    13.965145     0.339068
 27.740000    13.968472     0.326235
 27.750000    13.971670     0.313422
 27.760000    13.974740     0.300627
 27.770000    13.977683     0.287852
 27.780000    13.980497     0.275097
 27.790000    13.983185     0.262362
 27.800000    13.985745     0.249648
 27.810000    13.988178     0.236955
 27.820000    13.990484     0.224284
 27.830000    13.992664     0.211634
 27.840000    13.994717     0.199006
 27.850000    13.996644     0.186400
 27.860000    13.998445     0.173817
 27.870000    14.000120     0.161257
 27.880000    14.001670     0.148720
 27.890000    14.003095     0.136207
 27.900000    14.004394     0.123718
 27.910000    14.005569     0.111252
 27.920000    14.006619     0.098811
 27.930000    14.007545     0.086395
 27.940000    14.008347     0.074004
 27.950000    14.009026     0.061638
 27.960000    14.009580     0.049297
 27.970000    14.010012     0.036982
 27.980000    14.010320     0.024693
 27.990000    14.010505     0.012430
 28.000000    14.010569     0.000193
 28.010000    14.010509    -0.012017
 28.020000    14.010328    -0.024200
 28.030000    14.010026    -0.036356
 28.040000    14.009601    -0.048485
 28.050000    14.009056    -0.060586
 28.060000    14.008390    -0.072659
 28.070000    14.007603    -0.084705
 28.080000    14.006696    -0.096722
 28.090000    14.005668    -0.108710
 28.100000    14.004522    -0.120670
 28.110000    14.003255    -0.132601
 28.120000    14.001870    -0.144502
 28.130000    14.000365    -0.156374
 28.140000    13.998742    -0.168216
 28.150000    13.997001    -0.180029
 28.160000    13.995142    -0.191811
 28.170000    13.993165    -0.203562
 28.180000    13.991071    -0.215283
 28.190000    13.988859    -0.226972
 28.200000    13.986531    -0.238630
 28.210000    13.984087    -0.250257
 28.220000    13.981526    -0.261851
 28.230000    13.978850    -0.273413
 28.240000    13.976058    -0.284943
 28.250000    13.973151    -0.296440
 28.260000    13.970129    -0.307903
 28.270000    13.966993    -0.319333
 28.280000    13.963743    -0.330729
 28.290000    13.960379    -0.342091
 28.300000    13.956901    -0.353418
 28.310000    13.953311    -0.364710
 28.320000    13.949607    -0.375966
 28.330000    13.945791    -0.387187
 28.340000    13.941864    -0.398372
 28.350000    13.937824    -0.409520
 28.360000    13.933673    -0.420631
 28.370000    13.929412    -0.431705
 28.380000    13.925039    -0.442740
 28.390000    13.920557    -0.453738
 28.400000    13.915965    -0.464696
 28.410000    13.911263    -0.475615
 28.420000    13.906452    -0.486494
 28.430000    13.901533    -0.497333
 28.440000    13.896506    -0.508131
 28.450000    13.891371    -0.518888
 28.460000    13.886128    -0.529602
 28.470000    13.880779    -0.540275
 28.480000    13.875323    -0.550903
 28.490000    13.869761    -0.561489
 28.500000    13.864093    -0.572030
 28.510000    13.858321    -0.582525
 28.520000    13.852443    -0.592976
 28.530000    13.846461    -0.603380
 28.540000    13.840376    -0.613737
 28.550000    13.834187    -0.624047
 28.560000    13.827895    -0.634308
 28.570000    13.821501    -0.644520
 28.580000    13.815005    -0.654683
 28.590000    13.808407    -0.664795
 28.600000    13.801709    -0.674856
 28.610000    13.794910    -0.684865
 28.620000    13.788012    -0.694821
 28.630000    13.781014    -0.704723
 28.640000    13.773917    -0.714571
 28.650000    13.766723    -0.724364
 28.660000    13.759430    -0.734101
 28.670000    13.752041    -0.743781
 28.680000    13.744555    -0.753402
 28.690000    13.736973    -0.762965
 28.700000    13.729296    -0.772469
 28.710000    13.721524    -0.781912
 28.720000    13.713658    -0.791293
 28.730000    13.705698    -0.800612
 28.740000    13.697646    -0.809867
 28.750000    13.689501    -0.819058
 28.760000    13.681265    -0.828184
 28.770000    13.672938    -0.837243
 28.780000    13.664520    -0.846234
 28.790000    13.656013    -0.855157
 28.800000    13.647417    -0.864011
 28.810000    13.638733    -0.872794
 28.820000    13.629962    -0.881505
 28.830000    13.621103    -0.890143
 28.840000    13.612159    -0.898707
 28.850000    13.603129    -0.907197
 28.860000    13.594015    -0.915610
 28.870000    13.584817    -0.923946
 28.880000    13.575537    -0.932203
 28.890000    13.566174    -0.940381
 28.900000    13.556729    -0.948478
 28.910000    13.547204    -0.956493
 28.920000    13.537600    -0.964425
 28.930000    13.527916    -0.972272
 28.940000    13.518155    -0.980034
 28.950000    13.508316    -0.987709
 28.960000    13.498401    -0.995297
 28.970000    13.488410    -1.002795
 28.980000    13.478345    -1.010202
 28.990000    13.468206    -1.017518
 29.000000    13.457995    -1.024742
 29.010000    13.447712    -1.031870
 29.020000    13.437358    -1.038904
 29.030000    13.426934    -1.045841
 29.040000    13.416441    -1.052680
 29.050000    13.405881    -1.059420
 29.060000    13.395253    -1.066059
 29.070000    13.384560    -1.072597
 29.080000    13.373802    -1.079032
 29.090000    13.362980    -1.085362
 29.100000    13.352095    -1.091588
 29.110000    13.341148    -1.097706
 29.120000    13.330141    -1.103717
 29.130000    13.319074    -1.109618
 29.140000    13.307949    -1.115410
 29.150000    13.296767    -1.121089
 29.160000    13.285528    -1.126656
 29.170000    13.274234    -1.132108
 29.180000    13.262886    -1.137446
 29.190000    13.251485    -1.142666
 29.200000    13.240033    -1.147770
 29.210000    13.228530    -1.152754
 29.220000    13.216978    -1.157618
 29.230000    13.205378    -1.162362
 29.240000    13.193732    -1.166983
 29.250000    13.182039    -1.171480
 29.260000    13.170302    -1.175853
 29.270000    13.158522    -1.180100
 29.280000    13.146701    -1.184221
 29.290000    13.134838    -1.188214
 29.300000    13.122937    -1.192078
 29.310000    13.110997    -1.195812
 29.320000    13.099021    -1.199415
 29.330000    13.087009    -1.202886
 29.340000    13.074964    -1.206225
 29.350000    13.062885    -1.209430
 29.360000    13.050776    -1.212500
 29.370000    13.038636    -1.215434
 29.380000    13.026467    -1.218232
 29.390000    13.014272    -1.220893
 29.400000    13.002050    -1.223415
 29.410000    12.989804    -1.225799
 29.420000    12.977535    -1.228042
 29.430000    12.965243    -1.230146
 29.440000    12.952932    -1.232108
 29.450000    12.940602    -1.233928
 29.460000    12.928254    -1.235605
 29.470000    12.915890    -1.237140
 29.480000    12.903512    -1.238530
 29.490000    12.891120    -1.239776
 29.500000    12.878717    -1.240877
 29.510000    12.866303    -1.241833
 29.520000    12.853880    -1.242642
 29.530000    12.841451    -1.243306
 29.540000    12.829015    -1.243822
 29.550000    12.816575    -1.244192
 29.560000    12.804132    -1.244413
 29.570000    12.791687    -1.244487
 29.580000    12.779242    -1.244413
 29.590000    12.766799    -1.244191
 29.600000    12.754359    -1.243819
 29.610000    12.741923    -1.243299
 29.620000    12.729493    -1.242630
 29.630000    12.717071    -1.241812
 29.640000    12.704658    -1.240845
 29.650000    12.692255    -1.239729
 29.660000    12.679864    -1.238464
 29.670000    12.667486    -1.237049
 29.680000    12.655123    -1.235486
 29.690000    12.642777    -1.233773
 29.700000    12.630448    -1.231912
 29.710000    12.618139    -1.229902
 29.720000    12.605851    -1.227744
 29.730000    12.593585    -1.225437
 29.740000    12.581342    -1.222983
 29.750000    12.569125    -1.220380
 29.760000    12.556935    -1.217631
 29.770000    12.544773    -1.214735
 29.780000    12.532641    -1.211692
 29.790000    12.520540    -1.208503
 29.800000    12.508471    -1.205169
 29.810000    12.496437    -1.201689
 29.820000    12.484438    -1.198065
 29.830000    12.472476    -1.194298
 29.840000    12.460553    -1.190386
 29.850000    12.448669    -1.186332
 29.860000    12.436826    -1.182136
 29.870000    12.425027    -1.177799
 29.880000    12.413271    -1.173321
 29.890000    12.401561    -1.168704
 29.900000    12.389897    -1.163947
 29.910000    12.378282    -1.159052
 29.920000    12.366717    -1.154019
 29.930000    12.355202    -1.148850
 29.940000    12.343740    -1.143545
 29.950000    12.332332    -1.138106
 29.960000    12.320979    -1.132533
 29.970000    12.309682    -1.126827
 29.980000    12.298442    -1.120989
 29.990000    12.287262    -1.115020
 30.000000    12.276143    -1.108921
 30.010000    12.265084    -1.102693
 30.020000    12.254089    -1.096338
 30.030000    12.243158    -1.089856
 30.040000    12.232292    -1.083249
 30.050000    12.221493    -1.076517
 30.060000    12.210762    -1.069662
 30.070000    12.200101    -1.062685
 30.080000    12.189509    -1.055587
 30.090000    12.178989    -1.048370
 30.100000    12.168542    -1.041034
 30.110000    12.158169    -1.033580
 30.120000    12.147871    -1.026011
 30.130000    12.137649    -1.018326
 30.140000    12.127505    -1.010529
 30.150000    12.117439    -1.002619
 30.160000    12.107453    -0.994598
 30.170000    12.097547    -0.986467
 30.180000    12.087724    -0.978228
 30.190000    12.077983    -0.969882
 30.200000    12.068326    -0.961430
 30.210000    12.058755    -0.952873
 30.220000    12.049269    -0.944214
 30.230000    12.039871    -0.935452
 30.240000    12.030561    -0.926590
 30.250000    12.021339    -0.917629
 30.260000    12.012208    -0.908571
 30.270000    12.003168    -0.899415
 30.280000    11.994220    -0.890165
 30.290000    11.985365    -0.880821
 30.300000    11.976604    -0.871385
 30.310000    11.967938    -0.861857
 30.320000    11.959367    -0.852240
 30.330000    11.950894    -0.842535
 30.340000    11.942517    -0.832742
 30.350000    11.934239    -0.822864
 30.360000    11.926060    -0.812902
 30.370000    11.917981    -0.802856
 30.380000    11.910003    -0.792729
 30.390000    11.902127    -0.782522
 30.400000    11.894353    -0.772236
 30.410000    11.886682    -0.761872
 30.420000    11.879116    -0.751432
 30.430000    11.871654    -0.740917
 30.440000    11.864298    -0.730329
 30.450000    11.857048    -0.719668
 30.460000    11.849905    -0.708936
 30.470000    11.842869    -0.698134
 30.480000    11.835942    -0.687264
 30.490000    11.829124    -0.676326
 30.500000    11.822416    -0.665323
 30.510000    11.815818    -0.654255
 30.520000    11.809331    -0.643124
 30.530000    11.802956    -0.631930
 30.540000    11.796693    -0.620676
 30.550000    11.790542    -0.609362
 30.560000    11.784506    -0.597990
 30.570000    11.778583    -0.586561
 30.580000    11.772774    -0.575075
 30.590000    11.767081    -0.563535
 30.600000    11.761504    -0.551941
 30.610000    11.756043    -0.540295
 30.620000    11.750698    -0.528598
 30.630000    11.745471    -0.516851
 30.640000    11.740361    -0.505054
 30.650000    11.735370    -0.493211
 30.660000    11.730497    -0.481320
 30.670000    11.725744    -0.469384
 30.680000    11.721110    -0.457404
 30.690000    11.716596    -0.445381
 30.700000    11.712202    -0.433316
 30.710000    11.707930    -0.421209
 30.720000    11.703778    -0.409063
 30.730000    11.699748    -0.396878
 30.740000    11.695841    -0.384656
 30.750000    11.692056    -0.372396
 30.760000    11.688393    -0.360102
 30.770000    11.684854    -0.347772
 30.780000    11.681438    -0.335410
 30.790000    11.678146    -0.323014
 30.800000    11.674977    -0.310588
 30.810000    11.671934    -0.298131
 30.820000    11.669015    -0.285645
 30.830000    11.666221    -0.273130
 30.840000    11.663552    -0.260588
 30.850000    11.661009    -0.248020
 30.860000    11.658592    -0.235426
 30.870000    11.656301    -0.222809
 30.880000    11.654136    -0.210168
 30.890000    11.652098    -0.197504
 30.900000    11.650186    -0.184819
 30.910000    11.648401    -0.172114
 30.920000    11.646744    -0.159389
 30.930000    11.645214    -0.146646
 30.940000    11.643811    -0.133886
 30.950000    11.642536    -0.121109
 30.960000    11.641389    -0.108316
 30.970000    11.640370    -0.095509
 30.980000    11.639479    -0.082688
 30.990000    11.638716    -0.069854
 31.000000    11.638082    -0.057008
 31.010000    11.637576    -0.044152
 31.020000    11.637199    -0.031286
 31.030000    11.636950    -0.018411
 31.040000    11.636830    -0.005528
 31.050000    11.636840     0.007363
 31.060000    11.636978     0.020259
 31.070000    11.637245     0.033160
 31.080000    11.637641     0.046066
 31.090000    11.638166     0.058975
 31.100000    11.638820     0.071886
 31.110000    11.639604     0.084798
 31.120000    11.640516     0.097711
 31.130000    11.641558     0.110624
 31.140000    11.642729     0.123534
 31.150000    11.644029     0.136443
 31.160000    11.645458     0.149347
 31.170000    11.647016     0.162248
 31.180000    11.648703     0.175143
 31.190000    11.650519     0.188031
 31.200000    11.652463     0.200912
 31.210000    11.654537     0.213785
 31.220000    11.656739     0.226648
 31.230000    11.659070     0.239501
 31.240000    11.661529     0.252342
 31.250000    11.664116     0.265172
 31.260000    11.666832     0.277987
 31.270000    11.669676     0.290788
 31.280000    11.672648     0.303574
 31.290000    11.675748     0.316343
 31.300000    11.678975     0.329094
 31.310000    11.682329     0.341827
 31.320000    11.685811     0.354540
 31.330000    11.689420     0.367232
 31.340000    11.693156     0.379902
 31.350000    11.697018     0.392549
 31.360000    11.701007     0.405172
 31.370000    11.705121     0.417770
 31.380000    11.709362     0.430341
 31.390000    11.713728     0.442885
 31.400000    11.718220     0.455400
 31.410000    11.722836     0.467885
 31.420000    11.727577     0.480339
 31.430000    11.732443     0.492761
 31.440000    11.737432     0.505150
 31.450000    11.742546     0.517504
 31.460000    11.747782     0.529823
 31.470000    11.753142     0.542104
 31.480000    11.758624     0.554347
 31.490000    11.764229     0.566551
 31.500000    11.769955     0.578714
 31.510000    11.775803     0.590835
 31.520000    11.781772     0.602912
 31.530000    11.787861     0.614946
 31.540000    11.794070     0.626933
 31.550000    11.800400     0.638873
 31.560000    11.806848     0.650765
 31.570000    11.813415     0.662607
 31.580000    11.820100     0.674398
 31.590000    11.826902     0.686136
 31.600000    11.833822     0.697821
 31.610000    11.840859     0.709450
 31.620000    11.848011     0.721023
 31.630000    11.855279     0.732538
 31.640000    11.862662     0.743993
 31.650000    11.870159     0.755388
 31.660000    11.877769     0.766721
 31.670000    11.885493     0.777990
 31.680000    11.893329     0.789194
 31.690000    11.901276     0.800331
 31.700000    11.909335     0.811401
 31.710000    11.917504     0.822401
 31.720000    11.925783     0.833331
 31.730000    11.934171     0.844188
 31.740000    11.942667     0.854972
 31.750000    11.951270     0.865680
 31.760000    11.959980     0.876312
 31.770000    11.968796     0.886866
 31.780000    11.977717     0.897339
 31.790000    11.986742     0.907732
 31.800000    11.995871     0.918042
 31.810000    12.005103     0.928268
 31.820000    12.014436     0.938409
 31.830000    12.023871     0.948462
 31.840000    12.033405     0.958427
 31.850000    12.043039     0.968302
 31.860000    12.052771     0.978085
 31.870000    12.062600     0.987774
 31.880000    12.072526     0.997370
 31.890000    12.082547     1.006869
 31.900000    12.092663     1.016271
 31.910000    12.102873     1.025574
 31.920000    12.113174     1.034776
 31.930000    12.123568     1.043876
 31.940000    12.134052     1.052873
 31.950000    12.144625     1.061765
 31.960000    12.155287     1.070550
 31.970000    12.166036     1.079228
 31.980000    12.176871     1.087797
 31.990000    12.187791     1.096255
 32.000000    12.198795     1.104601
 32.010000    12.209883     1.112834
 32.020000    12.221052     1.120952
 32.030000    12.232301     1.128954
 32.040000    12.243630     1.136838
 32.050000    12.255038     1.144604
 32.060000    12.266522     1.152249
 32.070000    12.278082     1.159773
 32.080000    12.289717     1.167175
 32.090000    12.301425     1.174452
 32.100000    12.313206     1.181605
 32.110000    12.325057     1.188631
 32.120000    12.336978     1.195529
 32.130000    12.348967     1.202299
 32.140000    12.361024     1.208939
 32.150000    12.373146     1.215448
 32.160000    12.385332     1.221825
 32.170000    12.397582     1.228068
 32.180000    12.409893     1.234178
 32.190000    12.422265     1.240152
 32.200000    12.434696     1.245990
 32.210000    12.447184     1.251691
 32.220000    12.459729     1.257254
 32.230000    12.472329     1.262679
 32.240000    12.484982     1.267963
 32.250000    12.497687     1.273107
 32.260000    12.510444     1.278109
 32.270000    12.523249     1.282969
 32.280000    12.536103     1.287686
 32.290000    12.549002     1.292260
 32.300000    12.561947     1.296689
 32.310000    12.574936     1.300974
 32.320000    12.587966     1.305113
 32.330000    12.601038     1.309107
 32.340000    12.614148     1.312953
 32.350000    12.627296     1.316653
 32.360000    12.640481     1.320206
 32.370000    12.653700     1.323610
 32.380000    12.666952     1.326867
 32.390000    12.680237     1.329975
 32.400000    12.693551     1.332935
 32.410000    12.706895     1.335745
 32.420000    12.720266     1.338407
 32.430000    12.733662     1.340919
 32.440000    12.747084     1.343282
 32.450000    12.760528     1.345495
 32.460000    12.773993     1.347559
 32.470000    12.787478     1.349474
 32.480000    12.800982     1.351239
 32.490000    12.814502     1.352855
 32.500000    12.828039     1.354321
 32.510000    12.841588     1.355639
 32.520000    12.855151     1.356808
 32.530000    12.868724     1.357828
 32.540000    12.882307     1.358701
 32.550000    12.895898     1.359425
 32.560000    12.909495     1.360002
 32.570000    12.923097     1.360432
 32.580000    12.936703     1.360715
 32.590000    12.950311     1.360852
 32.600000    12.963920     1.360843
 32.610000    12.977527     1.360689
 32.620000    12.991133     1.360391
 32.630000    13.004735     1.359949
 32.640000    13.018331     1.359364
 32.650000    13.031922     1.358637
 32.660000    13.045504     1.357768
 32.670000    13.059076     1.356758
 32.680000    13.072638     1.355608
 32.690000    13.086188     1.354319
 32.700000    13.099724     1.352892
 32.710000    13.113245     1.351327
 32.720000    13.126750     1.349626
 32.730000    13.140238     1.347789
 32.740000    13.153706     1.345818
 32.750000    13.167153     1.343714
 32.760000    13.180580     1.341477
 32.770000    13.193983     1.339108
 32.780000    13.207361     1.336610
 32.790000    13.220714     1.333983
 32.800000    13.234040     1.331227
 32.810000    13.247338     1.328345
 32.820000    13.260607     1.325338
 32.830000    13.273845     1.322206
 32.840000    13.287051     1.318951
 32.850000    13.300223     1.315575
 32.860000    13.313362     1.312078
 32.870000    13.326465     1.308462
 32.880000    13.339531     1.304728
 32.890000    13.352559     1.300878
 32.900000    13.365548     1.296913
 32.910000    13.378497     1.292834
 32.920000    13.391404     1.288642
 32.930000    13.404269     1.284340
 32.940000    13.417091     1.279927
 32.950000    13.429867     1.275407
 32.960000    13.442598     1.270780
 32.970000    13.455283     1.266048
 32.980000    13.467919     1.261212
 32.990000    13.480506     1.256273
 33.000000    13.493044     1.251233
 33.010000    13.505531     1.246094
 33.020000    13.517966     1.240857
 33.030000    13.530348     1.235523
 33.040000    13.542676     1.230094
 33.050000    13.554949     1.224571
 33.060000    13.567167     1.218956
 33.070000    13.579328     1.213250
 33.080000    13.591432     1.207455
 33.090000    13.603477     1.201572
 33.100000    13.615463     1.195602
 33.110000    13.627389     1.189548
 33.120000    13.639253     1.183410
 33.130000    13.651056     1.177189
 33.140000    13.662797     1.170889
 33.150000    13.674474     1.164508
 33.160000    13.686087     1.158050
 33.170000    13.697635     1.151516
 33.180000    13.709117     1.144906
 33.190000    13.720533     1.138223
 33.200000    13.731881     1.131467
 33.210000    13.743162     1.124641
 33.220000    13.754374     1.117745
 33.230000    13.765516     1.110781
 33.240000    13.776589     1.103749
 33.250000    13.787591     1.096653
 33.260000    13.798522     1.089492
 33.270000    13.809381     1.082267
 33.280000    13.820167     1.074982
 33.290000    13.830880     1.067635
 33.300000    13.841520     1.060229
 33.310000    13.852085     1.052766
 33.320000    13.862575     1.045245
 33.330000    13.872989     1.037669
 33.340000    13.883328     1.030039
 33.350000    13.893590     1.022355
 33.360000    13.903775     1.014619
 33.370000    13.913882     1.006832
 33.380000    13.923911     0.998995
 33.390000    13.933862     0.991109
 33.400000    13.943733     0.983175
 33.410000    13.953525     0.975195
 33.420000    13.963237     0.967168
 33.430000    13.972868     0.959097
 33.440000    13.982419     0.950983
 33.450000    13.991888     0.942825
 33.460000    14.001275     0.934626
 33.470000    14.010580     0.926386
 33.480000    14.019803     0.918106
 33.490000    14.028942     0.909786
 33.500000    14.037998     0.901429
 33.510000    14.046971     0.893034
 33.520000    14.055859     0.884602
 33.530000    14.064663     0.876135
 33.540000    14.073382     0.867633
 33.550000    14.082015     0.859096
 33.560000    14.090563     0.850526
 33.570000    14.099026     0.841924
 33.580000    14.107402     0.833289
 33.590000    14.115691     0.824623
 33.600000    14.123894     0.815926
 33.610000    14.132010     0.807199
 33.620000    14.140038     0.798443
 33.630000    14.147978     0.789657
 33.640000    14.155831     0.780844
 33.650000    14.163595     0.772003
 33.660000    14.171271     0.763134
 33.670000    14.178858     0.754239
 33.680000    14.186356     0.745318
 33.690000    14.193764     0.736371
 33.700000    14.201083     0.727399
 33.710000    14.208312     0.718402
 33.720000    14.215451     0.709381
 33.730000    14.222500     0.700336
 33.740000    14.229458     0.691267
 33.750000    14.236325     0.682176
 33.760000    14.243101     0.673061
 33.770000    14.249786     0.663924
 33.780000    14.256379     0.654765
 33.790000    14.262881     0.645584
 33.800000    14.269291     0.636381
 33.810000    14.275609     0.627157
 33.820000    14.281834     0.617912
 33.830000    14.287967     0.608646
 33.840000    14.294007     0.599359
 33.850000    14.299954     0.590052
 33.860000    14.305808     0.580725
 33.870000    14.311568     0.571378
 33.880000    14.317235     0.562011
 33.890000    14.322809     0.552623
 33.900000    14.328288     0.543217
 33.910000    14.333673     0.533790
 33.920000    14.338964     0.524344
 33.930000    14.344160     0.514879
 33.940000    14.349261     0.505394
 33.950000    14.354268     0.495891
 33.960000    14.359179     0.486367
 33.970000    14.363995     0.476825
 33.980000    14.368715     0.467263
 33.990000    14.373340     0.457682
 34.000000    14.377869     0.448082
 34.010000    14.382302     0.438462
 34.020000    14.386638     0.428823
 34.030000    14.390878     0.419165
 34.040000    14.395021     0.409487
 34.050000    14.399068     0.399789
 34.060000    14.403017     0.390072
 34.070000    14.406869     0.380336
 34.080000    14.410624     0.370579
 34.090000    14.414281     0.360802
 34.100000    14.417840     0.351005
 34.110000    14.421301     0.341188
 34.120000    14.424663     0.331351
 34.130000    14.427928     0.321493
 34.140000    14.431093     0.311614
 34.150000    14.434160     0.301715
 34.160000    14.437127     0.291794
 34.170000    14.439996     0.281852
 34.180000    14.442764     0.271888
 34.190000    14.445433     0.261903
 34.200000    14.448002     0.251896
 34.210000    14.450471     0.241867
 34.220000    14.452840     0.231815
 34.230000    14.455107     0.221741
 34.240000    14.457274     0.211643
 34.250000    14.459340     0.201523
 34.260000    14.461305     0.191379
 34.270000    14.463168     0.181212
 34.280000    14.464929     0.171021
 34.290000    14.466588     0.160806
 34.300000    14.468145     0.150566
 34.310000    14.469599     0.140301
 34.320000    14.470951     0.130012
 34.330000    14.472199     0.119697
 34.340000    14.473345     0.109357
 34.350000    14.474386     0.098990
 34.360000    14.475324     0.088598
 34.370000    14.476158     0.078179
 34.380000    14.476888     0.067733
 34.390000    14.477513     0.057260
 34.400000    14.478033     0.046760
 34.410000    14.478448     0.036232
 34.420000    14.478757     0.025676
 34.430000    14.478961     0.015091
 34.440000    14.479059     0.004478
 34.450000    14.479051    -0.006163
 34.460000    14.478936    -0.016835
 34.470000    14.478714    -0.027536
 34.480000    14.478385    -0.038266
 34.490000    14.477949    -0.049027
 34.500000    14.477404    -0.059819
 34.510000    14.476752    -0.070641
 34.520000    14.475991    -0.081495
 34.530000    14.475122    -0.092379
 34.540000    14.474144    -0.103296
 34.550000    14.473056    -0.114245
 34.560000    14.471859    -0.125226
 34.570000    14.470551    -0.136239
 34.580000    14.469134    -0.147286
 34.590000    14.467606    -0.158366
 34.600000    14.465966    -0.169479
 34.610000    14.464216    -0.180626
 34.620000    14.462354    -0.191807
 34.630000    14.460380    -0.203022
 34.640000    14.458293    -0.214272
 34.650000    14.456094    -0.225557
 34.660000    14.453782    -0.236877
 34.670000    14.451357    -0.248232
 34.680000    14.448817    -0.259622
 34.690000    14.446164    -0.271048
 34.700000    14.443396    -0.282511
 34.710000    14.440514    -0.294009
 34.720000    14.437516    -0.305544
 34.730000    14.434403    -0.317115
 34.740000    14.431173    -0.328723
 34.750000    14.427828    -0.340368
 34.760000    14.424366    -0.352049
 34.770000    14.420787    -0.363768
 34.780000    14.417090    -0.375525
 34.790000    14.413276    -0.387318
 34.800000    14.409344    -0.399150
 34.810000    14.405293    -0.411019
 34.820000    14.401124    -0.422925
 34.830000    14.396835    -0.434869
 34.840000    14.392426    -0.446852
 34.850000    14.387897    -0.458871
 34.860000    14.383248    -0.470929
 34.870000    14.378479    -0.483025
 34.880000    14.373588    -0.495159
 34.890000    14.368575    -0.507330
 34.900000    14.363441    -0.519539
 34.910000    14.358184    -0.531786
 34.920000    14.352805    -0.544070
 34.930000    14.347303    -0.556392
 34.940000    14.341677    -0.568751
 34.950000    14.335928    -0.581148
 34.960000    14.330054    -0.593581
 34.970000    14.324056    -0.606052
 34.980000    14.317933    -0.618559
 34.990000    14.311685    -0.631102
 35.000000    14.305311    -0.643682
 35.010000    14.298811    -0.656297
 35.020000    14.292185    -0.668949
 35.030000    14.285432    -0.681635
 35.040000    14.278552    -0.694356
 35.050000    14.271545    -0.707112
 35.060000    14.264410    -0.719901
 35.070000    14.257147    -0.732725
 35.080000    14.249755    -0.745581
 35.090000    14.242235    -0.758470
 35.100000    14.234586    -0.771392
 35.110000    14.226807    -0.784344
 35.120000    14.218899    -0.797328
 35.130000    14.210860    -0.810342
 35.140000    14.202692    -0.823386
 35.150000    14.194392    -0.836459
 35.160000    14.185962    -0.849560
 35.170000    14.177401    -0.862689
 35.180000    14.168708    -0.875845
 35.190000    14.159884    -0.889026
 35.200000    14.150928    -0.902233
 35.210000    14.141839    -0.915463
 35.220000    14.132618    -0.928717
 35.230000    14.123265    -0.941994
 35.240000    14.113779    -0.955291
 35.250000    14.104159    -0.968609
 35.260000    14.094406    -0.981946
 35.270000    14.084520    -0.995301
 35.280000    14.074500    -1.008673
 35.290000    14.064347    -1.022061
 35.300000    14.054059    -1.035463
 35.310000    14.043637    -1.048878
 35.320000    14.033081    -1.062305
 35.330000    14.022391    -1.075742
 35.340000    14.011566    -1.089189
 35.350000    14.000607    -1.102643
 35.360000    13.989514    -1.116103
 35.370000    13.978285    -1.129568
 35.380000    13.966922    -1.143036
 35.390000    13.955425    -1.156505
 35.400000    13.943792    -1.169974
 35.410000    13.932025    -1.183441
 35.420000    13.920123    -1.196904
 35.430000    13.908087    -1.210361
 35.440000    13.895916    -1.223811
 35.450000    13.883611    -1.237252
 35.460000    13.871171    -1.250682
 35.470000    13.858597    -1.264098
 35.480000    13.845889    -1.277499
 35.490000    13.833047    -1.290883
 35.500000    13.820072    -1.304247
 35.510000    13.806962    -1.317590
 35.520000    13.793720    -1.330909
 35.530000    13.780344    -1.344203
 35.540000    13.766836    -1.357468
 35.550000    13.753195    -1.370702
 35.560000    13.739422    -1.383903
 35.570000    13.725517    -1.397069
 35.580000    13.711481    -1.410198
 35.590000    13.697313    -1.423286
 35.600000    13.683015    -1.436331
 35.610000    13.668587    -1.449331
 35.620000    13.654029    -1.462283
 35.630000    13.639341    -1.475185
 35.640000    13.624525    -1.488033
 35.650000    13.609581    -1.500826
 35.660000    13.594509    -1.513560
 35.670000    13.579310    -1.526232
 35.680000    13.563984    -1.538841
 35.690000    13.548533    -1.551382
 35.700000    13.532957    -1.563854
 35.710000    13.517256    -1.576253
 35.720000    13.501432    -1.588577
 35.730000    13.485485    -1.600822
 35.740000    13.469416    -1.612986
 35.750000    13.453226    -1.625065
 35.760000    13.436915    -1.637058
 35.770000    13.420485    -1.648960
 35.780000    13.403936    -1.660769
 35.790000    13.387270    -1.672482
 35.800000    13.370487    -1.684095
 35.810000    13.353588    -1.695607
 35.820000    13.336575    -1.707013
 35.830000    13.319448    -1.718311
 35.840000    13.302209    -1.729498
 35.850000    13.284859    -1.740571
 35.860000    13.267398    -1.751527
 35.870000    13.249829    -1.762363
 35.880000    13.232151    -1.773075
 35.890000    13.214368    -1.783662
 35.900000    13.196479    -1.794119
 35.910000    13.178486    -1.804445
 35.920000    13.160390    -1.814636
 35.930000    13.142193    -1.824689
 35.940000    13.123897    -1.834602
 35.950000    13.105502    -1.844371
 35.960000    13.087010    -1.853995
 35.970000    13.068422    -1.863470
 35.980000    13.049741    -1.872793
 35.990000    13.030967    -1.881962
 36.000000    13.012102    -1.890975
 36.010000    12.993148    -1.899829
 36.020000    12.974106    -1.908520
 36.030000    12.954978    -1.917048
 36.040000    12.935766    -1.925410
 36.050000    12.916471    -1.933602
 36.060000    12.897094    -1.941624
 36.070000    12.877639    -1.949472
 36.080000    12.858105    -1.957145
 36.090000    12.838496    -1.964640
 36.100000    12.818813    -1.971957
 36.110000    12.799058    -1.979092
 36.120000    12.779232    -1.986044
 36.130000    12.759338    -1.992812
 36.140000    12.739376    -1.999393
 36.150000    12.719350    -2.005786
 36.160000    12.699261    -2.011990
 36.170000    12.679111    -2.018003
 36.180000    12.658902    -2.023824
 36.190000    12.638635    -2.029452
 36.200000    12.618314    -2.034886
 36.210000    12.597938    -2.040125
 36.220000    12.577512    -2.045168
 36.230000    12.557036    -2.050014
 36.240000    12.536512    -2.054662
 36.250000    12.515943    -2.059113
 36.260000    12.495330    -2.063365
 36.270000    12.474676    -2.067418
 36.280000    12.453983    -2.071272
 36.290000    12.433252    -2.074927
 36.300000    12.412485    -2.078383
 36.310000    12.391685    -2.081639
 36.320000    12.370853    -2.084697
 36.330000    12.349991    -2.087556
 36.340000    12.329102    -2.090217
 36.350000    12.308188    -2.092681
 36.360000    12.287249    -2.094947
 36.370000    12.266289    -2.097018
 36.380000    12.245310    -2.098893
 36.390000    12.224312    -2.100574
 36.400000    12.203299    -2.102062
 36.410000    12.182272    -2.103357
 36.420000    12.161232    -2.104463
 36.430000    12.140183    -2.105378
 36.440000    12.119125    -2.106106
 36.450000    12.098061    -2.106649
 36.460000    12.076993    -2.107006
 36.470000    12.055922    -2.107181
 36.480000    12.034850    -2.107176
 36.490000    12.013779    -2.106992
 36.500000    11.992711    -2.106632
 36.510000    11.971647    -2.106097
 36.520000    11.950589    -2.105391
 36.530000    11.929540    -2.104515
 36.540000    11.908500    -2.103472
 36.550000    11.887471    -2.102264
 36.560000    11.866455    -2.100895
 36.570000    11.845453    -2.099367
 36.580000    11.824468    -2.097683
 36.590000    11.803500    -2.095845
 36.600000    11.782552    -2.093857
 36.610000    11.761624    -2.091721
 36.620000    11.740718    -2.089441
 36.630000    11.719835    -2.087021
 36.640000    11.698978    -2.084462
 36.650000    11.678146    -2.081769
 36.660000    11.657343    -2.078944
 36.670000    11.636568    -2.075991
 36.680000    11.615823    -2.072914
 36.690000    11.595110    -2.069717
 36.700000    11.574429    -2.066401
 36.710000    11.553783    -2.062972
 36.720000    11.533170    -2.059432
 36.730000    11.512594    -2.055786
 36.740000    11.492055    -2.052036
 36.750000    11.471554    -2.048188
 36.760000    11.451092    -2.044244
 36.770000    11.430669    -2.040207
 36.780000    11.410288    -2.036083
 36.790000    11.389948    -2.031874
 36.800000    11.369651    -2.027585
 36.810000    11.349396    -2.023219
 36.820000    11.329186    -2.018781
 36.830000    11.309021    -2.014273
 36.840000    11.288901    -2.009699
 36.850000    11.268827    -2.005064
 36.860000    11.248800    -2.000372
 36.870000    11.228820    -1.995626
 36.880000    11.208888    -1.990829
 36.890000    11.189004    -1.985987
 36.900000    11.169168    -1.981102
 36.910000    11.149382    -1.976178
 36.920000    11.129645    -1.971219
 36.930000    11.109957    -1.966230
 36.940000    11.090320    -1.961212
 36.950000    11.070733    -1.956172
 36.960000    11.051197    -1.951111
 36.970000    11.031711    -1.946033
 36.980000    11.012276    -1.940943
 36.990000    10.992892    -1.935844
 37.000000    10.973559    -1.930740
 37.010000    10.954277    -1.925633
 37.020000    10.935047    -1.920528
 37.030000    10.915867    -1.915428
 37.040000    10.896738    -1.910336
 37.050000    10.877660    -1.905257
 37.060000    10.858633    -1.900192
 37.070000    10.839656    -1.895147
 37.080000    10.820730    -1.890123
 37.090000    10.801854    -1.885125
 37.100000    10.783027    -1.880155
 37.110000    10.764250    -1.875217
 37.120000    10.745523    -1.870313
 37.130000    10.726844    -1.865448
 37.140000    10.708214    -1.860624
 37.150000    10.689631    -1.855843
 37.160000    10.671097    -1.851110
 37.170000    10.652609    -1.846427
 37.180000    10.634168    -1.841796
 37.190000    10.615773    -1.837222
 37.200000    10.597423    -1.832706
 37.210000    10.579119    -1.828251
 37.220000    10.560858    -1.823861
 37.230000    10.542641    -1.819537
 37.240000    10.524467    -1.815283
 37.250000    10.506335    -1.811101
 37.260000    10.488245    -1.806993
 37.270000    10.470195    -1.802962
 37.280000    10.452185    -1.799011
 37.290000    10.434215    -1.795142
 37.300000    10.416282    -1.791357
 37.310000    10.398387    -1.787659
 37.320000    10.380529    -1.784050
 37.330000    10.362706    -1.780532
 37.340000    10.344918    -1.777108
 37.350000    10.327163    -1.773779
 37.360000    10.309442    -1.770548
 37.370000    10.291752    -1.767417
 37.380000    10.274093    -1.764387
 37.390000    10.256464    -1.761462
 37.400000    10.238864    -1.758642
 37.410000    10.221291    -1.755930
 37.420000    10.203745    -1.753328
 37.430000    10.186224    -1.750836
 37.440000    10.168728    -1.748459
 37.450000    10.151254    -1.746196
 37.460000    10.133803    -1.744050
 37.470000    10.116373    -1.742022
 37.480000    10.098962    -1.740114
 37.490000    10.081570    -1.738328
 37.500000    10.064195    -1.736665
 37.510000    10.046837    -1.735127
 37.520000    10.029492    -1.733715
 37.530000    10.012162    -1.732431
 37.540000     9.994843    -1.731276
 37.550000     9.977536    -1.730251
 37.560000     9.960238    -1.729359
 37.570000     9.942948    -1.728599
 37.580000     9.925666    -1.727974
 37.590000     9.908388    -1.727485
 37.600000     9.891115    -1.727132
 37.610000     9.873845    -1.726918
 37.620000     9.856577    -1.726843
 37.630000     9.839308    -1.726908
 37.640000     9.822038    -1.727115
 37.650000     9.804765    -1.727464
 37.660000     9.787488    -1.727957
 37.670000     9.770206    -1.728594
 37.680000     9.752916    -1.729377
 37.690000     9.735617    -1.730306
 37.700000     9.718309    -1.731382
 37.710000     9.700989    -1.732606
 37.720000     9.683657    -1.733980
 37.730000     9.666309    -1.735503
 37.740000     9.648946    -1.737176
 37.750000     9.631565    -1.739000
 37.760000     9.614165    -1.740977
 37.770000     9.596745    -1.743106
 37.780000     9.579303    -1.745388
 37.790000     9.561837    -1.747823
 37.800000     9.544346    -1.750413
 37.810000     9.526828    -1.753157
 37.820000     9.509282    -1.756057
 37.830000     9.491707    -1.759112
 37.840000     9.474099    -1.762324
 37.850000     9.456460    -1.765691
 37.860000     9.438785    -1.769216
 37.870000     9.421075    -1.772897
 37.880000     9.403327    -1.776736
 37.890000     9.385539    -1.780732
 37.900000     9.367711    -1.784886
 37.910000     9.349841    -1.789198
 37.920000     9.331927    -1.793667
 37.930000     9.313967    -1.798295
 37.940000     9.295961    -1.803080
 37.950000     9.277905    -1.808023
 37.960000     9.259800    -1.813124
 37.970000     9.241642    -1.818383
 37.980000     9.223431    -1.823799
 37.990000     9.205166    -1.829372
 38.000000     9.186843    -1.835102
 38.010000     9.168463    -1.840989
 38.020000     9.150023    -1.847032
 38.030000     9.131522    -1.853231
 38.040000     9.112958    -1.859585
 38.050000     9.094330    -1.866094
 38.060000     9.075636    -1.872758
 38.070000     9.056874    -1.879574
 38.080000     9.038044    -1.886544
 38.090000     9.019143    -1.893666
 38.100000     9.000170    -1.900939
 38.110000     8.981123    -1.908362
 38.120000     8.962002    -1.915934
 38.130000     8.942804    -1.923655
 38.140000     8.923528    -1.931523
 38.150000     8.904173    -1.939537
 38.160000     8.884737    -1.947696
 38.170000     8.865219    -1.955998
 38.180000     8.845617    -1.964442
 38.190000     8.825930    -1.973027
 38.200000     8.806156    -1.981751
 38.210000     8.786294    -1.990612
 38.220000     8.766343    -1.999609
 38.230000     8.746301    -2.008740
 38.240000     8.726168    -2.018003
 38.250000     8.705941    -2.027396
 38.260000     8.685620    -2.036917
 38.270000     8.665202    -2.046564
 38.280000     8.644688    -2.056335
 38.290000     8.624075    -2.066227
 38.300000     8.603363    -2.076237
 38.310000     8.582550    -2.086365
 38.320000     8.561635    -2.096605
 38.330000     8.540617    -2.106957
 38.340000     8.519496    -2.117417
 38.350000     8.498269    -2.127983
 38.360000     8.476936    -2.138650
 38.370000     8.455495    -2.149417
 38.380000     8.433947    -2.160280
 38.390000     8.412290    -2.171235
 38.400000     8.390522    -2.182279
 38.410000     8.368644    -2.193409
 38.420000     8.346654    -2.204621
 38.430000     8.324551    -2.215910
 38.440000     8.302335    -2.227274
 38.450000     8.280005    -2.238709
 38.460000     8.257561    -2.250209
 38.470000     8.235001    -2.261771
 38.480000     8.212325    -2.273390
 38.490000     8.189533    -2.285063
 38.500000     8.166624    -2.296784
 38.510000     8.143597    -2.308549
 38.520000     8.120453    -2.320352
 38.530000     8.097190    -2.332190
 38.540000     8.073809    -2.344057
 38.550000     8.050309    -2.355948
 38.560000     8.026690    -2.367858
 38.570000     8.002952    -2.379781
 38.580000     7.979094    -2.391711
 38.590000     7.955117    -2.403645
 38.600000     7.931021    -2.415575
 38.610000     7.906806    -2.427495
 38.620000     7.882471    -2.439401
 38.630000     7.858018    -2.451287
 38.640000     7.833446    -2.463145
 38.650000     7.808755    -2.474971
 38.660000     7.783946    -2.486757
 38.670000     7.759020    -2.498498
 38.680000     7.733977    -2.510187
 38.690000     7.708817    -2.521818
 38.700000     7.683540    -2.533384
 38.710000     7.658149    -2.544879
 38.720000     7.632643    -2.556296
 38.730000     7.607023    -2.567629
 38.740000     7.581291    -2.578870
 38.750000     7.555446    -2.590014
 38.760000     7.529491    -2.601052
 38.770000     7.503426    -2.611980
 38.780000     7.477252    -2.622788
 38.790000     7.450970    -2.633472
 38.800000     7.424583    -2.644024
 38.810000     7.398090    -2.654436
 38.820000     7.371495    -2.664703
 38.830000     7.344797    -2.674818
 38.840000     7.317999    -2.684773
 38.850000     7.291102    -2.694562
 38.860000     7.264108    -2.704178
 38.870000     7.237019    -2.713614
 38.880000     7.209836    -2.722865
 38.890000     7.182562    -2.731923
 38.900000     7.155199    -2.740781
 38.910000     7.127747    -2.749434
 38.920000     7.100211    -2.757876
 38.930000     7.072591    -2.766099
 38.940000     7.044889    -2.774098
 38.950000     7.017109    -2.781866
 38.960000     6.989253    -2.789399
 38.970000     6.961322    -2.796690
 38.980000     6.933320    -2.803734
 38.990000     6.905248    -2.810525
 39.000000     6.877110    -2.817058
 39.010000     6.848908    -2.823328
 39.020000     6.820645    -2.829330
 39.030000     6.792322    -2.835059
 39.040000     6.763944    -2.840512
 39.050000     6.735513    -2.845682
 39.060000     6.707032    -2.850567
 39.070000     6.678503    -2.855162
 39.080000     6.649929    -2.859464
 39.090000     6.621314    -2.863470
 39.100000     6.592661    -2.867175
 39.110000     6.563972    -2.870578
 39.120000     6.535250    -2.873675
 39.130000     6.506499    -2.876463
 39.140000     6.477722    -2.878942
 39.150000     6.448922    -2.881108
 39.160000     6.420101    -2.882959
 39.170000     6.391264    -2.884496
 39.180000     6.362412    -2.885716
 39.190000     6.333550    -2.886618
 39.200000     6.304681    -2.887202
 39.210000     6.275807    -2.887467
 39.220000     6.246933    -2.887413
 39.230000     6.218060    -2.887041
 39.240000     6.189193    -2.886351
 39.250000     6.160334    -2.885344
 39.260000     6.131487    -2.884020
 39.270000     6.102655    -2.882382
 39.280000     6.073840    -2.880429
 39.290000     6.045047    -2.878165
 39.300000     6.016278    -2.875592
 39.310000     5.987536    -2.872711
 39.320000     5.958825    -2.869525
 39.330000     5.930147    -2.866037
 39.340000     5.901505    -2.862250
 39.350000     5.872903    -2.858168
 39.360000     5.844343    -2.853794
 39.370000     5.815828    -2.849131
 39.380000     5.787361    -2.844184
 39.390000     5.758945    -2.838958
 39.400000     5.730583    -2.833455
 39.410000     5.702277    -2.827681
 39.420000     5.674030    -2.821641
 39.430000     5.645845    -2.815340
 39.440000     5.617724    -2.808783
 39.450000     5.589670    -2.801975
 39.460000     5.561686    -2.794921
 39.470000     5.533773    -2.787628
 39.480000     5.505934    -2.780101
 39.490000     5.478171    -2.772347
 39.500000     5.450488    -2.764370
 39.510000     5.422885    -2.756178
 39.520000     5.395365    -2.747776
 39.530000     5.367930    -2.739171
 39.540000     5.340582    -2.730369
 39.550000     5.313323    -2.721378
 39.560000     5.286155    -2.712203
 39.570000     5.259080    -2.702851
 39.580000     5.232099    -2.693329
 39.590000     5.205214    -2.683644
 39.600000     5.178426    -2.673803
 39.610000     5.151738    -2.663812
 39.620000     5.125150    -2.653678
 39.630000     5.098665    -2.643408
 39.640000     5.072283    -2.633010
 39.650000     5.046005    -2.622490
 39.660000     5.019833    -2.611854
 39.670000     4.993768    -2.601111
 39.680000     4.967811    -2.590266
 39.690000     4.941963    -2.579326
 39.700000     4.916225    -2.568299
 39.710000     4.890598    -2.557190
 39.720000     4.865082    -2.546008
 39.730000     4.839678    -2.534757
 39.740000     4.814387    -2.523446
 39.750000     4.789209    -2.512080
 39.760000     4.764145    -2.500666
 39.770000     4.739196    -2.489211
 39.780000     4.714361    -2.477720
 39.790000     4.689642    -2.466200
 39.800000     4.665037    -2.454657
 39.810000     4.640548    -2.443097
 39.820000     4.616175    -2.431526
 39.830000     4.591918    -2.419950
 39.840000     4.567776    -2.408375
 39.850000     4.543750    -2.396807
 39.860000     4.519840    -2.385250
 39.870000     4.496045    -2.373711
 39.880000     4.472366    -2.362195
 39.890000     4.448801    -2.350707
 39.900000     4.425352    -2.339252
 39.910000     4.402016    -2.327836
 39.920000     4.378795    -2.316463
 39.930000     4.355687    -2.305138
 39.940000     4.332692    -2.293865
 39.950000     4.309809    -2.282650
 39.960000     4.287039    -2.271497
 39.970000     4.264379    -2.260411
 39.980000     4.241830    -2.249394
 39.990000     4.219391    -2.238453
 40.000000     4.197061    -2.227590
 40.010000     4.174839    -2.216810
 40.020000     4.152724    -2.206116
 40.030000     4.130716    -2.195512
 40.040000     4.108814    -2.185002
 40.050000     4.087016    -2.174589
 40.060000     4.065322    -2.164277
 40.070000     4.043730    -2.154068
 40.080000     4.022240    -2.143967
 40.090000     4.000850    -2.133975
 40.100000     3.979560    -2.124096
 40.110000     3.958368    -2.114333
 40.120000     3.937273    -2.104688
 40.130000     3.916274    -2.095165
 40.140000     3.895369    -2.085765
 40.150000     3.874558    -2.076491
 40.160000     3.853839    -2.067345
 40.170000     3.833211    -2.058331
 40.180000     3.812672    -2.049449
 40.190000     3.792221    -2.040701
 40.200000     3.771858    -2.032091
 40.210000     3.751579    -2.023620
 40.220000     3.731385    -2.015288
 40.230000     3.711273    -2.007100
 40.240000     3.691242    -1.999054
 40.250000     3.671291    -1.991155
 40.260000     3.651419    -1.983402
 40.270000     3.631623    -1.975798
 40.280000     3.611902    -1.968343
 40.290000     3.592255    -1.961038
 40.300000     3.572681    -1.953886
 40.310000     3.553177    -1.946887
 40.320000     3.533743    -1.940042
 40.330000     3.514376    -1.933352
 40.340000     3.495075    -1.926818
 40.350000     3.475839    -1.920440
 40.360000     3.456666    -1.914221
 40.370000     3.437554    -1.908159
 40.380000     3.418502    -1.902256
 40.390000     3.399508    -1.896512
 40.400000     3.380571    -1.890929
 40.410000     3.361689    -1.885506
 40.420000     3.342861    -1.880243
 40.430000     3.324084    -1.875142
 40.440000     3.305357    -1.870202
 40.450000     3.286679    -1.865423
 40.460000     3.268048    -1.860806
 40.470000     3.249463    -1.856352
 40.480000     3.230921    -1.852059
 40.490000     3.212421    -1.847928
 40.500000     3.193962    -1.843960
 40.510000     3.175541    -1.840153
 40.520000     3.157158    -1.836508
 40.530000     3.138810    -1.833025
 40.540000     3.120497    -1.829703
 40.550000     3.102216    -1.826542
 40.560000     3.083966    -1.823543
 40.570000     3.065744    -1.820704
 40.580000     3.047551    -1.818025
 40.590000     3.029383    -1.815506
 40.600000     3.011240    -1.813146
 40.610000     2.993120    -1.810946
 40.620000     2.975021    -1.808903
 40.630000     2.956941    -1.807018
 40.640000     2.938880    -1.805290
 40.650000     2.920835    -1.803719
 40.660000     2.902805    -1.802303
 40.670000     2.884788    -1.801043
 40.680000     2.866784    -1.799936
 40.690000     2.848789    -1.798983
 40.700000     2.830804    -1.798182
 40.710000     2.812825    -1.797533
 40.720000     2.794852    -1.797035
 40.730000     2.776884    -1.796686
 40.740000     2.758918    -1.796486
 40.750000     2.740954    -1.796433
 40.760000     2.722989    -1.796527
 40.770000     2.705023    -1.796766
 40.780000     2.687053    -1.797150
 40.790000     2.669079    -1.797676
 40.800000     2.651099    -1.798344
 40.810000     2.633112    -1.799152
 40.820000     2.615116    -1.800100
 40.830000     2.597109    -1.801185
 40.840000     2.579092    -1.802407
 40.850000     2.561061    -1.803763
 40.860000     2.543016    -1.805253
 40.870000     2.524955    -1.806874
 40.880000     2.506878    -1.808626
 40.890000     2.488782    -1.810506
 40.900000     2.470667    -1.812513
 40.910000     2.452532    -1.814646
 40.920000     2.434374    -1.816902
 40.930000     2.416193    -1.819279
 40.940000     2.397988    -1.821776
 40.950000     2.379757    -1.824392
 40.960000     2.361500    -1.827123
 40.970000     2.343214    -1.829968
 40.980000     2.324900    -1.832925
 40.990000     2.306556    -1.835992
 41.000000     2.288180    -1.839167
 41.010000     2.269772    -1.842448
 41.020000     2.251331    -1.845832
 41.030000     2.232855    -1.849317
 41.040000     2.214344    -1.852902
 41.050000     2.195797    -1.856583
 41.060000     2.177212    -1.860358
 41.070000     2.158589    -1.864224
 41.080000     2.139927    -1.868180
 41.090000     2.121225    -1.872223
 41.100000     2.102482    -1.876350
 41.110000     2.083698    -1.880558
 41.120000     2.064871    -1.884845
 41.130000     2.046001    -1.889208
 41.140000     2.027087    -1.893644
 41.150000     2.008128    -1.898151
 41.160000     1.989123    -1.902725
 41.170000     1.970073    -1.907364
 41.180000     1.950976    -1.912064
 41.190000     1.931832    -1.916823
 41.200000     1.912639    -1.921638
 41.210000     1.893399    -1.926505
 41.220000     1.874109    -1.931421
 41.230000     1.854770    -1.936383
 41.240000     1.835381    -1.941388
 41.250000     1.815942    -1.946432
 41.260000     1.796452    -1.951512
 41.270000     1.776912    -1.956625
 41.280000     1.757320    -1.961767
 41.290000     1.737676    -1.966935
 41.300000     1.717981    -1.972125
 41.310000     1.698234    -1.977333
 41.320000     1.678434    -1.982557
 41.330000     1.658583    -1.987791
 41.340000     1.638678    -1.993033
 41.350000     1.618722    -1.998279
 41.360000     1.598713    -2.003525
 41.370000     1.578651    -2.008768
 41.380000     1.558538    -2.014002
 41.390000     1.538371    -2.019226
 41.400000     1.518153    -2.024434
 41.410000     1.497883    -2.029622
 41.420000     1.477561    -2.034787
 41.430000     1.457187    -2.039925
 41.440000     1.436762    -2.045032
 41.450000     1.416287    -2.050104
 41.460000     1.395760    -2.055136
 41.470000     1.375184    -2.060124
 41.480000     1.354558    -2.065066
 41.490000     1.333883    -2.069955
 41.500000     1.313159    -2.074789
 41.510000     1.292387    -2.079563
 41.520000     1.271568    -2.084274
 41.530000     1.250702    -2.088916
 41.540000     1.229790    -2.093486
 41.550000     1.208833    -2.097980
 41.560000     1.187831    -2.102394
 41.570000     1.166785    -2.106723
 41.580000     1.145697    -2.110963
 41.590000     1.124566    -2.115112
 41.600000     1.103395    -2.119163
 41.610000     1.082183    -2.123114
 41.620000     1.060933    -2.126960
 41.630000     1.039644    -2.130698
 41.640000     1.018319    -2.134323
 41.650000     0.996958    -2.137831
 41.660000     0.975563    -2.141220
 41.670000     0.954134    -2.144484
 41.680000     0.932674    -2.147620
 41.690000     0.911182    -2.150625
 41.700000     0.889662    -2.153494
 41.710000     0.868113    -2.156224
 41.720000     0.846538    -2.158812
 41.730000     0.824937    -2.161253
 41.740000     0.803313    -2.163546
 41.750000     0.781667    -2.165685
 41.760000     0.760000    -2.167668
 41.770000     0.738314    -2.169492
 41.780000     0.716611    -2.171153
 41.790000     0.694891    -2.172648
 41.800000     0.673158    -2.173975
 41.810000     0.651412    -2.175130
 41.820000     0.629656    -2.176111
 41.830000     0.607891    -2.176915
 41.840000     0.586118    -2.177539
 41.850000     0.564341    -2.177981
 41.860000     0.542559    -2.178238
 41.870000     0.520777    -2.178308
 41.880000     0.498994    -2.178189
 41.890000     0.477213    -2.177879
 41.900000     0.455437    -2.177375
 41.910000     0.433667    -2.176675
 41.920000     0.411904    -2.175779
 41.930000     0.390152    -2.174684
 41.940000     0.368411    -2.173388
 41.950000     0.346685    -2.171891
 41.960000     0.324974    -2.170190
 41.970000     0.303281    -2.168285
 41.980000     0.281609    -2.166175
 41.990000     0.259959    -2.163858
 42.000000     0.238332    -2.161334
 42.010000     0.216733    -2.158602
 42.020000     0.195161    -2.155662
 42.030000     0.173620    -2.152512
 42.040000     0.152112    -2.149153
 42.050000     0.130638    -2.145584
 42.060000     0.109201    -2.141806
 42.070000     0.087802    -2.137817
 42.080000     0.066445    -2.133619
 42.090000     0.045131    -2.129212
 42.100000     0.023861    -2.124595
 42.110000     0.002639    -2.119770
 42.120000    -0.018533    -2.114737
 42.130000    -0.039655    -2.109496
 42.140000    -0.060723    -2.104049
 42.150000    -0.081735    -2.098397
 42.160000    -0.102690    -2.092540
 42.170000    -0.123585    -2.086480
 42.180000    -0.144419    -2.080218
 42.190000    -0.165189    -2.073756
 42.200000    -0.185893    -2.067094
 42.210000    -0.206530    -2.060234
 42.220000    -0.227097    -2.053179
 42.230000    -0.247593    -2.045930
 42.240000    -0.268015    -2.038488
 42.250000    -0.288362    -2.030857
 42.260000    -0.308632    -2.023036
 42.270000    -0.328822    -2.015030
 42.280000    -0.348932    -2.006840
 42.290000    -0.368958    -1.998469
 42.300000    -0.388900    -1.989918
 42.310000    -0.408756    -1.981190
 42.320000    -0.428524    -1.972288
 42.330000    -0.448201    -1.963215
 42.340000    -0.467787    -1.953972
 42.350000    -0.487280    -1.944563
 42.360000    -0.506678    -1.934990
 42.370000    -0.525980    -1.925257
 42.380000    -0.545183    -1.915366
 42.390000    -0.564286    -1.905319
 42.400000    -0.583289    -1.895121
 42.410000    -0.602188    -1.884773
 42.420000    -0.620984    -1.874279
 42.430000    -0.639673    -1.863643
 42.440000    -0.658256    -1.852866
 42.450000    -0.676730    -1.841953
 42.460000    -0.695095    -1.830906
 42.470000    -0.713348    -1.819728
 42.480000    -0.731489    -1.808423
 42.490000    -0.749516    -1.796994
 42.500000    -0.767428    -1.785444
 42.510000    -0.785224    -1.773776
 42.520000    -0.802903    -1.761994
 42.530000    -0.820464    -1.750100
 42.540000    -0.837905    -1.738099
 42.550000    -0.855226    -1.725992
 42.560000    -0.872424    -1.713784
 42.570000    -0.889501    -1.701478
 42.580000    -0.906454    -1.689076
 42.590000    -0.923282    -1.676582
 42.600000    -0.939985    -1.663999
 42.610000    -0.956562    -1.651331
 42.620000    -0.973011    -1.638580
 42.630000    -0.989333    -1.625750
 42.640000    -1.005526    -1.612843
 42.650000    -1.021590    -1.599863
 42.660000    -1.037523    -1.586813
 42.670000    -1.053326    -1.573695
 42.680000    -1.068997    -1.560513
 42.690000    -1.084536    -1.547270
 42.700000    -1.099942    -1.533968
 42.710000    -1.115215    -1.520611
 42.720000    -1.130354    -1.507201
 42.730000    -1.145359    -1.493741
 42.740000    -1.160229    -1.480234
 42.750000    -1.174963    -1.466683
 42.760000    -1.189562    -1.453090
 42.770000    -1.204025    -1.439458
 42.780000    -1.218351    -1.425789
 42.790000    -1.232541    -1.412087
 42.800000    -1.246593    -1.398353
 42.810000    -1.260508    -1.384590
 42.820000    -1.274285    -1.370800
 42.830000    -1.287924    -1.356987
 42.840000    -1.301424    -1.343151
 42.850000    -1.314787    -1.329297
 42.860000    -1.328010    -1.315424
 42.870000    -1.341095    -1.301537
 42.880000    -1.354041    -1.287637
 42.890000    -1.366848    -1.273726
 42.900000    -1.379515    -1.259806
 42.910000    -1.392044    -1.245879
 42.920000    -1.404433    -1.231947
 42.930000    -1.416683    -1.218013
 42.940000    -1.428793    -1.204077
 42.950000    -1.440764    -1.190142
 42.960000    -1.452596    -1.176209
 42.970000    -1.464288    -1.162280
 42.980000    -1.475842    -1.148358
 42.990000    -1.487256    -1.134442
 43.000000    -1.498531    -1.120536
 43.010000    -1.509666    -1.106640
 43.020000    -1.520663    -1.092756
 43.030000    -1.531522    -1.078885
 43.040000    -1.542241    -1.065029
 43.050000    -1.552822    -1.051189
 43.060000    -1.563265    -1.037366
 43.070000    -1.573570    -1.023563
 43.080000    -1.583736    -1.009779
 43.090000    -1.593765    -0.996015
 43.100000    -1.603657    -0.982274
 43.110000    -1.613411    -0.968557
 43.120000    -1.623028    -0.954863
 43.130000    -1.632508    -0.941194
 43.140000    -1.641852    -0.927552
 43.150000    -1.651059    -0.913937
 43.160000    -1.660131    -0.900350
 43.170000    -1.669066    -0.886791
 43.180000    -1.677867    -0.873262
 43.190000    -1.686532    -0.859763
 43.200000    -1.695062    -0.846296
 43.210000    -1.703458    -0.832860
 43.220000    -1.711719    -0.819457
 43.230000    -1.719847    -0.806086
 43.240000    -1.727841    -0.792749
 43.250000    -1.735702    -0.779447
 43.260000    -1.743430    -0.766179
 43.270000    -1.751026    -0.752946
 43.280000    -1.758489    -0.739748
 43.290000    -1.765821    -0.726587
 43.300000    -1.773021    -0.713462
 43.310000    -1.780090    -0.700374
 43.320000    -1.787029    -0.687324
 43.330000    -1.793837    -0.674310
 43.340000    -1.800515    -0.661335
 43.350000    -1.807064    -0.648397
 43.360000    -1.813483    -0.635498
 43.370000    -1.819774    -0.622637
 43.380000    -1.825936    -0.609815
 43.390000    -1.831970    -0.597031
 43.400000    -1.837877    -0.584287
 43.410000    -1.843656    -0.571581
 43.420000    -1.849308    -0.558915
 43.430000    -1.854834    -0.546288
 43.440000    -1.860234    -0.533700
 43.450000    -1.865509    -0.521152
 43.460000    -1.870658    -0.508642
 43.470000    -1.875682    -0.496172
 43.480000    -1.880581    -0.483742
 43.490000    -1.885357    -0.471351
 43.500000    -1.890008    -0.458998
 43.510000    -1.894537    -0.446685
 43.520000    -1.898942    -0.434411
 43.530000    -1.903225    -0.422176
 43.540000    -1.907386    -0.409980
 43.550000    -1.911425    -0.397822
 43.560000    -1.915342    -0.385703
 43.570000    -1.919139    -0.373622
 43.580000    -1.922815    -0.361579
 43.590000    -1.926371    -0.349574
 43.600000    -1.929806    -0.337607
 43.610000    -1.933123    -0.325677
 43.620000    -1.936320    -0.313785
 43.630000    -1.939399    -0.301930
 43.640000    -1.942359    -0.290112
 43.650000    -1.945201    -0.278330
 43.660000    -1.947926    -0.266584
 43.670000    -1.950533    -0.254875
 43.680000    -1.953023    -0.243201
 43.690000    -1.955397    -0.231563
 43.700000    -1.957655    -0.219960
 43.710000    -1.959796    -0.208392
 43.720000    -1.961823    -0.196858
 43.730000    -1.963734    -0.185359
 43.740000    -1.965530    -0.173893
 43.750000    -1.967212    -0.162461
 43.760000    -1.968779    -0.151063
 43.770000    -1.970233    -0.139697
 43.780000    -1.971573    -0.128364
 43.790000    -1.972800    -0.117063
 43.800000    -1.973915    -0.105793
 43.810000    -1.974916    -0.094556
 43.820000    -1.975806    -0.083349
 43.830000    -1.976583    -0.072174
 43.840000    -1.977249    -0.061028
 43.850000    -1.977804    -0.049913
 43.860000    -1.978248    -0.038827
 43.870000    -1.978581    -0.027771
 43.880000    -1.978803    -0.016744
 43.890000    -1.978916    -0.005745
 43.900000    -1.978918     0.005226
 43.910000    -1.978811     0.016168
 43.920000    -1.978595     0.027084
 43.930000    -1.978270     0.037972
 43.940000    -1.977836     0.048833
 43.950000    -1.977293     0.059668
 43.960000    -1.976642     0.070478
 43.970000    -1.975884     0.081261
 43.980000    -1.975017     0.092019
 43.990000    -1.974043     0.102753
 44.000000    -1.972962     0.113461
 44.010000    -1.971774     0.124146
 44.020000    -1.970479     0.134807
 44.030000    -1.969078     0.145444
 44.040000    -1.967571     0.156058
 44.050000    -1.965957     0.166650
 44.060000    -1.964238     0.177218
 44.070000    -1.962413     0.187765
 44.080000    -1.960482     0.198290
 44.090000    -1.958447     0.208793
 44.100000    -1.956307     0.219276
 44.110000    -1.954062     0.229737
 44.120000    -1.951712     0.240178
 44.130000    -1.949258     0.250598
 44.140000    -1.946700     0.260999
 44.150000    -1.944038     0.271380
 44.160000    -1.941272     0.281741
 44.170000    -1.938403     0.292084
 44.180000    -1.935431     0.302407
 44.190000    -1.932355     0.312712
 44.200000    -1.929177     0.322998
 44.210000    -1.925895     0.333266
 44.220000    -1.922511     0.343516
 44.230000    -1.919025     0.353749
 44.240000    -1.915437     0.363964
 44.250000    -1.911746     0.374161
 44.260000    -1.907953     0.384342
 44.270000    -1.904059     0.394506
 44.280000    -1.900063     0.404652
 44.290000    -1.895966     0.414782
 44.300000    -1.891768     0.424896
 44.310000    -1.887468     0.434993
 44.320000    -1.883068     0.445074
 44.330000    -1.878567     0.455139
 44.340000    -1.873965     0.465188
 44.350000    -1.869263     0.475221
 44.360000    -1.864461     0.485238
 44.370000    -1.859558     0.495239
 44.380000    -1.854556     0.505224
 44.390000    -1.849454     0.515194
 44.400000    -1.844252     0.525147
 44.410000    -1.838951     0.535086
 44.420000    -1.833551     0.545008
 44.430000    -1.828051     0.554914
 44.440000    -1.822452     0.564805
 44.450000    -1.816755     0.574679
 44.460000    -1.810959     0.584538
 44.470000    -1.805064     0.594381
 44.480000    -1.799071     0.604207
 44.490000    -1.792980     0.614017
 44.500000    -1.786791     0.623811
 44.510000    -1.780504     0.633588
 44.520000    -1.774119     0.643348
 44.530000    -1.767637     0.653091
 44.540000    -1.761058     0.662817
 44.550000    -1.754381     0.672526
 44.560000    -1.747607     0.682216
 44.570000    -1.740737     0.691889
 44.580000    -1.733769     0.701544
 44.590000    -1.726706     0.711180
 44.600000    -1.719546     0.720797
 44.610000    -1.712290     0.730394
 44.620000    -1.704938     0.739972
 44.630000    -1.697490     0.749530
 44.640000    -1.689947     0.759068
 44.650000    -1.682309     0.768585
 44.660000    -1.674576     0.778080
 44.670000    -1.666748     0.787554
 44.680000    -1.658825     0.797005
 44.690000    -1.650808     0.806433
 44.700000    -1.642696     0.815838
 44.710000    -1.634491     0.825219
 44.720000    -1.626192     0.834576
 44.730000    -1.617799     0.843907
 44.740000    -1.609314     0.853213
 44.750000    -1.600735     0.862492
 44.760000    -1.592064     0.871744
 44.770000    -1.583301     0.880969
 44.780000    -1.574445     0.890165
 44.790000    -1.565497     0.899331
 44.800000    -1.556458     0.908468
 44.810000    -1.547328     0.917573
 44.820000    -1.538107     0.926647
 44.830000    -1.528795     0.935689
 44.840000    -1.519393     0.944697
 44.850000    -1.509901     0.953671
 44.860000    -1.500320     0.962610
 44.870000    -1.490649     0.971512
 44.880000    -1.480890     0.980378
 44.890000    -1.471042     0.989205
 44.900000    -1.461106     0.997994
 44.910000    -1.451082     1.006742
 44.920000    -1.440971     1.015449
 44.930000    -1.430773     1.024114
 44.940000    -1.420489     1.032736
 44.950000    -1.410119     1.041313
 44.960000    -1.399663     1.049845
 44.970000    -1.389122     1.058330
 44.980000    -1.378496     1.066767
 44.990000    -1.367787     1.075154
 45.000000    -1.356994     1.083491
 45.010000    -1.346117     1.091777
 45.020000    -1.335158     1.100010
 45.030000    -1.324117     1.108188
 45.040000    -1.312995     1.116311
 45.050000    -1.301791     1.124377
 45.060000    -1.290507     1.132384
 45.070000    -1.279144     1.140332
 45.080000    -1.267701     1.148219
 45.090000    -1.256179     1.156043
 45.100000    -1.244580     1.163803
 45.110000    -1.232904     1.171498
 45.120000    -1.221150     1.179126
 45.130000    -1.209321     1.186685
 45.140000    -1.197417     1.194175
 45.150000    -1.185438     1.201593
 45.160000    -1.173385     1.208939
 45.170000    -1.161260     1.216210
 45.180000    -1.149061     1.223404
 45.190000    -1.136792     1.230521
 45.200000    -1.124451     1.237559
 45.210000    -1.112041     1.244516
 45.220000    -1.099561     1.251391
 45.230000    -1.087013     1.258181
 45.240000    -1.074398     1.264886
 45.250000    -1.061716     1.271503
 45.260000    -1.048968     1.278031
 45.270000    -1.036156     1.284469
 45.280000    -1.023279     1.290814
 45.290000    -1.010340     1.297065
 45.300000    -0.997338     1.303221
 45.310000    -0.984275     1.309279
 45.320000    -0.971153     1.315238
 45.330000    -0.957971     1.321096
 45.340000    -0.944731     1.326852
 45.350000    -0.931434     1.332504
 45.360000    -0.918081     1.338051
 45.370000    -0.904674     1.343489
 45.380000    -0.891212     1.348819
 45.390000    -0.877698     1.354038
 45.400000    -0.864132     1.359145
 45.410000    -0.850515     1.364137
 45.420000    -0.836849     1.369014
 45.430000    -0.823135     1.373774
 45.440000    -0.809374     1.378414
 45.450000    -0.795567     1.382934
 45.460000    -0.781716     1.387332
 45.470000    -0.767821     1.391607
 45.480000    -0.753884     1.395756
 45.490000    -0.739906     1.399778
 45.500000    -0.725889     1.403672
 45.510000    -0.711833     1.407437
 45.520000    -0.697741     1.411070
 45.530000    -0.683613     1.414570
 45.540000    -0.669450     1.417936
 45.550000    -0.655254     1.421166
 45.560000    -0.641027     1.424260
 45.570000    -0.626770     1.427215
 45.580000    -0.612483     1.430030
 45.590000    -0.598169     1.432705
 45.600000    -0.583830     1.435237
 45.610000    -0.569465     1.437626
 45.620000    -0.555078     1.439870
 45.630000    -0.540668     1.441968
 45.640000    -0.526239     1.443919
 45.650000    -0.511790     1.445721
 45.660000    -0.497325     1.447375
 45.670000    -0.482843     1.448878
 45.680000    -0.468348     1.450230
 45.690000    -0.453839     1.451430
 45.700000    -0.439320     1.452477
 45.710000    -0.424790     1.453369
 45.720000    -0.410253     1.454106
 45.730000    -0.395709     1.454688
 45.740000    -0.381159     1.455114
 45.750000    -0.366607     1.455382
 45.760000    -0.352052     1.455492
 45.770000    -0.337498     1.455444
 45.780000    -0.322944     1.455236
 45.790000    -0.308393     1.454869
 45.800000    -0.293847     1.454342
 45.810000    -0.279307     1.453654
 45.820000    -0.264775     1.452805
 45.830000    -0.250251     1.451795
 45.840000    -0.235739     1.450623
 45.850000    -0.221240     1.449290
 45.860000    -0.206754     1.447794
 45.870000    -0.192284     1.446135
 45.880000    -0.177832     1.444315
 45.890000    -0.163398     1.442331
 45.900000    -0.148986     1.440186
 45.910000    -0.134595     1.437877
 45.920000    -0.120229     1.435407
 45.930000    -0.105888     1.432774
 45.940000    -0.091574     1.429978
 45.950000    -0.077289     1.427021
 45.960000    -0.063034     1.423902
 45.970000    -0.048811     1.420622
 45.980000    -0.034622     1.417181
 45.990000    -0.020468     1.413579
 46.000000    -0.006351     1.409816
 46.010000     0.007728     1.405895
 46.020000     0.021766     1.401814
 46.030000     0.035763     1.397574
 46.040000     0.049717     1.393176
 46.050000     0.063626     1.388621
 46.060000     0.077489     1.383910
 46.070000     0.091304     1.379042
 46.080000     0.105070     1.374020
 46.090000     0.118784     1.368843
 46.100000     0.132446     1.363513
 46.110000     0.146054     1.358031
 46.120000     0.159606     1.352397
 46.130000     0.173101     1.346613
 46.140000     0.186538     1.340679
 46.150000     0.199914     1.334596
 46.160000     0.213229     1.328366
 46.170000     0.226481     1.321990
 46.180000     0.239669     1.315469
 46.190000     0.252790     1.308805
 46.200000     0.265844     1.301997
 46.210000     0.278829     1.295048
 46.220000     0.291745     1.287959
 46.230000     0.304588     1.280731
 46.240000     0.317359     1.273365
 46.250000     0.330055     1.265864
 46.260000     0.342676     1.258227
 46.270000     0.355219     1.250458
 46.280000     0.367684     1.242556
 46.290000     0.380070     1.234524
 46.300000     0.392374     1.226362
 46.310000     0.404597     1.218074
 46.320000     0.416735     1.209659
 46.330000     0.428789     1.201120
 46.340000     0.440757     1.192457
 46.350000     0.452638     1.183673
 46.360000     0.464430     1.174770
 46.370000     0.476133     1.165748
 46.380000     0.487745     1.156609
 46.390000     0.499265     1.147355
 46.400000     0.510692     1.137988
 46.410000     0.522024     1.128509
 46.420000     0.533262     1.118919
 46.430000     0.544402     1.109221
 46.440000     0.555446     1.099416
 46.450000     0.566390     1.089505
 46.460000     0.577235     1.079491
 46.470000     0.587980     1.069374
 46.480000     0.598623     1.059158
 46.490000     0.609163     1.048842
 46.500000     0.619599     1.038429
 46.510000     0.629931     1.027921
 46.520000     0.640157     1.017319
 46.530000     0.650277     1.006624
 46.540000     0.660289     0.995839
 46.550000     0.670193     0.984965
 46.560000     0.679988     0.974004
 46.570000     0.689673     0.962957
 46.580000     0.699247     0.951826
 46.590000     0.708709     0.940612
 46.600000     0.718059     0.929318
 46.610000     0.727296     0.917944
 46.620000     0.736418     0.906493
 46.630000     0.745425     0.894966
 46.640000     0.754317     0.883364
 46.650000     0.763092     0.871689
 46.660000     0.771750     0.859943
 46.670000     0.780291     0.848127
 46.680000     0.788713     0.836242
 46.690000     0.797015     0.824291
 46.700000     0.805198     0.812274
 46.710000     0.813261     0.800194
 46.720000     0.821202     0.788051
 46.730000     0.829022     0.775847
 46.740000     0.836719     0.763584
 46.750000     0.844293     0.751262
 46.760000     0.851744     0.738885
 46.770000     0.859071     0.726452
 46.780000     0.866273     0.713965
 46.790000     0.873350     0.701426
 46.800000     0.880301     0.688836
 46.810000     0.887126     0.676196
 46.820000     0.893825     0.663508
 46.830000     0.900396     0.650773
 46.840000     0.906840     0.637992
 46.850000     0.913156     0.625167
 46.860000     0.919343     0.612298
 46.870000     0.925402     0.599388
 46.880000     0.931331     0.586437
 46.890000     0.937130     0.573447
 46.900000     0.942800     0.560419
 46.910000     0.948339     0.547353
 46.920000     0.953747     0.534252
 46.930000     0.959024     0.521117
 46.940000     0.964169     0.507948
 46.950000     0.969182     0.494746
 46.960000     0.974064     0.481514
 46.970000     0.978813     0.468252
 46.980000     0.983429     0.454960
 46.990000     0.987912     0.441641
 47.000000     0.992261     0.428295
 47.010000     0.996477     0.414924
 47.020000     1.000560     0.401528
 47.030000     1.004508     0.388108
 47.040000     1.008322     0.374666
 47.050000     1.012001     0.361202
 47.060000     1.015546     0.347718
 47.070000     1.018956     0.334215
 47.080000     1.022230     0.320693
 47.090000     1.025369     0.307153
 47.100000     1.028373     0.293597
 47.110000     1.031241     0.280025
 47.120000     1.033974     0.266439
 47.130000     1.036570     0.252839
 47.140000     1.039030     0.239226
 47.150000     1.041354     0.225601
 47.160000     1.043542     0.211966
 47.170000     1.045594     0.198320
 47.180000     1.047509     0.184665
 47.190000     1.049287     0.171002
 47.200000     1.050929     0.157332
 47.210000     1.052434     0.143655
 47.220000     1.053802     0.129973
 47.230000     1.055033     0.116286
 47.240000     1.056127     0.102595
 47.250000     1.057085     0.088902
 47.260000     1.057905     0.075206
 47.270000     1.058589     0.061509
 47.280000     1.059136     0.047811
 47.290000     1.059545     0.034114
 47.300000     1.059818     0.020418
 47.310000     1.059954     0.006725
 47.320000     1.059952    -0.006966
 47.330000     1.059814    -0.020652
 47.340000     1.059539    -0.034334
 47.350000     1.059128    -0.048011
 47.360000     1.058579    -0.061681
 47.370000     1.057894    -0.075343
 47.380000     1.057072    -0.088998
 47.390000     1.056114    -0.102644
 47.400000     1.055020    -0.116280
 47.410000     1.053789    -0.129905
 47.420000     1.052421    -0.143518
 47.430000     1.050918    -0.157120
 47.440000     1.049279    -0.170707
 47.450000     1.047504    -0.184281
 47.460000     1.045594    -0.197840
 47.470000     1.043547    -0.211383
 47.480000     1.041366    -0.224909
 47.490000     1.039049    -0.238417
 47.500000     1.036598    -0.251907
 47.510000     1.034011    -0.265377
 47.520000     1.031290    -0.278826
 47.530000     1.028435    -0.292254
 47.540000     1.025445    -0.305660
 47.550000     1.022322    -0.319043
 47.560000     1.019064    -0.332401
 47.570000     1.015674    -0.345735
 47.580000     1.012150    -0.359042
 47.590000     1.008493    -0.372322
 47.600000     1.004703    -0.385573
 47.610000     1.000782    -0.398796
 47.620000     0.996728    -0.411989
 47.630000     0.992542    -0.425150
 47.640000     0.988225    -0.438279
 47.650000     0.983776    -0.451375
 47.660000     0.979197    -0.464437
 47.670000     0.974488    -0.477463
 47.680000     0.969648    -0.490452
 47.690000     0.964679    -0.503405
 47.700000     0.959580    -0.516318
 47.710000     0.954353    -0.529192
 47.720000     0.948997    -0.542024
 47.730000     0.943512    -0.554815
 47.740000     0.937900    -0.567563
 47.750000     0.932161    -0.580266
 47.760000     0.926295    -0.592923
 47.770000     0.920303    -0.605534
 47.780000     0.914185    -0.618096
 47.790000     0.907941    -0.630610
 47.800000     0.901573    -0.643072
 47.810000     0.895080    -0.655484
 47.820000     0.888463    -0.667842
 47.830000     0.881723    -0.680146
 47.840000     0.874861    -0.692394
 47.850000     0.867876    -0.704585
 47.860000     0.860769    -0.716719
 47.870000     0.853541    -0.728792
 47.880000     0.846193    -0.740805
 47.890000     0.838726    -0.752755
 47.900000     0.831138    -0.764642
 47.910000     0.823433    -0.776464
 47.920000     0.815609    -0.788220
 47.930000     0.807669    -0.799907
 47.940000     0.799611    -0.811526
 47.950000     0.791438    -0.823073
 47.960000     0.783150    -0.834549
 47.970000     0.774748    -0.845951
 47.980000     0.766231    -0.857278
 47.990000     0.757602    -0.868529
 48.000000     0.748861    -0.879701
 48.010000     0.740009    -0.890794
 48.020000     0.731046    -0.901806
 48.030000     0.721973    -0.912736
 48.040000     0.712791    -0.923581
 48.050000     0.703501    -0.934341
 48.060000     0.694105    -0.945014
 48.070000     0.684601    -0.955598
 48.080000     0.674993    -0.966092
 48.090000     0.665280    -0.976495
 48.100000     0.655463    -0.986804
 48.110000     0.645544    -0.997018
 48.120000     0.635523    -1.007136
 48.130000     0.625402    -1.017156
 48.140000     0.615181    -1.027077
 48.150000     0.604861    -1.036896
 48.160000     0.594443    -1.046613
 48.170000     0.583929    -1.056226
 48.180000     0.573319    -1.065733
 48.190000     0.562614    -1.075132
 48.200000     0.551817    -1.084423
 48.210000     0.540926    -1.093603
 48.220000     0.529945    -1.102672
 48.230000     0.518873    -1.111627
 48.240000     0.507713    -1.120467
 48.250000     0.496464    -1.129190
 48.260000     0.485129    -1.137795
 48.270000     0.473709    -1.146281
 48.280000     0.462204    -1.154646
 48.290000     0.450616    -1.162888
 48.300000     0.438947    -1.171007
 48.310000     0.427197    -1.178999
 48.320000     0.415367    -1.186865
 48.330000     0.403460    -1.194603
 48.340000     0.391475    -1.202211
 48.350000     0.379416    -1.209687
 48.360000     0.367282    -1.217032
 48.370000     0.355076    -1.224242
 48.380000     0.342798    -1.231317
 48.390000     0.330450    -1.238256
 48.400000     0.318033    -1.245057
 48.410000     0.305549    -1.251719
 48.420000     0.292999    -1.258240
 48.430000     0.280385    -1.264620
 48.440000     0.267707    -1.270858
 48.450000     0.254968    -1.276951
 48.460000     0.242169    -1.282900
 48.470000     0.229311    -1.288702
 48.480000     0.216395    -1.294357
 48.490000     0.203424    -1.299864
 48.500000     0.190398    -1.305222
 48.510000     0.177320    -1.310430
 48.520000     0.164190    -1.315486
 48.530000     0.151011    -1.320390
 48.540000     0.137783    -1.325142
 48.550000     0.124508    -1.329739
 48.560000     0.111189    -1.334182
 48.570000     0.097825    -1.338470
 48.580000     0.084420    -1.342602
 48.590000     0.070974    -1.346576
 48.600000     0.057489    -1.350394
 48.610000     0.043967    -1.354053
 48.620000     0.030408    -1.357554
 48.630000     0.016816    -1.360895
 48.640000     0.003191    -1.364077
 48.650000    -0.010465    -1.367099
 48.660000    -0.024150    -1.369961
 48.670000    -0.037864    -1.372661
 48.680000    -0.051603    -1.375200
 48.690000    -0.065367    -1.377578
 48.700000    -0.079154    -1.379795
 48.710000    -0.092963    -1.381849
 48.720000    -0.106791    -1.383741
 48.730000    -0.120637    -1.385471
 48.740000    -0.134500    -1.387039
 48.750000    -0.148377    -1.388445
 48.760000    -0.162268    -1.389689
 48.770000    -0.176170    -1.390771
 48.780000    -0.190083    -1.391690
 48.790000    -0.204004    -1.392448
 48.800000    -0.217931    -1.393044
 48.810000    -0.231864    -1.393479
 48.820000    -0.245800    -1.393753
 48.830000    -0.259738    -1.393866
 48.840000    -0.273677    -1.393819
 48.850000    -0.287614    -1.393612
 48.860000    -0.301549    -1.393245
 48.870000    -0.315479    -1.392720
 48.880000    -0.329403    -1.392036
 48.890000    -0.343319    -1.391194
 48.900000    -0.357226    -1.390196
 48.910000    -0.371122    -1.389040
 48.920000    -0.385006    -1.387729
 48.930000    -0.398876    -1.386263
 48.940000    -0.412731    -1.384643
 48.950000    -0.426569    -1.382869
 48.960000    -0.440388    -1.380943
 48.970000    -0.454187    -1.378865
 48.980000    -0.467965    -1.376636
 48.990000    -0.481719    -1.374257
 49.000000    -0.495449    -1.371730
 49.010000    -0.509153    -1.369055
 49.020000    -0.522830    -1.366233
 49.030000    -0.536478    -1.363266
 49.040000    -0.550095    -1.360154
 49.050000    -0.563680    -1.356899
 49.060000    -0.577232    -1.353501
 49.070000    -0.590750    -1.349963
 49.080000    -0.604231    -1.346285
 49.090000    -0.617675    -1.342469
 49.100000    -0.631080    -1.338515
 49.110000    -0.644445    -1.334425
 49.120000    -0.657768    -1.330201
 49.130000    -0.671048    -1.325844
 49.140000    -0.684284    -1.321355
 49.150000    -0.697475    -1.316736
 49.160000    -0.710619    -1.311987
 49.170000    -0.723714    -1.307111
 49.180000    -0.736761    -1.302108
 49.190000    -0.749756    -1.296981
 49.200000    -0.762700    -1.291731
 49.210000    -0.775590    -1.286359
 49.220000    -0.788426    -1.280866
 49.230000    -0.801207    -1.275255
 49.240000    -0.813931    -1.269526
 49.250000    -0.826597    -1.263681
 49.260000    -0.839204    -1.257722
 49.270000    -0.851751    -1.251651
 49.280000    -0.864237    -1.245468
 49.290000    -0.876660    -1.239175
 49.300000    -0.889020    -1.232774
 49.310000    -0.901316    -1.226267
 49.320000    -0.913545    -1.219654
 49.330000    -0.925708    -1.212938
 49.340000    -0.937804    -1.206120
 49.350000    -0.949830    -1.199202
 49.360000    -0.961787    -1.192184
 49.370000    -0.973674    -1.185069
 49.380000    -0.985488    -1.177858
 49.390000    -0.997231    -1.170553
 49.400000    -1.008899    -1.163155
 49.410000    -1.020493    -1.155666
 49.420000    -1.032012    -1.148086
 49.430000    -1.043455    -1.140419
 49.440000    -1.054820    -1.132664
 49.450000    -1.066108    -1.124824
 49.460000    -1.077316    -1.116901
 49.470000    -1.088445    -1.108894
 49.480000    -1.099494    -1.100807
 49.490000    -1.110461    -1.092640
 49.500000    -1.121347    -1.084395
 49.510000    -1.132149    -1.076073
 49.520000    -1.142868    -1.067676
 49.530000    -1.153502    -1.059204
 49.540000    -1.164052    -1.050660
 49.550000    -1.174515    -1.042045
 49.560000    -1.184892    -1.033359
 49.570000    -1.195182    -1.024605
 49.580000    -1.205384    -1.015784
 49.590000    -1.215498    -1.006896
 49.600000    -1.225522    -0.997943
 49.610000    -1.235456    -0.988927
 49.620000    -1.245300    -0.979848
 49.630000    -1.255053    -0.970708
 49.640000    -1.264714    -0.961508
 49.650000    -1.274283    -0.952249
 49.660000    -1.283759    -0.942932
 49.670000    -1.293141    -0.933559
 49.680000    -1.302430    -0.924130
 49.690000    -1.311624    -0.914646
 49.700000    -1.320723    -0.905109
 49.710000    -1.329726    -0.895520
 49.720000    -1.338633    -0.885879
 49.730000    -1.347443    -0.876188
 49.740000    -1.356157    -0.866448
 49.750000    -1.364772    -0.856659
 49.760000    -1.373290    -0.846822
 49.770000    -1.381708    -0.836939
 49.780000    -1.390028    -0.827010
 49.790000    -1.398248    -0.817037
 49.800000    -1.406369    -0.807019
 49.810000    -1.414389    -0.796958
 49.820000    -1.422308    -0.786855
 49.830000    -1.430126    -0.776710
 49.840000    -1.437842    -0.766524
 49.850000    -1.445456    -0.756298
 49.860000    -1.452968    -0.746033
 49.870000    -1.460377    -0.735729
 49.880000    -1.467682    -0.725387
 49.890000    -1.474884    -0.715008
 49.900000    -1.481982    -0.704592
 49.910000    -1.488976    -0.694139
 49.920000    -1.495865    -0.683652
 49.930000    -1.502649    -0.673129
 49.940000    -1.509327    -0.662572
 49.950000    -1.515900    -0.651981
 49.960000    -1.522367    -0.641357
 49.970000    -1.528727    -0.630700
 49.980000    -1.534981    -0.620010
 49.990000    -1.541127    -0.609289
 50.000000    -1.547166    -0.598536
 50.010000    -1.553098    -0.587752
 50.020000    -1.558921    -0.576938
 50.030000    -1.564636    -0.566093
 50.040000    -1.570243    -0.555218
 50.050000    -1.575741    -0.544314
 50.060000    -1.581129    -0.533380
 50.070000    -1.586408    -0.522418
 50.080000    -1.591577    -0.511427
 50.090000    -1.596637    -0.500407
 50.100000    -1.601586    -0.489360
 50.110000    -1.606424    -0.478285
 50.120000    -1.611151    -0.467182
 50.130000    -1.615767    -0.456052
 50.140000    -1.620272    -0.444894
 50.150000    -1.624665    -0.433710
 50.160000    -1.628946    -0.422499
 50.170000    -1.633115    -0.411262
 50.180000    -1.637171    -0.399998
 50.190000    -1.641115    -0.388707
 50.200000    -1.644945    -0.377391
 50.210000    -1.648663    -0.366048
 50.220000    -1.652266    -0.354679
 50.230000    -1.655756    -0.343285
 50.240000    -1.659132    -0.331864
 50.250000    -1.662393    -0.320418
 50.260000    -1.665540    -0.308947
 50.270000    -1.668572    -0.297449
 50.280000    -1.671489    -0.285926
 50.290000    -1.674291    -0.274378
 50.300000    -1.676977    -0.262803
 50.310000    -1.679547    -0.251204
 50.320000    -1.682001    -0.239579
 50.330000    -1.684338    -0.227928
 50.340000    -1.686559    -0.216251
 50.350000    -1.688663    -0.204549
 50.360000    -1.690650    -0.192822
 50.370000    -1.692519    -0.181069
 50.380000    -1.694271    -0.169290
 50.390000    -1.695905    -0.157485
 50.400000    -1.697421    -0.145655
 50.410000    -1.698818    -0.133798
 50.420000    -1.700097    -0.121916
 50.430000    -1.701256    -0.110008
 50.440000    -1.702297    -0.098074
 50.450000    -1.703218    -0.086113
 50.460000    -1.704019    -0.074127
 50.470000    -1.704700    -0.062114
 50.480000    -1.705261    -0.050075
 50.490000    -1.705702    -0.038009
 50.500000    -1.706021    -0.025917
 50.510000    -1.706220    -0.013798
 50.520000    -1.706297    -0.001653
 50.530000    -1.706253     0.010520
 50.540000    -1.706087     0.022719
 50.550000    -1.705798     0.034945
 50.560000    -1.705388     0.047198
 50.570000    -1.704854     0.059478
 50.580000    -1.704198     0.071785
 50.590000    -1.703418     0.084119
 50.600000    -1.702515     0.096481
 50.610000    -1.701489     0.108870
 50.620000    -1.700338     0.121287
 50.630000    -1.699063     0.133731
 50.640000    -1.697663     0.146203
 50.650000    -1.696139     0.158702
 50.660000    -1.694489     0.171229
 50.670000    -1.692714     0.183784
 50.680000    -1.690813     0.196366
 50.690000    -1.688787     0.208976
 50.700000    -1.686634     0.221614
 50.710000    -1.684354     0.234279
 50.720000    -1.681948     0.246972
 50.730000    -1.679415     0.259693
 50.740000    -1.676754     0.272442
 50.750000    -1.673966     0.285218
 50.760000    -1.671050     0.298022
 50.770000    -1.668005     0.310854
 50.780000    -1.664833     0.323712
 50.790000    -1.661531     0.336599
 50.800000    -1.658100     0.349512
 50.810000    -1.654541     0.362453
 50.820000    -1.650851     0.375421
 50.830000    -1.647032     0.388416
 50.840000    -1.643083     0.401438
 50.850000    -1.639003     0.414486
 50.860000    -1.634793     0.427561
 50.870000    -1.630452     0.440662
 50.880000    -1.625980     0.453789
 50.890000    -1.621376     0.466941
 50.900000    -1.616641     0.480120
 50.910000    -1.611774     0.493323
 50.920000    -1.606774     0.506552
 50.930000    -1.601643     0.519805
 50.940000    -1.596378     0.533082
 50.950000    -1.590981     0.546383
 50.960000    -1.585450     0.559708
 50.970000    -1.579787     0.573056
 50.980000    -1.573989     0.586427
 50.990000    -1.568058     0.599820
 51.000000    -1.561993     0.613235
 51.010000    -1.555793     0.626671
 51.020000    -1.549459     0.640128
 51.030000    -1.542991     0.653605
 51.040000    -1.536387     0.667102
 51.050000    -1.529648     0.680618
 51.060000    -1.522775     0.694152
 51.070000    -1.515765     0.707704
 51.080000    -1.508620     0.721273
 51.090000    -1.501340     0.734859
 51.100000    -1.493923     0.748460
 51.110000    -1.486371     0.762076
 51.120000    -1.478682     0.775706
 51.130000    -1.470856     0.789349
 51.140000    -1.462895     0.803004
 51.150000    -1.454796     0.816671
 51.160000    -1.446561     0.830349
 51.170000    -1.438189     0.844035
 51.180000    -1.429680     0.857731
 51.190000    -1.421035     0.871433
 51.200000    -1.412252     0.885142
 51.210000    -1.403332     0.898857
 51.220000    -1.394275     0.912575
 51.230000    -1.385080     0.926296
 51.240000    -1.375749     0.940020
 51.250000    -1.366280     0.953743
 51.260000    -1.356674     0.967466
 51.270000    -1.346931     0.981186
 51.280000    -1.337050     0.994903
 51.290000    -1.327033     1.008615
 51.300000    -1.316878     1.022321
 51.310000    -1.306586     1.036019
 51.320000    -1.296158     1.049707
 51.330000    -1.285592     1.063385
 51.340000    -1.274890     1.077049
 51.350000    -1.264051     1.090700
 51.360000    -1.253076     1.104335
 51.370000    -1.241964     1.117952
 51.380000    -1.230717     1.131550
 51.390000    -1.219334     1.145127
 51.400000    -1.207814     1.158681
 51.410000    -1.196160     1.172210
 51.420000    -1.184370     1.185713
 51.430000    -1.172446     1.199187
 51.440000    -1.160387     1.212630
 51.450000    -1.148193     1.226040
 51.460000    -1.135866     1.239416
 51.470000    -1.123405     1.252755
 51.480000    -1.110811     1.266055
 51.490000    -1.098084     1.279314
 51.500000    -1.085225     1.292530
 51.510000    -1.072234     1.305700
 51.520000    -1.059111     1.318822
 51.530000    -1.045857     1.331894
 51.540000    -1.032473     1.344914
 51.550000    -1.018959     1.357879
 51.560000    -1.005316     1.370787
 51.570000    -0.991544     1.383635
 51.580000    -0.977643     1.396421
 51.590000    -0.963616     1.409143
 51.600000    -0.949461     1.421798
 51.610000    -0.935180     1.434383
 51.620000    -0.920773     1.446896
 51.630000    -0.906242     1.459334
 51.640000    -0.891587     1.471695
 51.650000    -0.876809     1.483976
 51.660000    -0.861908     1.496175
 51.670000    -0.846885     1.508288
 51.680000    -0.831742     1.520314
 51.690000    -0.816479     1.532249
 51.700000    -0.801098     1.544091
 51.710000    -0.785598     1.555837
 51.720000    -0.769981     1.567484
 51.730000    -0.754249     1.579030
 51.740000    -0.738401     1.590472
 51.750000    -0.722439     1.601808
 51.760000    -0.706365     1.613034
 51.770000    -0.690179     1.624148
 51.780000    -0.673883     1.635147
 51.790000    -0.657477     1.646028
 51.800000    -0.640962     1.656789
 51.810000    -0.624341     1.667428
 51.820000    -0.607614     1.677940
 51.830000    -0.590783     1.688325
 51.840000    -0.573848     1.698578
 51.850000    -0.556812     1.708699
 51.860000    -0.539675     1.718683
 51.870000    -0.522439     1.728529
 51.880000    -0.505105     1.738233
 51.890000    -0.487674     1.747794
 51.900000    -0.470149     1.757209
 51.910000    -0.452531     1.766475
 51.920000    -0.434820     1.775591
 51.930000    -0.417019     1.784553
 51.940000    -0.399130     1.793360
 51.950000    -0.381153     1.802009
 51.960000    -0.363090     1.810498
 51.970000    -0.344943     1.818825
 51.980000    -0.326714     1.826988
 51.990000    -0.308404     1.834985
 52.000000    -0.290015     1.842813
 52.010000    -0.271548     1.850471
 52.020000    -0.253006     1.857957
 52.030000    -0.234390     1.865270
 52.040000    -0.215701     1.872407
 52.050000    -0.196942     1.879366
 52.060000    -0.178115     1.886147
 52.070000    -0.159220     1.892748
 52.080000    -0.140260     1.899167
 52.090000    -0.121237     1.905403
 52.100000    -0.102153     1.911454
 52.110000    -0.083009     1.917321
 52.120000    -0.063807     1.923000
 52.130000    -0.044549     1.928492
 52.140000    -0.025238     1.933796
 52.150000    -0.005874     1.938910
 52.160000     0.013540     1.943834
 52.170000     0.033002     1.948567
 52.180000     0.052511     1.953109
 52.190000     0.072064     1.957459
 52.200000     0.091659     1.961617
 52.210000     0.111295     1.965582
 52.220000     0.130970     1.969355
 52.230000     0.150682     1.972935
 52.240000     0.170428     1.976322
 52.250000     0.190207     1.979517
 52.260000     0.210018     1.982519
 52.270000     0.229857     1.985330
 52.280000     0.249724     1.987948
 52.290000     0.269616     1.990376
 52.300000     0.289531     1.992612
 52.310000     0.309467     1.994659
 52.320000     0.329423     1.996517
 52.330000     0.349397     1.998187
 52.340000     0.369386     1.999669
 52.350000     0.389390     2.000966
 52.360000     0.409405     2.002077
 52.370000     0.429431     2.003005
 52.380000     0.449465     2.003750
 52.390000     0.469505     2.004315
 52.400000     0.489550     2.004700
 52.410000     0.509598     2.004908
 52.420000     0.529648     2.004940
 52.430000     0.549697     2.004798
 52.440000     0.569743     2.004483
 52.450000     0.589786     2.003998
 52.460000     0.609823     2.003346
 52.470000     0.629852     2.002527
 52.480000     0.649873     2.001544
 52.490000     0.669882     2.000400
 52.500000     0.689880     1.999096
 52.510000     0.709864     1.997636
 52.520000     0.729832     1.996022
 52.530000     0.749784     1.994256
 52.540000     0.769717     1.992341
 52.550000     0.789630     1.990280
 52.560000     0.809522     1.988075
 52.570000     0.829391     1.985730
 52.580000     0.849236     1.983247
 52.590000     0.869056     1.980628
 52.600000     0.888848     1.977878
 52.610000     0.908613     1.974999
 52.620000     0.928348     1.971994
 52.630000     0.948052     1.968866
 52.640000     0.967725     1.965618
 52.650000     0.987364     1.962254
 52.660000     1.006969     1.958776
 52.670000     1.026539     1.955189
 52.680000     1.046073     1.951495
 52.690000     1.065569     1.947697
 52.700000     1.085026     1.943799
 52.710000     1.104445     1.939804
 52.720000     1.123822     1.935716
 52.730000     1.143159     1.931538
 52.740000     1.162453     1.927273
 52.750000     1.181704     1.922924
 52.760000     1.200911     1.918496
 52.770000     1.220073     1.913991
 52.780000     1.239190     1.909413
 52.790000     1.258261     1.904766
 52.800000     1.277286     1.900052
 52.810000     1.296262     1.895276
 52.820000     1.315191     1.890440
 52.830000     1.334071     1.885548
 52.840000     1.352902     1.880603
 52.850000     1.371683     1.875610
 52.860000     1.390414     1.870570
 52.870000     1.409094     1.865489
 52.880000     1.427723     1.860368
 52.890000     1.446301     1.855211
 52.900000     1.464827     1.850022
 52.910000     1.483302     1.844804
 52.920000     1.501723     1.839560
 52.930000     1.520093     1.834293
 52.940000     1.538409     1.829007
 52.950000     1.556673     1.823705
 52.960000     1.574883     1.818390
 52.970000     1.593041     1.813065
 52.980000     1.611145     1.807733
 52.990000     1.629195     1.802398
 53.000000     1.647193     1.797062
 53.010000     1.665137     1.791729
 53.020000     1.683027     1.786401
 53.030000     1.700865     1.781081
 53.040000     1.718649     1.775773
 53.050000     1.736380     1.770480
 53.060000     1.754058     1.765203
 53.070000     1.771684     1.759946
 53.080000     1.789257     1.754712
 53.090000     1.806779     1.749503
 53.100000     1.824248     1.744323
 53.110000     1.841665     1.739173
 53.120000     1.859031     1.734057
 53.130000     1.876346     1.728977
 53.140000     1.893611     1.723936
 53.150000     1.910825     1.718935
 53.160000     1.927990     1.713979
 53.170000     1.945105     1.709068
 53.180000     1.962171     1.704206
 53.190000     1.979189     1.699395
 53.200000     1.996159     1.694637
 53.210000     2.013082     1.689934
 53.220000     2.029958     1.685289
 53.230000     2.046788     1.680704
 53.240000     2.063572     1.676181
 53.250000     2.080312     1.671722
 53.260000     2.097007     1.667329
 53.270000     2.113659     1.663005
 53.280000     2.130267     1.658751
 53.290000     2.146834     1.654569
 53.300000     2.163359     1.650462
 53.310000     2.179843     1.646430
 53.320000     2.196288     1.642477
 53.330000     2.212693     1.638604
 53.340000     2.229060     1.634812
 53.350000     2.245390     1.631103
 53.360000     2.261683     1.627480
 53.370000     2.277940     1.623943
 53.380000     2.294162     1.620495
 53.390000     2.310350     1.617136
 53.400000     2.326505     1.613870
 53.410000     2.342628     1.610696
 53.420000     2.358719     1.607617
 53.430000     2.374780     1.604635
 53.440000     2.390812     1.601750
 53.450000     2.406816     1.598963
 53.460000     2.422792     1.596278
 53.470000     2.438741     1.593694
 53.480000     2.454666     1.591213
 53.490000     2.470566     1.588836
 53.500000     2.486443     1.586565
 53.510000     2.502298     1.584401
 53.520000     2.518131     1.582345
 53.530000     2.533945     1.580398
 53.540000     2.549740     1.578562
 53.550000     2.565517     1.576837
 53.560000     2.581277     1.575224
 53.570000     2.597021     1.573726
 53.580000     2.612752     1.572342
 53.590000     2.628469     1.571073
 53.600000     2.644174     1.569921
 53.610000     2.659867     1.568887
 53.620000     2.675552     1.567972
 53.630000     2.691227     1.567176
 53.640000     2.706896     1.566500
 53.650000     2.722558     1.565946
 53.660000     2.738215     1.565514
 53.670000     2.753868     1.565204
 53.680000     2.769519     1.565019
 53.690000     2.785169     1.564957
 53.700000     2.800819     1.565021
 53.710000     2.816470     1.565211
 53.720000     2.832124     1.565528
 53.730000     2.847781     1.565971
 53.740000     2.863444     1.566543
 53.750000     2.879112     1.567243
 53.760000     2.894789     1.568072
 53.770000     2.910474     1.569031
 53.780000     2.926170     1.570120
 53.790000     2.941877     1.571340
 53.800000     2.957597     1.572691
 53.810000     2.973331     1.574175
 53.820000     2.989081     1.575790
 53.830000     3.004848     1.577538
 53.840000     3.020632     1.579419
 53.850000     3.036436     1.581434
 53.860000     3.052261     1.583583
 53.870000     3.068108     1.585865
 53.880000     3.083979     1.588283
 53.890000     3.099875     1.590835
 53.900000     3.115796     1.593522
 53.910000     3.131745     1.596345
 53.920000     3.147724     1.599303
 53.930000     3.163732     1.602397
 53.940000     3.179772     1.605627
 53.950000     3.195845     1.608993
 53.960000     3.211952     1.612495
 53.970000     3.228095     1.616134
 53.980000     3.244275     1.619908
 53.990000     3.260494     1.623820
 54.000000     3.276752     1.627867
 54.010000     3.293052     1.632051
 54.020000     3.309394     1.636371
 54.030000     3.325780     1.640827
 54.040000     3.342211     1.645419
 54.050000     3.358688     1.650147
 54.060000     3.375214     1.655011
 54.070000     3.391789     1.660010
 54.080000     3.408415     1.665145
 54.090000     3.425092     1.670414
 54.100000     3.441824     1.675818
 54.110000     3.458609     1.681356
 54.120000     3.475451     1.687027
 54.130000     3.492350     1.692832
 54.140000     3.509308     1.698770
 54.150000     3.526326     1.704840
 54.160000     3.543405     1.711042
 54.170000     3.560547     1.717374
 54.180000     3.577753     1.723837
 54.190000     3.595025     1.730430
 54.200000     3.612362     1.737151
 54.210000     3.629768     1.744000
 54.220000     3.647243     1.750977
 54.230000     3.664788     1.758080
 54.240000     3.682405     1.765308
 54.250000     3.700095     1.772660
 54.260000     3.717858     1.780136
 54.270000     3.735698     1.787733
 54.280000     3.753613     1.795451
 54.290000     3.771607     1.803289
 54.300000     3.789680     1.811245
 54.310000     3.807832     1.819318
 54.320000     3.826066     1.827506
 54.330000     3.844383     1.835808
 54.340000     3.862783     1.844222
 54.350000     3.881268     1.852748
 54.360000     3.899838     1.861382
 54.370000     3.918496     1.870123
 54.380000     3.937241     1.878969
 54.390000     3.956075     1.887919
 54.400000     3.975000     1.896971
 54.410000     3.994015     1.906121
 54.420000     4.013123     1.915369
 54.430000     4.032323     1.924712
 54.440000     4.051617     1.934147
 54.450000     4.071006     1.943673
 54.460000     4.090491     1.953286
 54.470000     4.110072     1.962985
 54.480000     4.129751     1.972766
 54.490000     4.149528     1.982627
 54.500000     4.169404     1.992566
 54.510000     4.189379     2.002578
 54.520000     4.209455     2.012661
 54.530000     4.229633     2.022813
 54.540000     4.249912     2.033030
 54.550000     4.270294     2.043308
 54.560000     4.290778     2.053645
 54.570000     4.311367     2.064037
 54.580000     4.332059     2.074480
 54.590000     4.352856     2.084971
 54.600000     4.373759     2.095506
 54.610000     4.394767     2.106082
 54.620000     4.415880     2.116694
 54.630000     4.437101     2.127338
 54.640000     4.458427     2.138011
 54.650000     4.479861     2.148709
 54.660000     4.501402     2.159426
 54.670000     4.523050     2.170160
 54.680000     4.544805     2.180904
 54.690000     4.566668     2.191656
 54.700000     4.588638     2.202409
 54.710000     4.610716     2.213161
 54.720000     4.632901     2.223905
 54.730000     4.655194     2.234637
 54.740000     4.677594     2.245352
 54.750000     4.700101     2.256045
 54.760000     4.722715     2.266712
 54.770000     4.745435     2.277346
 54.780000     4.768261     2.287943
 54.790000     4.791194     2.298498
 54.800000     4.814231     2.309004
 54.810000     4.837374     2.319457
 54.820000     4.860620     2.329852
 54.830000     4.883970     2.340182
 54.840000     4.907424     2.350442
 54.850000     4.930979     2.360627
 54.860000     4.954636     2.370731
 54.870000     4.978393     2.380748
 54.880000     5.002251     2.390673
 54.890000     5.026206     2.400499
 54.900000     5.050260     2.410221
 54.910000     5.074410     2.419833
 54.920000     5.098656     2.429330
 54.930000     5.122997     2.438705
 54.940000     5.147430     2.447952
 54.950000     5.171955     2.457067
 54.960000     5.196571     2.466043
 54.970000     5.221276     2.474873
 54.980000     5.246068     2.483554
 54.990000     5.270946     2.492078
 55.000000     5.295909     2.500439
 55.010000     5.320954     2.508634
 55.020000     5.346081     2.516654
 55.030000     5.371287     2.524496
 55.040000     5.396570     2.532153
 55.050000     5.421929     2.539620
 55.060000     5.447362     2.546892
 55.070000     5.472867     2.553963
 55.080000     5.498441     2.560828
 55.090000     5.524082     2.567482
 55.100000     5.549790     2.573919
 55.110000     5.575560     2.580136
 55.120000     5.601392     2.586126
 55.130000     5.627282     2.591886
 55.140000     5.653228     2.597411
 55.150000     5.679229     2.602696
 55.160000     5.705282     2.607736
 55.170000     5.731383     2.612529
 55.180000     5.757531     2.617069
 55.190000     5.783724     2.621354
 55.200000     5.809958     2.625378
 55.210000     5.836230     2.629139
 55.220000     5.862539     2.632633
 55.230000     5.888882     2.635857
 55.240000     5.915256     2.638808
 55.250000     5.941657     2.641484
 55.260000     5.968084     2.643880
 55.270000     5.994534     2.645996
 55.280000     6.021003     2.647829
 55.290000     6.047490     2.649377
 55.300000     6.073990     2.650637
 55.310000     6.100501     2.651609
 55.320000     6.127021     2.652290
 55.330000     6.153546     2.652681
 55.340000     6.180074     2.652779
 55.350000     6.206601     2.652583
 55.360000     6.233124     2.652094
 55.370000     6.259642     2.651311
 55.380000     6.286150     2.650234
 55.390000     6.312645     2.648863
 55.400000     6.339126     2.647197
 55.410000     6.365588     2.645239
 55.420000     6.392030     2.642988
 55.430000     6.418447     2.640445
 55.440000     6.444838     2.637611
 55.450000     6.471198     2.634489
 55.460000     6.497527     2.631079
 55.470000     6.523819     2.627383
 55.480000     6.550073     2.623403
 55.490000     6.576286     2.619142
 55.500000     6.602455     2.614601
 55.510000     6.628577     2.609783
 55.520000     6.654650     2.604692
 55.530000     6.680670     2.599329
 55.540000     6.706636     2.593698
 55.550000     6.732543     2.587803
 55.560000     6.758391     2.581646
 55.570000     6.784175     2.575231
 55.580000     6.809895     2.568563
 55.590000     6.835546     2.561644
 55.600000     6.861127     2.554479
 55.610000     6.886635     2.547073
 55.620000     6.912067     2.539429
 55.630000     6.937422     2.531551
 55.640000     6.962698     2.523445
 55.650000     6.987891     2.515116
 55.660000     7.012999     2.506567
 55.670000     7.038021     2.497803
 55.680000     7.062954     2.488830
 55.690000     7.087797     2.479653
 55.700000     7.112547     2.470277
 55.710000     7.137202     2.460706
 55.720000     7.161760     2.450947
 55.730000     7.186220     2.441005
 55.740000     7.210580     2.430884
 55.750000     7.234837     2.420590
 55.760000     7.258991     2.410129
 55.770000     7.283039     2.399506
 55.780000     7.306981     2.388727
 55.790000     7.330813     2.377797
 55.800000     7.354536     2.366722
 55.810000     7.378147     2.355507
 55.820000     7.401646     2.344158
 55.830000     7.425030     2.332680
 55.840000     7.448299     2.321079
 55.850000     7.471451     2.309360
 55.860000     7.494486     2.297529
 55.870000     7.517402     2.285591
 55.880000     7.540197     2.273552
 55.890000     7.562872     2.261417
 55.900000     7.585425     2.249192
 55.910000     7.607856     2.236881
 55.920000     7.630163     2.224491
 55.930000     7.652345     2.212025
 55.940000     7.674403     2.199490
 55.950000     7.696335     2.186891
 55.960000     7.718141     2.174232
 55.970000     7.739819     2.161519
 55.980000     7.761371     2.148757
 55.990000     7.782794     2.135950
 56.000000     7.804090     2.123103
 56.010000     7.825256     2.110221
 56.020000     7.846294     2.097308
 56.030000     7.867202     2.084370
 56.040000     7.887981     2.071410
 56.050000     7.908631     2.058432
 56.060000     7.929150     2.045443
 56.070000     7.949539     2.032444
 56.080000     7.969799     2.019441
 56.090000     7.989928     2.006438
 56.100000     8.009928     1.993439
 56.110000     8.029797     1.980447
 56.120000     8.049537     1.967466
 56.130000     8.069146     1.954500
 56.140000     8.088627     1.941553
 56.150000     8.107978     1.928628
 56.160000     8.127199     1.915729
 56.170000     8.146292     1.902858
 56.180000     8.165257     1.890020
 56.190000     8.184093     1.877217
 56.200000     8.202801     1.864452
 56.210000     8.221382     1.851729
 56.220000     8.239836     1.839051
 56.230000     8.258163     1.826419
 56.240000     8.276364     1.813837
 56.250000     8.294440     1.801308
 56.260000     8.312391     1.788834
 56.270000     8.330217     1.776418
 56.280000     8.347919     1.764061
 56.290000     8.365498     1.751767
 56.300000     8.382955     1.739537
 56.310000     8.400289     1.727375
 56.320000     8.417503     1.715281
 56.330000     8.434595     1.703258
 56.340000     8.451568     1.691307
 56.350000     8.468422     1.679431
 56.360000     8.485157     1.667632
 56.370000     8.501774     1.655911
 56.380000     8.518275     1.644269
 56.390000     8.534660     1.632709
 56.400000     8.550930     1.621232
 56.410000     8.567085     1.609839
 56.420000     8.583127     1.598532
 56.430000     8.599056     1.587312
 56.440000     8.614873     1.576180
 56.450000     8.630580     1.565138
 56.460000     8.646176     1.554186
 56.470000     8.661664     1.543327
 56.480000     8.677043     1.532559
 56.490000     8.692315     1.521886
 56.500000     8.707481     1.511307
 56.510000     8.722542     1.500824
 56.520000     8.737498     1.490437
 56.530000     8.752351     1.480148
 56.540000     8.767101     1.469956
 56.550000     8.781750     1.459863
 56.560000     8.796299     1.449869
 56.570000     8.810748     1.439975
 56.580000     8.825099     1.430181
 56.590000     8.839352     1.420488
 56.600000     8.853509     1.410897
 56.610000     8.867570     1.401407
 56.620000     8.881537     1.392020
 56.630000     8.895411     1.382735
 56.640000     8.909192     1.373553
 56.650000     8.922882     1.364474
 56.660000     8.936482     1.355499
 56.670000     8.949993     1.346627
 56.680000     8.963415     1.337860
 56.690000     8.976750     1.329196
 56.700000     8.989999     1.320637
 56.710000     9.003163     1.312182
 56.720000     9.016243     1.303832
 56.730000     9.029240     1.295586
 56.740000     9.042155     1.287445
 56.750000     9.054990     1.279409
 56.760000     9.067744     1.271477
 56.770000     9.080420     1.263650
 56.780000     9.093017     1.255928
 56.790000     9.105538     1.248311
 56.800000     9.117984     1.240798
 56.810000     9.130355     1.233389
 56.820000     9.142652     1.226085
 56.830000     9.154877     1.218885
 56.840000     9.167030     1.211790
 56.850000     9.179113     1.204798
 56.860000     9.191126     1.197910
 56.870000     9.203072     1.191126
 56.880000     9.214949     1.184446
 56.890000     9.226761     1.177869
 56.900000     9.238507     1.171395
 56.910000     9.250189     1.165024
 56.920000     9.261808     1.158756
 56.930000     9.273364     1.152590
 56.940000     9.284860     1.146526
 56.950000     9.296295     1.140565
 56.960000     9.307672     1.134705
 56.970000     9.318990     1.128947
 56.980000     9.330251     1.123290
 56.990000     9.341456     1.117734
 57.000000     9.352606     1.112279
 57.010000     9.363702     1.106924
 57.020000     9.374745     1.101670
 57.030000     9.385736     1.096515
 57.040000     9.396675     1.091460
 57.050000     9.407565     1.086504
 57.060000     9.418406     1.081647
 57.070000     9.429198     1.076889
 57.080000     9.439944     1.072229
 57.090000     9.450643     1.067667
 57.100000     9.461298     1.063203
 57.110000     9.471908     1.058837
 57.120000     9.482475     1.054567
 57.130000     9.492999     1.050395
 57.140000     9.503483     1.046318
 57.150000     9.513926     1.042339
 57.160000     9.524330     1.038455
 57.170000     9.534695     1.034666
 57.180000     9.545024     1.030973
 57.190000     9.555315     1.027375
 57.200000     9.565571     1.023871
 57.210000     9.575793     1.020462
 57.220000     9.585981     1.017147
 57.230000     9.596136     1.013925
 57.240000     9.606260     1.010797
 57.250000     9.616352     1.007762
 57.260000     9.626415     1.004820
 57.270000     9.636449     1.001970
 57.280000     9.646455     0.999212
 57.290000     9.656434     0.996546
 57.300000     9.666386     0.993972
 57.310000     9.676313     0.991489
 57.320000     9.686216     0.989096
 57.330000     9.696096     0.986795
 57.340000     9.705952     0.984583
 57.350000     9.715788     0.982462
 57.360000     9.725602     0.980430
 57.370000     9.735397     0.978488
 57.380000     9.745172     0.976635
 57.390000     9.754930     0.974870
 57.400000     9.764670     0.973194
 57.410000     9.774394     0.971607
 57.420000     9.784102     0.970107
 57.430000     9.793796     0.968695
 57.440000     9.803476     0.967371
 57.450000     9.813144     0.966133
 57.460000     9.822799     0.964982
 57.470000     9.832444     0.963918
 57.480000     9.842078     0.962940
 57.490000     9.851703     0.962048
 57.500000     9.861319     0.961242
 57.510000     9.870928     0.960521
 57.520000     9.880530     0.959885
 57.530000     9.890126     0.959334
 57.540000     9.899717     0.958867
 57.550000     9.909304     0.958485
 57.560000     9.918887     0.958186
 57.570000     9.928468     0.957972
 57.580000     9.938047     0.957841
 57.590000     9.947625     0.957793
 57.600000     9.957203     0.957828
 57.610000     9.966781     0.957945
 57.620000     9.976362     0.958145
 57.630000     9.985945     0.958427
 57.640000     9.995531     0.958791
 57.650000    10.005121     0.959236
 57.660000    10.014716     0.959762
 57.670000    10.024316     0.960369
 57.680000    10.033923     0.961057
 57.690000    10.043538     0.961825
 57.700000    10.053160     0.962673
 57.710000    10.062791     0.963601
 57.720000    10.072432     0.964609
 57.730000    10.082084     0.965695
 57.740000    10.091747     0.966861
 57.750000    10.101421     0.968105
 57.760000    10.111109     0.969427
 57.770000    10.120810     0.970827
 57.780000    10.130526     0.972305
 57.790000    10.140256     0.973860
 57.800000    10.150003     0.975492
 57.810000    10.159767     0.977201
 57.820000    10.169547     0.978986
 57.830000    10.179347     0.980847
 57.840000    10.189165     0.982784
 57.850000    10.199002     0.984796
 57.860000    10.208861     0.986883
 57.870000    10.218740     0.989045
 57.880000    10.228642     0.991281
 57.890000    10.238566     0.993590
 57.900000    10.248514     0.995974
 57.910000    10.258486     0.998430
 57.920000    10.268483     1.000959
 57.930000    10.278505     1.003561
 57.940000    10.288554     1.006234
 57.950000    10.298630     1.008979
 57.960000    10.308734     1.011795
 57.970000    10.318866     1.014682
 57.980000    10.329028     1.017638
 57.990000    10.339219     1.020665
 58.000000    10.349441     1.023761
 58.010000    10.359695     1.026926
 58.020000    10.369980     1.030159
 58.030000    10.380298     1.033460
 58.040000    10.390650     1.036828
 58.050000    10.401035     1.040264
 58.060000    10.411455     1.043765
 58.070000    10.421911     1.047333
 58.080000    10.432402     1.050965
 58.090000    10.442930     1.054663
 58.100000    10.453495     1.058424
 58.110000    10.464099     1.062249
 58.120000    10.474741     1.066137
 58.130000    10.485422     1.070088
 58.140000    10.496143     1.074100
 58.150000    10.506904     1.078173
 58.160000    10.517706     1.082306
 58.170000    10.528550     1.086500
 58.180000    10.539437     1.090752
 58.190000    10.550366     1.095062
 58.200000    10.561338     1.099431
 58.210000    10.572354     1.103856
 58.220000    10.583415     1.108337
 58.230000    10.594521     1.112874
 58.240000    10.605673     1.117465
 58.250000    10.616871     1.122110
 58.260000    10.628115     1.126808
 58.270000    10.639407     1.131558
 58.280000    10.650747     1.136359
 58.290000    10.662134     1.141211
 58.300000    10.673571     1.146112
 58.310000    10.685057     1.151062
 58.320000    10.696592     1.156060
 58.330000    10.708178     1.161104
 58.340000    10.719815     1.166194
 58.350000    10.731502     1.171328
 58.360000    10.743241     1.176506
 58.370000    10.755032     1.181727
 58.380000    10.766876     1.186990
 58.390000    10.778772     1.192292
 58.400000    10.790722     1.197635
 58.410000    10.802725     1.203015
 58.420000    10.814782     1.208433
 58.430000    10.826894     1.213887
 58.440000    10.839060     1.219375
 58.450000    10.851282     1.224897
 58.460000    10.863558     1.230452
 58.470000    10.875891     1.236037
 58.480000    10.888279     1.241653
 58.490000    10.900724     1.247296
 58.500000    10.913225     1.252967
 58.510000    10.925783     1.258664
 58.520000    10.938399     1.264385
 58.530000    10.951071     1.270129
 58.540000    10.963801     1.275894
 58.550000    10.976589     1.281680
 58.560000    10.989435     1.287485
 58.570000    11.002339     1.293306
 58.580000    11.015301     1.299144
 58.590000    11.028322     1.304995
 58.600000    11.041401     1.310859
 58.610000    11.054539     1.316734
 58.620000    11.067736     1.322619
 58.630000    11.080991     1.328511
 58.640000    11.094306     1.334409
 58.650000    11.107680     1.340312
 58.660000    11.121112     1.346218
 58.670000    11.134604     1.352124
 58.680000    11.148155     1.358030
 58.690000    11.161765     1.363933
 58.700000    11.175433     1.369832
 58.710000    11.189161     1.375725
 58.720000    11.202948     1.381611
 58.730000    11.216793     1.387486
 58.740000    11.230698     1.393350
 58.750000    11.244660     1.399200
 58.760000    11.258681     1.405035
 58.770000    11.272761     1.410853
 58.780000    11.286898     1.416652
 58.790000    11.301094     1.422429
 58.800000    11.315347     1.428184
 58.810000    11.329657     1.433913
 58.820000    11.344025     1.439615
 58.830000    11.358450     1.445289
 58.840000    11.372931     1.450931
 58.850000    11.387468     1.456540
 58.860000    11.402062     1.462114
 58.870000    11.416710     1.467651
 58.880000    11.431414     1.473148
 58.890000    11.446173     1.478605
 58.900000    11.460986     1.484018
 58.910000    11.475853     1.489385
 58.920000    11.490774     1.494705
 58.930000    11.505747     1.499975
 58.940000    11.520773     1.505194
 58.950000    11.535851     1.510359
 58.960000    11.550980     1.515468
 58.970000    11.566160     1.520518
 58.980000    11.581390     1.525509
 58.990000    11.596670     1.530438
 59.000000    11.611999     1.535302
 59.010000    11.627376     1.540100
 59.020000    11.642801     1.544829
 59.030000    11.658272     1.549488
 59.040000    11.673790     1.554075
 59.050000    11.689354     1.558586
 59.060000    11.704962     1.563021
 59.070000    11.720614     1.567378
 59.080000    11.736309     1.571653
 59.090000    11.752047     1.575846
 59.100000    11.767826     1.579954
 59.110000    11.783645     1.583976
 59.120000    11.799505     1.587908
 59.130000    11.815403     1.591751
 59.140000    11.831340     1.595500
 59.150000    11.847313     1.599156
 59.160000    11.863322     1.602715
 59.170000    11.879367     1.606176
 59.180000    11.895446     1.609537
 59.190000    11.911557     1.612797
 59.200000    11.927701     1.615953
 59.210000    11.943876     1.619004
 59.220000    11.960081     1.621948
 59.230000    11.976315     1.624784
 59.240000    11.992576     1.627509
 59.250000    12.008864     1.630123
 59.260000    12.025178     1.632624
 59.270000    12.041516     1.635010
 59.280000    12.057878     1.637280
 59.290000    12.074262     1.639432
 59.300000    12.090666     1.641466
 59.310000    12.107091     1.643379
 59.320000    12.123533     1.645170
 59.330000    12.139994     1.646839
 59.340000    12.156470     1.648383
 59.350000    12.172961     1.649802
 59.360000    12.189465     1.651095
 59.370000    12.205982     1.652261
 59.380000    12.222510     1.653298
 59.390000    12.239048     1.654206
 59.400000    12.255594     1.654984
 59.410000    12.272147     1.655630
 59.420000    12.288706     1.656145
 59.430000    12.305270     1.656527
 59.440000    12.321836     1.656776
 59.450000    12.338405     1.656891
 59.460000    12.354974     1.656872
 59.470000    12.371542     1.656717
 59.480000    12.388107     1.656427
 59.490000    12.404670     1.656001
 59.500000    12.421227     1.655439
 59.510000    12.437778     1.654740
 59.520000    12.454321     1.653905
 59.530000    12.470856     1.652933
 59.540000    12.487380     1.651823
 59.550000    12.503892     1.650577
 59.560000    12.520391     1.649193
 59.570000    12.536875     1.647673
 59.580000    12.553344     1.646015
 59.590000    12.569795     1.644221
 59.600000    12.586228     1.642291
 59.610000    12.602640     1.640224
 59.620000    12.619032     1.638021
 59.630000    12.635400     1.635683
 59.640000    12.651745     1.633210
 59.650000    12.668064     1.630602
 59.660000    12.684356     1.627861
 59.670000    12.700621     1.624986
 59.680000    12.716856     1.621979
 59.690000    12.733060     1.618839
 59.700000    12.749232     1.615569
 59.710000    12.765371     1.612168
 59.720000    12.781475     1.608638
 59.730000    12.797543     1.604979
 59.740000    12.813574     1.601193
 59.750000    12.829567     1.597281
 59.760000    12.845519     1.593243
 59.770000    12.861431     1.589081
 59.780000    12.877301     1.584796
 59.790000    12.893127     1.580389
 59.800000    12.908908     1.575861
 59.810000    12.924643     1.571214
 59.820000    12.940332     1.566449
 59.830000    12.955972     1.561567
 59.840000    12.971563     1.556570
 59.850000    12.987103     1.551459
 59.860000    13.002592     1.546236
 59.870000    13.018027     1.540902
 59.880000    13.033409     1.535459
 59.890000    13.048736     1.529908
 59.900000    13.064007     1.524251
 59.910000    13.079221     1.518489
 59.920000    13.094376     1.512625
 59.930000    13.109473     1.506660
 59.940000    13.124509     1.500595
 59.950000    13.139485     1.494432
 59.960000    13.154398     1.488174
 59.970000    13.169248     1.481821
 59.980000    13.184034     1.475376
 59.990000    13.198755     1.468841
 60.000000    13.213410     1.462216
 60.010000    13.227999     1.455505
 60.020000    13.242520     1.448709
 60.030000    13.256973     1.441829
 60.040000    13.271356     1.434868
 60.050000    13.285670     1.427828
 60.060000    13.299913     1.420710
 60.070000    13.314084     1.413517
 60.080000    13.328183     1.406250
 60.090000    13.342209     1.398910
 60.100000    13.356161     1.391501
 60.110000    13.370038     1.384024
 60.120000    13.383841     1.376481
 60.130000    13.397568     1.368874
 60.140000    13.411218     1.361204
 60.150000    13.424792     1.353474
 60.160000    13.438288     1.345685
 60.170000    13.451705     1.337840
 60.180000    13.465044     1.329940
 60.190000    13.478304     1.321988
 60.200000    13.491484     1.313984
 60.210000    13.504583     1.305931
 60.220000    13.517602     1.297832
 60.230000    13.530540     1.289686
 60.240000    13.543396     1.281497
 60.250000    13.556170     1.273267
 60.260000    13.568861     1.264997
 60.270000    13.581470     1.256688
 60.280000    13.593995     1.248343
 60.290000    13.606436     1.239964
 60.300000    13.618794     1.231552
 60.310000    13.631067     1.223109
 60.320000    13.643256     1.214636
 60.330000    13.655360     1.206136
 60.340000    13.667379     1.197610
 60.350000    13.679312     1.189059
 60.360000    13.691160     1.180486
 60.370000    13.702922     1.171892
 60.380000    13.714597     1.163278
 60.390000    13.726187     1.154647
 60.400000    13.737690     1.145999
 60.410000    13.749107     1.137337
 60.420000    13.760437     1.128661
 60.430000    13.771680     1.119973
 60.440000    13.782837     1.111276
 60.450000    13.793906     1.102569
 60.460000    13.804888     1.093855
 60.470000    13.815783     1.085135
 60.480000    13.826591     1.076410
 60.490000    13.837311     1.067682
 60.500000    13.847944     1.058952
 60.510000    13.858490     1.050222
 60.520000    13.868949     1.041492
 60.530000    13.879320     1.032764
 60.540000    13.889604     1.024039
 60.550000    13.899801     1.015318
 60.560000    13.909910     1.006603
 60.570000    13.919933     0.997895
 60.580000    13.929868     0.989194
 60.590000    13.939717     0.980503
 60.600000    13.949478     0.971821
 60.610000    13.959153     0.963151
 60.620000    13.968741     0.954492
 60.630000    13.978243     0.945847
 60.640000    13.987658     0.937215
 60.650000    13.996987     0.928599
 60.660000    14.006230     0.919999
 60.670000    14.015387     0.911416
 60.680000    14.024459     0.902850
 60.690000    14.033444     0.894303
 60.700000    14.042345     0.885776
 60.710000    14.051160     0.877269
 60.720000    14.059890     0.868783
 60.730000    14.068536     0.860319
 60.740000    14.077097     0.851878
 60.750000    14.085573     0.843460
 60.760000    14.093966     0.835067
 60.770000    14.102275     0.826698
 60.780000    14.110500     0.818354
 60.790000    14.118642     0.810037
 60.800000    14.126701     0.801746
 60.810000    14.134677     0.793483
 60.820000    14.142571     0.785248
 60.830000    14.150382     0.777041
 60.840000    14.158112     0.768863
 60.850000    14.165759     0.760714
 60.860000    14.173326     0.752596
 60.870000    14.180812     0.744508
 60.880000    14.188216     0.736451
 60.890000    14.195541     0.728426
 60.900000    14.202785     0.720432
 60.910000    14.209949     0.712470
 60.920000    14.217034     0.704541
 60.930000    14.224040     0.696645
 60.940000    14.230967     0.688783
 60.950000    14.237816     0.680954
 60.960000    14.244587     0.673159
 60.970000    14.251279     0.665398
 60.980000    14.257895     0.657672
 60.990000    14.264433     0.649980
 61.000000    14.270894     0.642324
 61.010000    14.277280     0.634703
 61.020000    14.283589     0.627117
 61.030000    14.289822     0.619567
 61.040000    14.295980     0.612053
 61.050000    14.302063     0.604575
 61.060000    14.308072     0.597134
 61.070000    14.314006     0.589728
 61.080000    14.319866     0.582360
 61.090000    14.325653     0.575027
 61.100000    14.331367     0.567732
 61.110000    14.337008     0.560473
 61.120000    14.342577     0.553251
 61.130000    14.348073     0.546067
 61.140000    14.353498     0.538919
 61.150000    14.358852     0.531808
 61.160000    14.364134     0.524734
 61.170000    14.369346     0.517698
 61.180000    14.374488     0.510698
 61.190000    14.379561     0.503736
 61.200000    14.384563     0.496811
 61.210000    14.389497     0.489922
 61.220000    14.394362     0.483071
 61.230000    14.399158     0.476257
 61.240000    14.403887     0.469480
 61.250000    14.408548     0.462739
 61.260000    14.413142     0.456036
 61.270000    14.417669     0.449369
 61.280000    14.422130     0.442739
 61.290000    14.426524     0.436145
 61.300000    14.430853     0.429587
 61.310000    14.435116     0.423066
 61.320000    14.439314     0.416581
 61.330000    14.443448     0.410133
 61.340000    14.447517     0.403720
 61.350000    14.451522     0.397342
 61.360000    14.455464     0.391001
 61.370000    14.459342     0.384694
 61.380000    14.463158     0.378423
 61.390000    14.466911     0.372187
 61.400000    14.470602     0.365986
 61.410000    14.474231     0.359820
 61.420000    14.477798     0.353688
 61.430000    14.481304     0.347590
 61.440000    14.484750     0.341527
 61.450000    14.488135     0.335497
 61.460000    14.491460     0.329501
 61.470000    14.494725     0.323539
 61.480000    14.497931     0.317610
 61.490000    14.501078     0.311713
 61.500000    14.504165     0.305850
 61.510000    14.507195     0.300018
 61.520000    14.510166     0.294219
 61.530000    14.513079     0.288452
 61.540000    14.515935     0.282717
 61.550000    14.518734     0.277013
 61.560000    14.521475     0.271341
 61.570000    14.524161     0.265699
 61.580000    14.526789     0.260088
 61.590000    14.529362     0.254507
 61.600000    14.531880     0.248957
 61.610000    14.534342     0.243436
 61.620000    14.536748     0.237944
 61.630000    14.539101     0.232482
 61.640000    14.541398     0.227049
 61.650000    14.543642     0.221644
 61.660000    14.545831     0.216268
 61.670000    14.547967     0.210919
 61.680000    14.550050     0.205598
 61.690000    14.552079     0.200305
 61.700000    14.554056     0.195039
 61.710000    14.555980     0.189799
 61.720000    14.557852     0.184586
 61.730000    14.559672     0.179399
 61.740000    14.561440     0.174238
 61.750000    14.563157     0.169102
 61.760000    14.564822     0.163991
 61.770000    14.566437     0.158905
 61.780000    14.568000     0.153844
 61.790000    14.569514     0.148807
 61.800000    14.570977     0.143793
 61.810000    14.572389     0.138803
 61.820000    14.573753     0.133836
 61.830000    14.575066     0.128892
 61.840000    14.576331     0.123970
 61.850000    14.577546     0.119071
 61.860000    14.578712     0.114193
 61.870000    14.579830     0.109336
 61.880000    14.580899     0.104501
 61.890000    14.581920     0.099686
 61.900000    14.582893     0.094891
 61.910000    14.583818     0.090117
 61.920000    14.584695     0.085362
 61.930000    14.585525     0.080627
 61.940000    14.586308     0.075910
 61.950000    14.587043     0.071212
 61.960000    14.587732     0.066533
 61.970000    14.588374     0.061871
 61.980000    14.588969     0.057227
 61.990000    14.589519     0.052600
 62.000000    14.590021     0.047989
 62.010000    14.590478     0.043396
 62.020000    14.590889     0.038818
 62.030000    14.591255     0.034256
 62.040000    14.591575     0.029709
 62.050000    14.591849     0.025178
 62.060000    14.592078     0.020661
 62.070000    14.592262     0.016158
 62.080000    14.592401     0.011670
 62.090000    14.592496     0.007195
 62.100000    14.592545     0.002733
 62.110000    14.592550    -0.001716
 62.120000    14.592511    -0.006152
 62.130000    14.592427    -0.010577
 62.140000    14.592300    -0.014989
 62.150000    14.592128    -0.019390
 62.160000    14.591912    -0.023780
 62.170000    14.591652    -0.028159
 62.180000    14.591349    -0.032528
 62.190000    14.591002    -0.036887
 62.200000    14.590611    -0.041236
 62.210000    14.590177    -0.045576
 62.220000    14.589699    -0.049907
 62.230000    14.589179    -0.054229
 62.240000    14.588615    -0.058543
 62.250000    14.588008    -0.062850
 62.260000    14.587358    -0.067148
 62.270000    14.586665    -0.071440
 62.280000    14.585929    -0.075725
 62.290000    14.585151    -0.080003
 62.300000    14.584329    -0.084275
 62.310000    14.583465    -0.088541
 62.320000    14.582558    -0.092802
 62.330000    14.581609    -0.097058
 62.340000    14.580617    -0.101310
 62.350000    14.579583    -0.105556
 62.360000    14.578506    -0.109799
 62.370000    14.577387    -0.114038
 62.380000    14.576225    -0.118274
 62.390000    14.575021    -0.122507
 62.400000    14.573775    -0.126737
 62.410000    14.572487    -0.130964
 62.420000    14.571156    -0.135190
 62.430000    14.569783    -0.139414
 62.440000    14.568368    -0.143637
 62.450000    14.566910    -0.147859
 62.460000    14.565410    -0.152080
 62.470000    14.563869    -0.156301
 62.480000    14.562284    -0.160521
 62.490000    14.560658    -0.164742
 62.500000    14.558990    -0.168964
 62.510000    14.557279    -0.173187
 62.520000    14.555526    -0.177411
 62.530000    14.553731    -0.181637
 62.540000    14.551893    -0.185864
 62.550000    14.550013    -0.190094
 62.560000    14.548091    -0.194327
 62.570000    14.546127    -0.198562
 62.580000    14.544120    -0.202801
 62.590000    14.542071    -0.207043
 62.600000    14.539979    -0.211289
 62.610000    14.537845    -0.215539
 62.620000    14.535668    -0.219793
 62.630000    14.533449    -0.224053
 62.640000    14.531187    -0.228317
 62.650000    14.528883    -0.232586
 62.660000    14.526535    -0.236861
 62.670000    14.524145    -0.241142
 62.680000    14.521713    -0.245430
 62.690000    14.519237    -0.249723
 62.700000    14.516718    -0.254024
 62.710000    14.514156    -0.258331
 62.720000    14.511551    -0.262646
 62.730000    14.508903    -0.266969
 62.740000    14.506212    -0.271299
 62.750000    14.503477    -0.275637
 62.760000    14.500699    -0.279984
 62.770000    14.497878    -0.284340
 62.780000    14.495012    -0.288704
 62.790000    14.492104    -0.293078
 62.800000    14.489151    -0.297461
 62.810000    14.486154    -0.301853
 62.820000    14.483114    -0.306256
 62.830000    14.480029    -0.310669
 62.840000    14.476900    -0.315092
 62.850000    14.473727    -0.319526
 62.860000    14.470510    -0.323971
 62.870000    14.467248    -0.328426
 62.880000    14.463941    -0.332894
 62.890000    14.460590    -0.337372
 62.900000    14.457194    -0.341863
 62.910000    14.453753    -0.346365
 62.920000    14.450266    -0.350880
 62.930000    14.446735    -0.355407
 62.940000    14.443158    -0.359947
 62.950000    14.439536    -0.364499
 62.960000    14.435868    -0.369065
 62.970000    14.432155    -0.373643
 62.980000    14.428395    -0.378235
 62.990000    14.424590    -0.382841
 63.000000    14.420738    -0.387460
 63.010000    14.416841    -0.392093
 63.020000    14.412897    -0.396740
 63.030000    14.408906    -0.401401
 63.040000    14.404869    -0.406076
 63.050000    14.400784    -0.410766
 63.060000    14.396653    -0.415471
 63.070000    14.392475    -0.420190
 63.080000    14.388249    -0.424925
 63.090000    14.383976    -0.429674
 63.100000    14.379656    -0.434438
 63.110000    14.375287    -0.439218
 63.120000    14.370871    -0.444013
 63.130000    14.366407    -0.448824
 63.140000    14.361895    -0.453649
 63.150000    14.357334    -0.458491
 63.160000    14.352725    -0.463348
 63.170000    14.348067    -0.468221
 63.180000    14.343360    -0.473110
 63.190000    14.338605    -0.478015
 63.200000    14.333800    -0.482936
 63.210000    14.328946    -0.487873
 63.220000    14.324043    -0.492826
 63.230000    14.319089    -0.497795
 63.240000    14.314087    -0.502780
 63.250000    14.309034    -0.507781
 63.260000    14.303931    -0.512798
 63.270000    14.298778    -0.517831
 63.280000    14.293574    -0.522881
 63.290000    14.288320    -0.527947
 63.300000    14.283015    -0.533028
 63.310000    14.277660    -0.538126
 63.320000    14.272253    -0.543240
 63.330000    14.266795    -0.548370
 63.340000    14.261285    -0.553515
 63.350000    14.255724    -0.558677
 63.360000    14.250112    -0.563854
 63.370000    14.244447    -0.569048
 63.380000    14.238731    -0.574256
 63.390000    14.232962    -0.579480
 63.400000    14.227141    -0.584720
 63.410000    14.221268    -0.589975
 63.420000    14.215341    -0.595245
 63.430000    14.209363    -0.600530
 63.440000    14.203331    -0.605830
 63.450000    14.197246    -0.611145
 63.460000    14.191108    -0.616474
 63.470000    14.184916    -0.621817
 63.480000    14.178671    -0.627175
 63.490000    14.172373    -0.632547
 63.500000    14.166021    -0.637932
 63.510000    14.159614    -0.643331
 63.520000    14.153154    -0.648743
 63.530000    14.146639    -0.654169
 63.540000    14.140070    -0.659607
 63.550000    14.133447    -0.665058
 63.560000    14.126769    -0.670521
 63.570000    14.120037    -0.675996
 63.580000    14.113249    -0.681483
 63.590000    14.106407    -0.686981
 63.600000    14.099510    -0.692490
 63.610000    14.092557    -0.698010
 63.620000    14.085549    -0.703540
 63.630000    14.078486    -0.709081
 63.640000    14.071368    -0.714631
 63.650000    14.064194    -0.720190
 63.660000    14.056964    -0.725758
 63.670000    14.049678    -0.731335
 63.680000    14.042337    -0.736919
 63.690000    14.034940    -0.742512
 63.700000    14.027487    -0.748111
 63.710000    14.019978    -0.753718
 63.720000    14.012413    -0.759330
 63.730000    14.004791    -0.764949
 63.740000    13.997114    -0.770572
 63.750000    13.989380    -0.776201
 63.760000    13.981590    -0.781834
 63.770000    13.973743    -0.787470
 63.780000    13.965840    -0.793110
 63.790000    13.957881    -0.798752
 63.800000    13.949865    -0.804396
 63.810000    13.941793    -0.810042
 63.820000    13.933664    -0.815689
 63.830000    13.925479    -0.821336
 63.840000    13.917238    -0.826983
 63.850000    13.908939    -0.832628
 63.860000    13.900585    -0.838273
 63.870000    13.892174    -0.843914
 63.880000    13.883707    -0.849553
 63.890000    13.875183    -0.855188
 63.900000    13.866603    -0.860819
 63.910000    13.857967    -0.866445
 63.920000    13.849274    -0.872065
 63.930000    13.840525    -0.877678
 63.940000    13.831721    -0.883284
 63.950000    13.822860    -0.888882
 63.960000    13.813943    -0.894471
 63.970000    13.804970    -0.900051
 63.980000    13.795942    -0.905620
 63.990000    13.786858    -0.911178
 64.000000    13.777718    -0.916724
 64.010000    13.768523    -0.922257
 64.020000    13.759273    -0.927776
 64.030000    13.749968    -0.933281
 64.040000    13.740608    -0.938770
 64.050000    13.731193    -0.944243
 64.060000    13.721723    -0.949698
 64.070000    13.712199    -0.955136
 64.080000    13.702620    -0.960554
 64.090000    13.692988    -0.965952
 64.100000    13.683301    -0.971329
 64.110000    13.673561    -0.976685
 64.120000    13.663768    -0.982017
 64.130000    13.653921    -0.987326
 64.140000    13.644021    -0.992610
 64.150000    13.634069    -0.997868
 64.160000    13.624064    -1.003099
 64.170000    13.614007    -1.008303
 64.180000    13.603898    -1.013477
 64.190000    13.593738    -1.018622
 64.200000    13.583526    -1.023736
 64.210000    13.573263    -1.028818
 64.220000    13.562949    -1.033868
 64.230000    13.552586    -1.038883
 64.240000    13.542172    -1.043863
 64.250000    13.531709    -1.048808
 64.260000    13.521196    -1.053715
 64.270000    13.510634    -1.058584
 64.280000    13.500024    -1.063413
 64.290000    13.489366    -1.068202
 64.300000    13.478660    -1.072950
 64.310000    13.467907    -1.077655
 64.320000    13.457107    -1.082317
 64.330000    13.446261    -1.086934
 64.340000    13.435369    -1.091505
 64.350000    13.424431    -1.096030
 64.360000    13.413448    -1.100506
 64.370000    13.402421    -1.104933
 64.380000    13.391350    -1.109311
 64.390000    13.380235    -1.113636
 64.400000    13.369077    -1.117910
 64.410000    13.357877    -1.122130
 64.420000    13.346635    -1.126296
 64.430000    13.335351    -1.130406
 64.440000    13.324027    -1.134459
 64.450000    13.312662    -1.138455
 64.460000    13.301258    -1.142392
 64.470000    13.289815    -1.146269
 64.480000    13.278333    -1.150084
 64.490000    13.266813    -1.153838
 64.500000    13.255256    -1.157529
 64.510000    13.243663    -1.161156
 64.520000    13.232034    -1.164718
 64.530000    13.220369    -1.168213
 64.540000    13.208670    -1.171642
 64.550000    13.196936    -1.175002
 64.560000    13.185170    -1.178293
 64.570000    13.173371    -1.181513
 64.580000    13.161540    -1.184663
 64.590000    13.149678    -1.187741
 64.600000    13.137785    -1.190745
 64.610000    13.125863    -1.193676
 64.620000    13.113912    -1.196532
 64.630000    13.101933    -1.199312
 64.640000    13.089926    -1.202015
 64.650000    13.077893    -1.204640
 64.660000    13.065833    -1.207188
 64.670000    13.053749    -1.209656
 64.680000    13.041640    -1.212043
 64.690000    13.029508    -1.214350
 64.700000    13.017354    -1.216575
 64.710000    13.005177    -1.218718
 64.720000    12.992980    -1.220778
 64.730000    12.980762    -1.222753
 64.740000    12.968525    -1.224644
 64.750000    12.956269    -1.226450
 64.760000    12.943996    -1.228169
 64.770000    12.931706    -1.229802
 64.780000    12.919400    -1.231347
 64.790000    12.907080    -1.232805
 64.800000    12.894745    -1.234174
 64.810000    12.882396    -1.235453
 64.820000    12.870036    -1.236644
 64.830000    12.857664    -1.237744
 64.840000    12.845281    -1.238753
 64.850000    12.832889    -1.239672
 64.860000    12.820488    -1.240499
 64.870000    12.808079    -1.241234
 64.880000    12.795664    -1.241877
 64.890000    12.783242    -1.242427
 64.900000    12.770816    -1.242884
 64.910000    12.758385    -1.243248
 64.920000    12.745951    -1.243518
 64.930000    12.733515    -1.243694
 64.940000    12.721077    -1.243776
 64.950000    12.708640    -1.243764
 64.960000    12.696202    -1.243658
 64.970000    12.683767    -1.243457
 64.980000    12.671334    -1.243161
 64.990000    12.658904    -1.242770
 65.000000    12.646478    -1.242285
 65.010000    12.634058    -1.241704
 65.020000    12.621645    -1.241029
 65.030000    12.609238    -1.240258
 65.040000    12.596840    -1.239393
 65.050000    12.584451    -1.238433
 65.060000    12.572072    -1.237379
 65.070000    12.559703    -1.236230
 65.080000    12.547347    -1.234986
 65.090000    12.535004    -1.233648
 65.100000    12.522675    -1.232217
 65.110000    12.510360    -1.230691
 65.120000    12.498061    -1.229072
 65.130000    12.485779    -1.227360
 65.140000    12.473514    -1.225555
 65.150000    12.461268    -1.223657
 65.160000    12.449041    -1.221667
 65.170000    12.436835    -1.219586
 65.180000    12.424650    -1.217413
 65.190000    12.412487    -1.215149
 65.200000    12.400347    -1.212795
 65.210000    12.388231    -1.210350
 65.220000    12.376141    -1.207817
 65.230000    12.364075    -1.205194
 65.240000    12.352037    -1.202483
 65.250000    12.340026    -1.199685
 65.260000    12.328044    -1.196799
 65.270000    12.316090    -1.193827
 65.280000    12.304167    -1.190769
 65.290000    12.292275    -1.187625
 65.300000    12.280415    -1.184398
 65.310000    12.268588    -1.181086
 65.320000    12.256794    -1.177692
 65.330000    12.245034    -1.174215
 65.340000    12.233310    -1.170657
 65.350000    12.221621    -1.167018
 65.360000    12.209970    -1.163299
 65.370000    12.198355    -1.159501
 65.380000    12.186780    -1.155625
 65.390000    12.175243    -1.151672
 65.400000    12.163747    -1.147642
 65.410000    12.152291    -1.143537
 65.420000    12.140876    -1.139356
 65.430000    12.129504    -1.135102
 65.440000    12.118174    -1.130776
 65.450000    12.106888    -1.126377
 65.460000    12.095647    -1.121907
 65.470000    12.084451    -1.117367
 65.480000    12.073300    -1.112759
 65.490000    12.062196    -1.108082
 65.500000    12.051138    -1.103338
 65.510000    12.040129    -1.098528
 65.520000    12.029168    -1.093654
 65.530000    12.018256    -1.088715
 65.540000    12.007394    -1.083713
 65.550000    11.996582    -1.078650
 65.560000    11.985821    -1.073525
 65.570000    11.975112    -1.068341
 65.580000    11.964455    -1.063098
 65.590000    11.953850    -1.057797
 65.600000    11.943299    -1.052439
 65.610000    11.932801    -1.047026
 65.620000    11.922359    -1.041558
 65.630000    11.911970    -1.036037
 65.640000    11.901638    -1.030464
 65.650000    11.891361    -1.024839
 65.660000    11.881141    -1.019164
 65.670000    11.870978    -1.013440
 65.680000    11.860873    -1.007668
 65.690000    11.850825    -1.001849
 65.700000    11.840836    -0.995984
 65.710000    11.830906    -0.990074
 65.720000    11.821035    -0.984120
 65.730000    11.811223    -0.978124
 65.740000    11.801472    -0.972085
 65.750000    11.791782    -0.966007
 65.760000    11.782152    -0.959889
 65.770000    11.772584    -0.953732
 65.780000    11.763078    -0.947538
 65.790000    11.753633    -0.941307
 65.800000    11.744252    -0.935041
 65.810000    11.734933    -0.928741
 65.820000    11.725677    -0.922408
 65.830000    11.716485    -0.916042
 65.840000    11.707356    -0.909645
 65.850000    11.698292    -0.903218
 65.860000    11.689292    -0.896762
 65.870000    11.680357    -0.890277
 65.880000    11.671486    -0.883765
 65.890000    11.662681    -0.877227
 65.900000    11.653942    -0.870664
 65.910000    11.645268    -0.864076
 65.920000    11.636661    -0.857465
 65.930000    11.628119    -0.850831
 65.940000    11.619644    -0.844176
 65.950000    11.611236    -0.837500
 65.960000    11.602894    -0.830804
 65.970000    11.594620    -0.824090
 65.980000    11.586412    -0.817357
 65.990000    11.578273    -0.810608
 66.000000    11.570200    -0.803843
 66.010000    11.562196    -0.797062
 66.020000    11.554259    -0.790266
 66.030000    11.546390    -0.783458
 66.040000    11.538590    -0.776636
 66.050000    11.530858    -0.769802
 66.060000    11.523194    -0.762957
 66.070000    11.515599    -0.756102
 66.080000    11.508072    -0.749237
 66.090000    11.500614    -0.742363
 66.100000    11.493225    -0.735481
 66.110000    11.485904    -0.728592
 66.120000    11.478653    -0.721696
 66.130000    11.471470    -0.714794
 66.140000    11.464357    -0.707887
 66.150000    11.457313    -0.700976
 66.160000    11.450338    -0.694060
 66.170000    11.443432    -0.687142
 66.180000    11.436595    -0.680221
 66.190000    11.429827    -0.673298
 66.200000    11.423129    -0.666374
 66.210000    11.416500    -0.659449
 66.220000    11.409940    -0.652524
 66.230000    11.403449    -0.645600
 66.240000    11.397028    -0.638677
 66.250000    11.390676    -0.631756
 66.260000    11.384393    -0.624836
 66.270000    11.378179    -0.617920
 66.280000    11.372034    -0.611007
 66.290000    11.365959    -0.604099
 66.300000    11.359952    -0.597194
 66.310000    11.354015    -0.590294
 66.320000    11.348146    -0.583400
 66.330000    11.342347    -0.576512
 66.340000    11.336616    -0.569630
 66.350000    11.330954    -0.562754
 66.360000    11.325361    -0.555886
 66.370000    11.319836    -0.549026
 66.380000    11.314380    -0.542173
 66.390000    11.308993    -0.535329
 66.400000    11.303674    -0.528494
 66.410000    11.298423    -0.521668
 66.420000    11.293240    -0.514852
 66.430000    11.288126    -0.508046
 66.440000    11.283079    -0.501250
 66.450000    11.278101    -0.494464
 66.460000    11.273190    -0.487690
 66.470000    11.268347    -0.480927
 66.480000    11.263572    -0.474175
 66.490000    11.258864    -0.467436
 66.500000    11.254223    -0.460708
 66.510000    11.249649    -0.453993
 66.520000    11.245143    -0.447291
 66.530000    11.240703    -0.440602
 66.540000    11.236331    -0.433925
 66.550000    11.232025    -0.427263
 66.560000    11.227786    -0.420614
 66.570000    11.223613    -0.413979
 66.580000    11.219506    -0.407358
 66.590000    11.215465    -0.400751
 66.600000    11.211491    -0.394159
 66.610000    11.207582    -0.387582
 66.620000    11.203739    -0.381019
 66.630000    11.199962    -0.374472
 66.640000    11.196250    -0.367940
 66.650000    11.192603    -0.361423
 66.660000    11.189021    -0.354921
 66.670000    11.185504    -0.348435
 66.680000    11.182052    -0.341965
 66.690000    11.178665    -0.335511
 66.700000    11.175342    -0.329072
 66.710000    11.172084    -0.322650
 66.720000    11.168889    -0.316244
 66.730000    11.165759    -0.309854
 66.740000    11.162692    -0.303481
 66.750000    11.159689    -0.297124
 66.760000    11.156749    -0.290783
 66.770000    11.153873    -0.284459
 66.780000    11.151060    -0.278151
 66.790000    11.148310    -0.271860
 66.800000    11.145623    -0.265586
 66.810000    11.142998    -0.259329
 66.820000    11.140436    -0.253088
 66.830000    11.137937    -0.246864
 66.840000    11.135499    -0.240657
 66.850000    11.133123    -0.234466
 66.860000    11.130810    -0.228292
 66.870000    11.128557    -0.222136
 66.880000    11.126367    -0.215996
 66.890000    11.124237    -0.209872
 66.900000    11.122169    -0.203766
 66.910000    11.120162    -0.197676
 66.920000    11.118216    -0.191603
 66.930000    11.116330    -0.185547
 66.940000    11.114505    -0.179508
 66.950000    11.112740    -0.173485
 66.960000    11.111035    -0.167479
 66.970000    11.109390    -0.161489
 66.980000    11.107805    -0.155516
 66.990000    11.106280    -0.149559
 67.000000    11.104814    -0.143619
 67.010000    11.103407    -0.137695
 67.020000    11.102060    -0.131788
 67.030000    11.100772    -0.125896
 67.040000    11.099542    -0.120021
 67.050000    11.098371    -0.114162
 67.060000    11.097259    -0.108319
 67.070000    11.096205    -0.102492
 67.080000    11.095209    -0.096681
 67.090000    11.094271    -0.090886
 67.100000    11.093391    -0.085106
 67.110000    11.092569    -0.079342
 67.120000    11.091804    -0.073594
 67.130000    11.091097    -0.067861
 67.140000    11.090447    -0.062143
 67.150000    11.089854    -0.056441
 67.160000    11.089318    -0.050753
 67.170000    11.088839    -0.045081
 67.180000    11.088416    -0.039424
 67.190000    11.088050    -0.033782
 67.200000    11.087741    -0.028154
 67.210000    11.087487    -0.022541
 67.220000    11.087290    -0.016943
 67.230000    11.087148    -0.011359
 67.240000    11.087063    -0.005789
 67.250000    11.087032    -0.000234
 67.260000    11.087058     0.005307
 67.270000    11.087138     0.010834
 67.280000    11.087274     0.016347
 67.290000    11.087465     0.021847
 67.300000    11.087711     0.027333
 67.310000    11.088012     0.032805
 67.320000    11.088367     0.038263
 67.330000    11.088777     0.043709
 67.340000    11.089241     0.049141
 67.350000    11.089760     0.054559
 67.360000    11.090333     0.059965
 67.370000    11.090959     0.065358
 67.380000    11.091640     0.070738
 67.390000    11.092374     0.076106
 67.400000    11.093162     0.081460
 67.410000    11.094003     0.086803
 67.420000    11.094898     0.092132
 67.430000    11.095846     0.097450
 67.440000    11.096847     0.102755
 67.450000    11.097901     0.108049
 67.460000    11.099008     0.113330
 67.470000    11.100167     0.118600
 67.480000    11.101380     0.123857
 67.490000    11.102644     0.129103
 67.500000    11.103962     0.134338
 67.510000    11.105331     0.139561
 67.520000    11.106753     0.144772
 67.530000    11.108227     0.149973
 67.540000    11.109752     0.155162
 67.550000    11.111330     0.160340
 67.560000    11.112959     0.165507
 67.570000    11.114640     0.170663
 67.580000    11.116372     0.175808
 67.590000    11.118156     0.180943
 67.600000    11.119991     0.186066
 67.610000    11.121877     0.191179
 67.620000    11.123815     0.196282
 67.630000    11.125803     0.201374
 67.640000    11.127842     0.206456
 67.650000    11.129932     0.211527
 67.660000    11.132073     0.216588
 67.670000    11.134264     0.221639
 67.680000    11.136505     0.226680
 67.690000    11.138797     0.231710
 67.700000    11.141140     0.236731
 67.710000    11.143532     0.241741
 67.720000    11.145974     0.246742
 67.730000    11.148467     0.251732
 67.740000    11.151009     0.256713
 67.750000    11.153601     0.261684
 67.760000    11.156243     0.266645
 67.770000    11.158934     0.271597
 67.780000    11.161674     0.276538
 67.790000    11.164465     0.281470
 67.800000    11.167304     0.286392
 67.810000    11.170192     0.291305
 67.820000    11.173130     0.296208
 67.830000    11.176116     0.301101
 67.840000    11.179152     0.305984
 67.850000    11.182236     0.310858
 67.860000    11.185369     0.315722
 67.870000    11.188551     0.320577
 67.880000    11.191781     0.325421
 67.890000    11.195059     0.330256
 67.900000    11.198386     0.335082
 67.910000    11.201761     0.339897
 67.920000    11.205184     0.344703
 67.930000    11.208655     0.349499
 67.940000    11.212173     0.354285
 67.950000    11.215740     0.359061
 67.960000    11.219355     0.363827
 67.970000    11.223017     0.368583
 67.980000    11.226726     0.373329
 67.990000    11.230483     0.378065
 68.000000    11.234288     0.382790
 68.010000    11.238139     0.387506
 68.020000    11.242038     0.392211
 68.030000    11.245983     0.396906
 68.040000    11.249976     0.401590
 68.050000    11.254015     0.406263
 68.060000    11.258101     0.410926
 68.070000    11.262233     0.415578
 68.080000    11.266412     0.420219
 68.090000    11.270638     0.424849
 68.100000    11.274909     0.429468
 68.110000    11.279227     0.434076
 68.120000    11.283591     0.438672
 68.130000    11.288001     0.443257
 68.140000    11.292456     0.447830
 68.150000    11.296957     0.452391
 68.160000    11.301504     0.456941
 68.170000    11.306096     0.461478
 68.180000    11.310733     0.466003
 68.190000    11.315416     0.470515
 68.200000    11.320144     0.475015
 68.210000    11.324916     0.479503
 68.220000    11.329734     0.483977
 68.230000    11.334596     0.488438
 68.240000    11.339502     0.492886
 68.250000    11.344453     0.497320
 68.260000    11.349449     0.501740
 68.270000    11.354488     0.506147
 68.280000    11.359571     0.510539
 68.290000    11.364699     0.514917
 68.300000    11.369870     0.519281
 68.310000    11.375084     0.523629
 68.320000    11.380342     0.527963
 68.330000    11.385644     0.532281
 68.340000    11.390988     0.536584
 68.350000    11.396375     0.540871
 68.360000    11.401805     0.545142
 68.370000    11.407278     0.549396
 68.380000    11.412793     0.553634
 68.390000    11.418351     0.557856
 68.400000    11.423950     0.562060
 68.410000    11.429592     0.566246
 68.420000    11.435275     0.570415
 68.430000    11.441000     0.574566
 68.440000    11.446766     0.578699
 68.450000    11.452574     0.582813
 68.460000    11.458423     0.586908
 68.470000    11.464312     0.590984
 68.480000    11.470242     0.595041
 68.490000    11.476213     0.599077
 68.500000    11.482224     0.603093
 68.510000    11.488275     0.607089
 68.520000    11.494365     0.611064
 68.530000    11.500496     0.615018
 68.540000    11.506666     0.618951
 68.550000    11.512875     0.622861
 68.560000    11.519123     0.626749
 68.570000    11.525410     0.630615
 68.580000    11.531735     0.634457
 68.590000    11.538099     0.638277
 68.600000    11.544500     0.642072
 68.610000    11.550940     0.645844
 68.620000    11.557417     0.649591
 68.630000    11.563932     0.653313
 68.640000    11.570483     0.657010
 68.650000    11.577072     0.660681
 68.660000    11.583697     0.664326
 68.670000    11.590358     0.667945
 68.680000    11.597056     0.671537
 68.690000    11.603789     0.675102
 68.700000    11.610558     0.678639
 68.710000    11.617362     0.682148
 68.720000    11.624201     0.685629
 68.730000    11.631074     0.689080
 68.740000    11.637982     0.692503
 68.750000    11.644924     0.695896
 68.760000    11.651900     0.699258
 68.770000    11.658909     0.702590
 68.780000    11.665952     0.705891
 68.790000    11.673027     0.709161
 68.800000    11.680135     0.712399
 68.810000    11.687275     0.715604
 68.820000    11.694447     0.718777
 68.830000    11.701650     0.721917
 68.840000    11.708885     0.725023
 68.850000    11.716151     0.728095
 68.860000    11.723447     0.731132
 68.870000    11.730773     0.734135
 68.880000    11.738129     0.737102
 68.890000    11.745515     0.740034
 68.900000    11.752930     0.742929
 68.910000    11.760373     0.745787
 68.920000    11.767845     0.748609
 68.930000    11.775345     0.751393
 68.940000    11.782873     0.754139
 68.950000    11.790428     0.756846
 68.960000    11.798010     0.759515
 68.970000    11.805618     0.762144
 68.980000    11.813253     0.764733
 68.990000    11.820913     0.767283
 69.000000    11.828598     0.769791
 69.010000    11.836308     0.772259
 69.020000    11.844043     0.774685
 69.030000    11.851802     0.777070
 69.040000    11.859584     0.779411
 69.050000    11.867390     0.781711
 69.060000    11.875219     0.783967
 69.070000    11.883069     0.786179
 69.080000    11.890942     0.788348
 69.090000    11.898836     0.790472
 69.100000    11.906751     0.792551
 69.110000    11.914687     0.794585
 69.120000    11.922643     0.796574
 69.130000    11.930618     0.798516
 69.140000    11.938613     0.800412
 69.150000    11.946626     0.802261
 69.160000    11.954658     0.804063
 69.170000    11.962708     0.805818
 69.180000    11.970774     0.807524
 69.190000    11.978858     0.809183
 69.200000    11.986958     0.810792
 69.210000    11.995074     0.812353
 69.220000    12.003205     0.813865
 69.230000    12.011351     0.815326
 69.240000    12.019511     0.816738
 69.250000    12.027685     0.818099
 69.260000    12.035873     0.819410
 69.270000    12.044073     0.820669
 69.280000    12.052286     0.821877
 69.290000    12.060511     0.823034
 69.300000    12.068747     0.824139
 69.310000    12.076993     0.825191
 69.320000    12.085250     0.826191
 69.330000    12.093517     0.827139
 69.340000    12.101793     0.828033
 69.350000    12.110077     0.828874
 69.360000    12.118370     0.829661
 69.370000    12.126670     0.830395
 69.380000    12.134978     0.831075
 69.390000    12.143292     0.831700
 69.400000    12.151612     0.832271
 69.410000    12.159937     0.832787
 69.420000    12.168267     0.833249
 69.430000    12.176602     0.833655
 69.440000    12.184940     0.834006
 69.450000    12.193282     0.834302
 69.460000    12.201626     0.834542
 69.470000    12.209972     0.834726
 69.480000    12.218320     0.834855
 69.490000    12.226669     0.834927
 69.500000    12.235019     0.834944
 69.510000    12.243368     0.834904
 69.520000    12.251717     0.834808
 69.530000    12.260064     0.834656
 69.540000    12.268409     0.834446
 69.550000    12.276753     0.834181
 69.560000    12.285093     0.833859
 69.570000    12.293430     0.833480
 69.580000    12.301762     0.833044
 69.590000    12.310090     0.832551
 69.600000    12.318413     0.832002
 69.610000    12.326730     0.831396
 69.620000    12.335041     0.830733
 69.630000    12.343345     0.830014
 69.640000    12.351641     0.829237
 69.650000    12.359929     0.828404
 69.660000    12.368209     0.827514
 69.670000    12.376479     0.826568
 69.680000    12.384740     0.825565
 69.690000    12.392990     0.824505
 69.700000    12.401230     0.823389
 69.710000    12.409458     0.822217
 69.720000    12.417674     0.820989
 69.730000    12.425878     0.819704
 69.740000    12.434068     0.818363
 69.750000    12.442245     0.816967
 69.760000    12.450407     0.815515
 69.770000    12.458555     0.814008
 69.780000    12.466687     0.812445
 69.790000    12.474804     0.810827
 69.800000    12.482903     0.809154
 69.810000    12.490986     0.807426
 69.820000    12.499052     0.805643
 69.830000    12.507099     0.803807
 69.840000    12.515128     0.801916
 69.850000    12.523137     0.799971
 69.860000    12.531127     0.797973
 69.870000    12.539097     0.795921
 69.880000    12.547045     0.793817
 69.890000    12.554973     0.791659
 69.900000    12.562878     0.789449
 69.910000    12.570761     0.787187
 69.920000    12.578622     0.784873
 69.930000    12.586459     0.782507
 69.940000    12.594272     0.780090
 69.950000    12.602060     0.777622
 69.960000    12.609824     0.775103
 69.970000    12.617562     0.772535
 69.980000    12.625275     0.769916
 69.990000    12.632960     0.767248
 70.000000    12.640619     0.764531
 70.010000    12.648251     0.761764
 70.020000    12.655855     0.758950
 70.030000    12.663430     0.756088
 70.040000    12.670976     0.753178
 70.050000    12.678493     0.750221
 70.060000    12.685980     0.747217
 70.070000    12.693437     0.744167
 70.080000    12.700864     0.741071
 70.090000    12.708259     0.737930
 70.100000    12.715622     0.734744
 70.110000    12.722953     0.731513
 70.120000    12.730252     0.728238
 70.130000    12.737518     0.724920
 70.140000    12.744750     0.721559
 70.150000    12.751949     0.718155
 70.160000    12.759113     0.714709
 70.170000    12.766243     0.711221
 70.180000    12.773338     0.707692
 70.190000    12.780397     0.704123
 70.200000    12.787420     0.700513
 70.210000    12.794407     0.696864
 70.220000    12.801357     0.693176
 70.230000    12.808270     0.689449
 70.240000    12.815146     0.685684
 70.250000    12.821984     0.681881
 70.260000    12.828783     0.678042
 70.270000    12.835545     0.674166
 70.280000    12.842267     0.670254
 70.290000    12.848949     0.666307
 70.300000    12.855593     0.662325
 70.310000    12.862196     0.658309
 70.320000    12.868759     0.654259
 70.330000    12.875281     0.650175
 70.340000    12.881762     0.646060
 70.350000    12.888202     0.641912
 70.360000    12.894600     0.637732
 70.370000    12.900957     0.633522
 70.380000    12.907271     0.629281
 70.390000    12.913542     0.625011
 70.400000    12.919771     0.620711
 70.410000    12.925956     0.616382
 70.420000    12.932098     0.612026
 70.430000    12.938197     0.607642
 70.440000    12.944251     0.603231
 70.450000    12.950261     0.598793
 70.460000    12.956227     0.594330
 70.470000    12.962148     0.589842
 70.480000    12.968024     0.585328
 70.490000    12.973854     0.580791
 70.500000    12.979639     0.576230
 70.510000    12.985379     0.571646
 70.520000    12.991072     0.567040
 70.530000    12.996719     0.562412
 70.540000    13.002320     0.557763
 70.550000    13.007875     0.553093
 70.560000    13.013382     0.548403
 70.570000    13.018843     0.543694
 70.580000    13.024256     0.538965
 70.590000    13.029622     0.534218
 70.600000    13.034940     0.529453
 70.610000    13.040211     0.524671
 70.620000    13.045434     0.519873
 70.630000    13.050608     0.515058
 70.640000    13.055735     0.510227
 70.650000    13.060813     0.505382
 70.660000    13.065842     0.500522
 70.670000    13.070823     0.495648
 70.680000    13.075755     0.490760
 70.690000    13.080638     0.485860
 70.700000    13.085472     0.480947
 70.710000    13.090257     0.476023
 70.720000    13.094993     0.471088
 70.730000    13.099679     0.466141
 70.740000    13.104316     0.461185
 70.750000    13.108903     0.456219
 70.760000    13.113440     0.451244
 70.770000    13.117927     0.446260
 70.780000    13.122365     0.441269
 70.790000    13.126753     0.436269
 70.800000    13.131090     0.431263
 70.810000    13.135378     0.426250
 70.820000    13.139615     0.421232
 70.830000    13.143803     0.416208
 70.840000    13.147940     0.411178
 70.850000    13.152026     0.406145
 70.860000    13.156062     0.401107
 70.870000    13.160048     0.396066
 70.880000    13.163984     0.391022
 70.890000    13.167869     0.385975
 70.900000    13.171703     0.380926
 70.910000    13.175487     0.375876
 70.920000    13.179221     0.370824
 70.930000    13.182904     0.365772
 70.940000    13.186536     0.360720
 70.950000    13.190118     0.355668
 70.960000    13.193650     0.350617
 70.970000    13.197130     0.345567
 70.980000    13.200561     0.340519
 70.990000    13.203941     0.335472
 71.000000    13.207270     0.330429
 71.010000    13.210549     0.325388
 71.020000    13.213778     0.320351
 71.030000    13.216956     0.315317
 71.040000    13.220084     0.310288
 71.050000    13.223162     0.305264
 71.060000    13.226190     0.300245
 71.070000    13.229167     0.295231
 71.080000    13.232094     0.290223
 71.090000    13.234972     0.285221
 71.100000    13.237799     0.280226
 71.110000    13.240576     0.275239
 71.120000    13.243304     0.270259
 71.130000    13.245981     0.265286
 71.140000    13.248609     0.260323
 71.150000    13.251188     0.255367
 71.160000    13.253717     0.250421
 71.170000    13.256196     0.245484
 71.180000    13.258627     0.240558
 71.190000    13.261008     0.235641
 71.200000    13.263339     0.230735
 71.210000    13.265622     0.225839
 71.220000    13.267856     0.220955
 71.230000    13.270041     0.216083
 71.240000    13.272178     0.211222
 71.250000    13.274266     0.206374
 71.260000    13.276305     0.201538
 71.270000    13.278297     0.196716
 71.280000    13.280240     0.191906
 71.290000    13.282135     0.187110
 71.300000    13.283982     0.182329
 71.310000    13.285781     0.177561
 71.320000    13.287533     0.172808
 71.330000    13.289238     0.168070
 71.340000    13.290895     0.163347
 71.350000    13.292505     0.158639
 71.360000    13.294068     0.153948
 71.370000    13.295584     0.149272
 71.380000    13.297053     0.144613
 71.390000    13.298476     0.139970
 71.400000    13.299853     0.135344
 71.410000    13.301183     0.130736
 71.420000    13.302467     0.126145
 71.430000    13.303706     0.121572
 71.440000    13.304899     0.117017
 71.450000    13.306046     0.112480
 71.460000    13.307148     0.107962
 71.470000    13.308206     0.103463
 71.480000    13.309218     0.098983
 71.490000    13.310185     0.094522
 71.500000    13.311108     0.090081
 71.510000    13.311987     0.085659
 71.520000    13.312822     0.081258
 71.530000    13.313612     0.076877
 71.540000    13.314359     0.072517
 71.550000    13.315063     0.068178
 71.560000    13.315723     0.063859
 71.570000    13.316340     0.059562
 71.580000    13.316914     0.055287
 71.590000    13.317446     0.051033
 71.600000    13.317935     0.046801
 71.610000    13.318382     0.042591
 71.620000    13.318787     0.038404
 71.630000    13.319150     0.034239
 71.640000    13.319472     0.030098
 71.650000    13.319752     0.025979
 71.660000    13.319991     0.021883
 71.670000    13.320190     0.017811
 71.680000    13.320348     0.013762
 71.690000    13.320465     0.009738
 71.700000    13.320542     0.005737
 71.710000    13.320580     0.001760
 71.720000    13.320578    -0.002192
 71.730000    13.320536    -0.006119
 71.740000    13.320455    -0.010022
 71.750000    13.320336    -0.013900
 71.760000    13.320177    -0.017753
 71.770000    13.319981    -0.021580
 71.780000    13.319746    -0.025383
 71.790000    13.319473    -0.029159
 71.800000    13.319163    -0.032910
 71.810000    13.318815    -0.036634
 71.820000    13.318430    -0.040333
 71.830000    13.318009    -0.044005
 71.840000    13.317550    -0.047651
 71.850000    13.317056    -0.051271
 71.860000    13.316525    -0.054863
 71.870000    13.315958    -0.058429
 71.880000    13.315356    -0.061968
 71.890000    13.314719    -0.065480
 71.900000    13.314047    -0.068964
 71.910000    13.313340    -0.072421
 71.920000    13.312599    -0.075850
 71.930000    13.311823    -0.079252
 71.940000    13.311014    -0.082625
 71.950000    13.310171    -0.085971
 71.960000    13.309294    -0.089289
 71.970000    13.308385    -0.092578
 71.980000    13.307443    -0.095839
 71.990000    13.306468    -0.099072
 72.000000    13.305461    -0.102276
 72.010000    13.304423    -0.105451
 72.020000    13.303353    -0.108598
 72.030000    13.302251    -0.111715
 72.040000    13.301118    -0.114804
 72.050000    13.299955    -0.117863
 72.060000    13.298761    -0.120893
 72.070000    13.297537    -0.123894
 72.080000    13.296283    -0.126865
 72.090000    13.295000    -0.129807
 72.100000    13.293687    -0.132719
 72.110000    13.292346    -0.135602
 72.120000    13.290975    -0.138454
 72.130000    13.289577    -0.141277
 72.140000    13.288150    -0.144069
 72.150000    13.286695    -0.146832
 72.160000    13.285213    -0.149564
 72.170000    13.283704    -0.152266
 72.180000    13.282168    -0.154938
 72.190000    13.280606    -0.157579
 72.200000    13.279017    -0.160190
 72.210000    13.277402    -0.162770
 72.220000    13.275761    -0.165319
 72.230000    13.274096    -0.167838
 72.240000    13.272405    -0.170326
 72.250000    13.270689    -0.172783
 72.260000    13.268949    -0.175210
 72.270000    13.267185    -0.177605
 72.280000    13.265397    -0.179970
 72.290000    13.263586    -0.182303
 72.300000    13.261751    -0.184605
 72.310000    13.259894    -0.186876
 72.320000    13.258014    -0.189116
 72.330000    13.256112    -0.191324
 72.340000    13.254187    -0.193502
 72.350000    13.252242    -0.195647
 72.360000    13.250275    -0.197762
 72.370000    13.248287    -0.199845
 72.380000    13.246278    -0.201896
 72.390000    13.244249    -0.203917
 72.400000    13.242200    -0.205905
 72.410000    13.240131    -0.207862
 72.420000    13.238042    -0.209788
 72.430000    13.235935    -0.211682
 72.440000    13.233809    -0.213544
 72.450000    13.231664    -0.215374
 72.460000    13.229502    -0.217173
 72.470000    13.227321    -0.218941
 72.480000    13.225123    -0.220676
 72.490000    13.222908    -0.222380
 72.500000    13.220675    -0.224053
 72.510000    13.218427    -0.225693
 72.520000    13.216162    -0.227302
 72.530000    13.213881    -0.228879
 72.540000    13.211584    -0.230425
 72.550000    13.209272    -0.231939
 72.560000    13.206945    -0.233421
 72.570000    13.204604    -0.234871
 72.580000    13.202248    -0.236290
 72.590000    13.199878    -0.237677
 72.600000    13.197495    -0.239033
 72.610000    13.195098    -0.240357
 72.620000    13.192688    -0.241649
 72.630000    13.190265    -0.242910
 72.640000    13.187830    -0.244139
 72.650000    13.185382    -0.245337
 72.660000    13.182923    -0.246504
 72.670000    13.180452    -0.247639
 72.680000    13.177970    -0.248742
 72.690000    13.175477    -0.249815
 72.700000    13.172974    -0.250856
 72.710000    13.170460    -0.251865
 72.720000    13.167937    -0.252844
 72.730000    13.165404    -0.253791
 72.740000    13.162861    -0.254708
 72.750000    13.160310    -0.255593
 72.760000    13.157749    -0.256447
 72.770000    13.155181    -0.257271
 72.780000    13.152604    -0.258063
 72.790000    13.150020    -0.258825
 72.800000    13.147428    -0.259556
 72.810000    13.144829    -0.260257
 72.820000    13.142223    -0.260927
 72.830000    13.139610    -0.261566
 72.840000    13.136991    -0.262175
 72.850000    13.134367    -0.262754
 72.860000    13.131736    -0.263303
 72.870000    13.129101    -0.263821
 72.880000    13.126460    -0.264310
 72.890000    13.123815    -0.264768
 72.900000    13.121165    -0.265197
 72.910000    13.118511    -0.265596
 72.920000    13.115853    -0.265965
 72.930000    13.113192    -0.266304
 72.940000    13.110527    -0.266615
 72.950000    13.107859    -0.266896
 72.960000    13.105189    -0.267148
 72.970000    13.102517    -0.267370
 72.980000    13.099842    -0.267564
 72.990000    13.097165    -0.267729
 73.000000    13.094487    -0.267865
 73.010000    13.091808    -0.267973
 73.020000    13.089128    -0.268052
 73.030000    13.086447    -0.268103
 73.040000    13.083766    -0.268126
 73.050000    13.081085    -0.268120
 73.060000    13.078404    -0.268087
 73.070000    13.075723    -0.268026
 73.080000    13.073043    -0.267938
 73.090000    13.070365    -0.267822
 73.100000    13.067687    -0.267679
 73.110000    13.065011    -0.267508
 73.120000    13.062337    -0.267311
 73.130000    13.059665    -0.267087
 73.140000    13.056995    -0.266836
 73.150000    13.054328    -0.266559
 73.160000    13.051664    -0.266255
 73.170000    13.049003    -0.265925
 73.180000    13.046346    -0.265569
 73.190000    13.043692    -0.265188
 73.200000    13.041042    -0.264781
 73.210000    13.038396    -0.264348
 73.220000    13.035755    -0.263891
 73.230000    13.033119    -0.263408
 73.240000    13.030487    -0.262900
 73.250000    13.027861    -0.262368
 73.260000    13.025240    -0.261811
 73.270000    13.022625    -0.261230
 73.280000    13.020015    -0.260625
 73.290000    13.017412    -0.259996
 73.300000    13.014816    -0.259343
 73.310000    13.012225    -0.258667
 73.320000    13.009642    -0.257968
 73.330000    13.007066    -0.257246
 73.340000    13.004497    -0.256501
 73.350000    13.001936    -0.255733
 73.360000    12.999383    -0.254943
 73.370000    12.996837    -0.254131
 73.380000    12.994300    -0.253297
 73.390000    12.991772    -0.252441
 73.400000    12.989251    -0.251564
 73.410000    12.986740    -0.250666
 73.420000    12.984238    -0.249747
 73.430000    12.981745    -0.248807
 73.440000    12.979262    -0.247846
 73.450000    12.976789    -0.246865
 73.460000    12.974325    -0.245864
 73.470000    12.971871    -0.244844
 73.480000    12.969428    -0.243804
 73.490000    12.966995    -0.242744
 73.500000    12.964573    -0.241666
 73.510000    12.962162    -0.240569
 73.520000    12.959762    -0.239453
 73.530000    12.957373    -0.238319
 73.540000    12.954996    -0.237168
 73.550000    12.952630    -0.235998
 73.560000    12.950276    -0.234811
 73.570000    12.947934    -0.233607
 73.580000    12.945604    -0.232386
 73.590000    12.943286    -0.231148
 73.600000    12.940981    -0.229894
 73.610000    12.938688    -0.228624
 73.620000    12.936408    -0.227338
 73.630000    12.934141    -0.226036
 73.640000    12.931888    -0.224720
 73.650000    12.929647    -0.223388
 73.660000    12.927420    -0.222041
 73.670000    12.925206    -0.220681
 73.680000    12.923006    -0.219306
 73.690000    12.920820    -0.217917
 73.700000    12.918648    -0.216514
 73.710000    12.916490    -0.215099
 73.720000    12.914346    -0.213670
 73.730000    12.912217    -0.212229
 73.740000    12.910102    -0.210775
 73.750000    12.908001    -0.209310
 73.760000    12.905915    -0.207832
 73.770000    12.903845    -0.206343
 73.780000    12.901789    -0.204843
 73.790000    12.899748    -0.203332
 73.800000    12.897722    -0.201810
 73.810000    12.895712    -0.200278
 73.820000    12.893717    -0.198736
 73.830000    12.891737    -0.197185
 73.840000    12.889773    -0.195624
 73.850000    12.887824    -0.194054
 73.860000    12.885892    -0.192475
 73.870000    12.883975    -0.190888
 73.880000    12.882074    -0.189292
 73.890000    12.880189    -0.187689
 73.900000    12.878320    -0.186078
 73.910000    12.876468    -0.184460
 73.920000    12.874631    -0.182836
 73.930000    12.872811    -0.181204
 73.940000    12.871007    -0.179567
 73.950000    12.869220    -0.177923
 73.960000    12.867449    -0.176274
 73.970000    12.865694    -0.174619
 73.980000    12.863956    -0.172960
 73.990000    12.862235    -0.171295
 74.000000    12.860530    -0.169627
 74.010000    12.858843    -0.167954
 74.020000    12.857171    -0.166277
 74.030000    12.855517    -0.164597
 74.040000    12.853879    -0.162914
 74.050000    12.852259    -0.161229
 74.060000    12.850655    -0.159540
 74.070000    12.849068    -0.157850
 74.080000    12.847498    -0.156157
 74.090000    12.845945    -0.154464
 74.100000    12.844409    -0.152769
 74.110000    12.842889    -0.151073
 74.120000    12.841387    -0.149376
 74.130000    12.839902    -0.147679
 74.140000    12.838434    -0.145982
 74.150000    12.836982    -0.144286
 74.160000    12.835548    -0.142590
 74.170000    12.834130    -0.140896
 74.180000    12.832730    -0.139202
 74.190000    12.831346    -0.137510
 74.200000    12.829980    -0.135821
 74.210000    12.828630    -0.134133
 74.220000    12.827297    -0.132448
 74.230000    12.825981    -0.130766
 74.240000    12.824682    -0.129087
 74.250000    12.823399    -0.127411
 74.260000    12.822133    -0.125740
 74.270000    12.820884    -0.124072
 74.280000    12.819652    -0.122409
 74.290000    12.818436    -0.120751
 74.300000    12.817237    -0.119097
 74.310000    12.816054    -0.117449
 74.320000    12.814888    -0.115807
 74.330000    12.813738    -0.114171
 74.340000    12.812605    -0.112540
 74.350000    12.811487    -0.110917
 74.360000    12.810386    -0.109300
 74.370000    12.809301    -0.107691
 74.380000    12.808232    -0.106088
 74.390000    12.807179    -0.104494
 74.400000    12.806142    -0.102908
 74.410000    12.805121    -0.101330
 74.420000    12.804116    -0.099761
 74.430000    12.803126    -0.098200
 74.440000    12.802152    -0.096649
 74.450000    12.801193    -0.095107
 74.460000    12.800250    -0.093575
 74.470000    12.799321    -0.092054
 74.480000    12.798408    -0.090542
 74.490000    12.797511    -0.089041
 74.500000    12.796628    -0.087551
 74.510000    12.795760    -0.086073
 74.520000    12.794906    -0.084606
 74.530000    12.794067    -0.083150
 74.540000    12.793243    -0.081707
 74.550000    12.792433    -0.080276
 74.560000    12.791638    -0.078857
 74.570000    12.790856    -0.077452
 74.580000    12.790088    -0.076059
 74.590000    12.789335    -0.074680
 74.600000    12.788595    -0.073314
 74.610000    12.787868    -0.071963
 74.620000    12.787156    -0.070625
 74.630000    12.786456    -0.069302
 74.640000    12.785769    -0.067994
 74.650000    12.785096    -0.066700
 74.660000    12.784435    -0.065422
 74.670000    12.783787    -0.064159
 74.680000    12.783152    -0.062912
 74.690000    12.782529    -0.061680
 74.700000    12.781918    -0.060465
 74.710000    12.781320    -0.059266
 74.720000    12.780733    -0.058084
 74.730000    12.780158    -0.056919
 74.740000    12.779595    -0.055771
 74.750000    12.779043    -0.054640
 74.760000    12.778502    -0.053526
 74.770000    12.777972    -0.052431
 74.780000    12.777453    -0.051353
 74.790000    12.776945    -0.050294
 74.800000    12.776447    -0.049253
 74.810000    12.775960    -0.048230
 74.820000    12.775483    -0.047227
 74.830000    12.775015    -0.046243
 74.840000    12.774558    -0.045277
 74.850000    12.774110    -0.044332
 74.860000    12.773671    -0.043406
 74.870000    12.773241    -0.042499
 74.880000    12.772821    -0.041613
 74.890000    12.772409    -0.040748
 74.900000    12.772006    -0.039902
 74.910000    12.771611    -0.039077
 74.920000    12.771224    -0.038273
 74.930000    12.770845    -0.037490
 74.940000    12.770474    -0.036729
 74.950000    12.770111    -0.035988
 74.960000    12.769755    -0.035269
 74.970000    12.769405    -0.034572
 74.980000    12.769063    -0.033897
 74.990000    12.768727    -0.033243
 75.000000    12.768398    -0.032612
 75.010000    12.768075    -0.032003
 75.020000    12.767758    -0.031417
 75.030000    12.767447    -0.030853
 75.040000    12.767141    -0.030312
 75.050000    12.766840    -0.029794
 75.060000    12.766545    -0.029299
 75.070000    12.766254    -0.028828
 75.080000    12.765968    -0.028379
 75.090000    12.765687    -0.027954
 75.100000    12.765409    -0.027553
 75.110000    12.765135    -0.027175
 75.120000    12.764865    -0.026821
 75.130000    12.764599    -0.026492
 75.140000    12.764336    -0.026186
 75.150000    12.764075    -0.025904
 75.160000    12.763817    -0.025647
 75.170000    12.763562    -0.025414
 75.180000    12.763309    -0.025206
 75.190000    12.763058    -0.025022
 75.200000    12.762808    -0.024863
 75.210000    12.762561    -0.024729
 75.220000    12.762314    -0.024620
 75.230000    12.762068    -0.024535
 75.240000    12.761823    -0.024476
 75.250000    12.761578    -0.024442
 75.260000    12.761334    -0.024433
 75.270000    12.761090    -0.024449
 75.280000    12.760845    -0.024491
 75.290000    12.760600    -0.024558
 75.300000    12.760354    -0.024650
 75.310000    12.760107    -0.024768
 75.320000    12.759858    -0.024912
 75.330000    12.759608    -0.025081
 75.340000    12.759357    -0.025276
 75.350000    12.759103    -0.025496
 75.360000    12.758847    -0.025742
 75.370000    12.758588    -0.026014
 75.380000    12.758326    -0.026312
 75.390000    12.758062    -0.026636
 75.400000    12.757793    -0.026986
 75.410000    12.757522    -0.027361
 75.420000    12.757246    -0.027763
 75.430000    12.756966    -0.028190
 75.440000    12.756682    -0.028643
 75.450000    12.756393    -0.029122
 75.460000    12.756100    -0.029627
 75.470000    12.755801    -0.030159
 75.480000    12.755496    -0.030716
 75.490000    12.755186    -0.031299
 75.500000    12.754870    -0.031907
 75.510000    12.754548    -0.032542
 75.520000    12.754219    -0.033203
 75.530000    12.753884    -0.033890
 75.540000    12.753542    -0.034602
 75.550000    12.753192    -0.035340
 75.560000    12.752835    -0.036104
 75.570000    12.752470    -0.036894
 75.580000    12.752097    -0.037709
 75.590000    12.751715    -0.038551
 75.600000    12.751326    -0.039417
 75.610000    12.750927    -0.040310
 75.620000    12.750519    -0.041227
 75.630000    12.750102    -0.042171
 75.640000    12.749676    -0.043139
 75.650000    12.749240    -0.044133
 75.660000    12.748793    -0.045153
 75.670000    12.748336    -0.046197
 75.680000    12.747869    -0.047267
 75.690000    12.747391    -0.048361
 75.700000    12.746902    -0.049481
 75.710000    12.746401    -0.050625
 75.720000    12.745889    -0.051795
 75.730000    12.745365    -0.052989
 75.740000    12.744829    -0.054207
 75.750000    12.744281    -0.055450
 75.760000    12.743720    -0.056717
 75.770000    12.743147    -0.058009
 75.780000    12.742560    -0.059325
 75.790000    12.741960    -0.060665
 75.800000    12.741347    -0.062028
 75.810000    12.740719    -0.063416
 75.820000    12.740078    -0.064827
 75.830000    12.739423    -0.066262
 75.840000    12.738753    -0.067720
 75.850000    12.738068    -0.069202
 75.860000    12.737369    -0.070707
 75.870000    12.736654    -0.072234
 75.880000    12.735924    -0.073785
 75.890000    12.735178    -0.075358
 75.900000    12.734417    -0.076954
 75.910000    12.733639    -0.078572
 75.920000    12.732845    -0.080213
 75.930000    12.732035    -0.081875
 75.940000    12.731208    -0.083560
 75.950000    12.730364    -0.085266
 75.960000    12.729502    -0.086994
 75.970000    12.728624    -0.088743
 75.980000    12.727727    -0.090514
 75.990000    12.726813    -0.092306
 76.000000    12.725881    -0.094118
 76.010000    12.724931    -0.095951
 76.020000    12.723962    -0.097805
 76.030000    12.722975    -0.099679
 76.040000    12.721968    -0.101573
 76.050000    12.720943    -0.103486
 76.060000    12.719899    -0.105420
 76.070000    12.718835    -0.107373
 76.080000    12.717751    -0.109345
 76.090000    12.716648    -0.111337
 76.100000    12.715524    -0.113347
 76.110000    12.714381    -0.115376
 76.120000    12.713217    -0.117423
 76.130000    12.712032    -0.119488
 76.140000    12.710827    -0.121571
 76.150000    12.709601    -0.123672
 76.160000    12.708353    -0.125791
 76.170000    12.707085    -0.127927
 76.180000    12.705795    -0.130079
 76.190000    12.704483    -0.132249
 76.200000    12.703150    -0.134435
 76.210000    12.701794    -0.136637
 76.220000    12.700417    -0.138856
 76.230000    12.699017    -0.141090
 76.240000    12.697595    -0.143339
 76.250000    12.696150    -0.145604
 76.260000    12.694683    -0.147884
 76.270000    12.693193    -0.150178
 76.280000    12.691679    -0.152487
 76.290000    12.690143    -0.154810
 76.300000    12.688583    -0.157147
 76.310000    12.687000    -0.159498
 76.320000    12.685393    -0.161862
 76.330000    12.683763    -0.164239
 76.340000    12.682108    -0.166629
 76.350000    12.680430    -0.169032
 76.360000    12.678728    -0.171446
 76.370000    12.677001    -0.173873
 76.380000    12.675250    -0.176311
 76.390000    12.673475    -0.178761
 76.400000    12.671675    -0.181221
 76.410000    12.669850    -0.183692
 76.420000    12.668001    -0.186174
 76.430000    12.666127    -0.188666
 76.440000    12.664228    -0.191168
 76.450000    12.662303    -0.193679
 76.460000    12.660354    -0.196200
 76.470000    12.658379    -0.198729
 76.480000    12.656379    -0.201268
 76.490000    12.654354    -0.203814
 76.500000    12.652303    -0.206368
 76.510000    12.650227    -0.208930
 76.520000    12.648125    -0.211500
 76.530000    12.645997    -0.214076
 76.540000    12.643843    -0.216659
 76.550000    12.641663    -0.219248
 76.560000    12.639458    -0.221844
 76.570000    12.637227    -0.224445
 76.580000    12.634969    -0.227051
 76.590000    12.632685    -0.229663
 76.600000    12.630376    -0.232279
 76.610000    12.628040    -0.234900
 76.620000    12.625678    -0.237524
 76.630000    12.623289    -0.240153
 76.640000    12.620875    -0.242784
 76.650000    12.618434    -0.245419
 76.660000    12.615966    -0.248056
 76.670000    12.613473    -0.250696
 76.680000    12.610952    -0.253338
 76.690000    12.608406    -0.255981
 76.700000    12.605833    -0.258626
 76.710000    12.603233    -0.261271
 76.720000    12.600607    -0.263917
 76.730000    12.597955    -0.266564
 76.740000    12.595276    -0.269210
 76.750000    12.592571    -0.271856
 76.760000    12.589839    -0.274501
 76.770000    12.587081    -0.277145
 76.780000    12.584296    -0.279787
 76.790000    12.581485    -0.282428
 76.800000    12.578648    -0.285066
 76.810000    12.575784    -0.287702
 76.820000    12.572894    -0.290335
 76.830000    12.569977    -0.292964
 76.840000    12.567034    -0.295590
 76.850000    12.564065    -0.298212
 76.860000    12.561070    -0.300829
 76.870000    12.558049    -0.303442
 76.880000    12.555001    -0.306050
 76.890000    12.551928    -0.308652
 76.900000    12.548828    -0.311249
 76.910000    12.545703    -0.313839
 76.920000    12.542551    -0.316423
 76.930000    12.539374    -0.319000
 76.940000    12.536171    -0.321570
 76.950000    12.532943    -0.324132
 76.960000    12.529689    -0.326687
 76.970000    12.526409    -0.329233
 76.980000    12.523104    -0.331770
 76.990000    12.519774    -0.334298
 77.000000    12.516418    -0.336818
 77.010000    12.513038    -0.339327
 77.020000    12.509632    -0.341826
 77.030000    12.506201    -0.344315
 77.040000    12.502745    -0.346793
 77.050000    12.499265    -0.349260
 77.060000    12.495760    -0.351716
 77.070000    12.492231    -0.354160
 77.080000    12.488677    -0.356591
 77.090000    12.485099    -0.359010
 77.100000    12.481497    -0.361417
 77.110000    12.477871    -0.363810
 77.120000    12.474221    -0.366189
 77.130000    12.470547    -0.368555
 77.140000    12.466850    -0.370906
 77.150000    12.463129    -0.373243
 77.160000    12.459385    -0.375565
 77.170000    12.455618    -0.377872
 77.180000    12.451828    -0.380163
 77.190000    12.448015    -0.382438
 77.200000    12.444179    -0.384697
 77.210000    12.440321    -0.386939
 77.220000    12.436440    -0.389165
 77.230000    12.432537    -0.391373
 77.240000    12.428613    -0.393563
 77.250000    12.424666    -0.395736
 77.260000    12.420698    -0.397891
 77.270000    12.416708    -0.400027
 77.280000    12.412698    -0.402144
 77.290000    12.408666    -0.404242
 77.300000    12.404613    -0.406320
 77.310000    12.400539    -0.408379
 77.320000    12.396445    -0.410418
 77.330000    12.392331    -0.412436
 77.340000    12.388197    -0.414433
 77.350000    12.384042    -0.416410
 77.360000    12.379869    -0.418365
 77.370000    12.375675    -0.420299
 77.380000    12.371463    -0.422210
 77.390000    12.367231    -0.424100
 77.400000    12.362981    -0.425967
 77.410000    12.358712    -0.427811
 77.420000    12.354425    -0.429632
 77.430000    12.350119    -0.431430
 77.440000    12.345796    -0.433205
 77.450000    12.341455    -0.434955
 77.460000    12.337097    -0.436681
 77.470000    12.332722    -0.438383
 77.480000    12.328329    -0.440060
 77.490000    12.323921    -0.441712
 77.500000    12.319495    -0.443339
 77.510000    12.315054    -0.444941
 77.520000    12.310597    -0.446517
 77.530000    12.306124    -0.448067
 77.540000    12.301635    -0.449590
 77.550000    12.297132    -0.451087
 77.560000    12.292614    -0.452558
 77.570000    12.288081    -0.454001
 77.580000    12.283534    -0.455418
 77.590000    12.278973    -0.456807
 77.600000    12.274398    -0.458168
 77.610000    12.269809    -0.459502
 77.620000    12.265208    -0.460807
 77.630000    12.260593    -0.462084
 77.640000    12.255966    -0.463333
 77.650000    12.251327    -0.464553
 77.660000    12.246675    -0.465744
 77.670000    12.242012    -0.466906
 77.680000    12.237337    -0.468039
 77.690000    12.232651    -0.469142
 77.700000    12.227954    -0.470216
 77.710000    12.223247    -0.471259
 77.720000    12.218529    -0.472273
 77.730000    12.213802    -0.473256
 77.740000    12.209064    -0.474209
 77.750000    12.204318    -0.475132
 77.760000    12.199562    -0.476023
 77.770000    12.194797    -0.476884
 77.780000    12.190024    -0.477714
 77.790000    12.185243    -0.478512
 77.800000    12.180454    -0.479279
 77.810000    12.175658    -0.480015
 77.820000    12.170854    -0.480719
 77.830000    12.166043    -0.481391
 77.840000    12.161226    -0.482031
 77.850000    12.156403    -0.482639
 77.860000    12.151573    -0.483215
 77.870000    12.146739    -0.483759
 77.880000    12.141898    -0.484270
 77.890000    12.137053    -0.484748
 77.900000    12.132204    -0.485194
 77.910000    12.127350    -0.485607
 77.920000    12.122492    -0.485988
 77.930000    12.117630    -0.486335
 77.940000    12.112765    -0.486649
 77.950000    12.107897    -0.486930
 77.960000    12.103026    -0.487178
 77.970000    12.098154    -0.487392
 77.980000    12.093279    -0.487573
 77.990000    12.088402    -0.487720
 78.000000    12.083524    -0.487834
 78.010000    12.078646    -0.487914
 78.020000    12.073766    -0.487961
 78.030000    12.068887    -0.487973
 78.040000    12.064007    -0.487952
 78.050000    12.059128    -0.487897
 78.060000    12.054249    -0.487808
 78.070000    12.049372    -0.487685
 78.080000    12.044495    -0.487528
 78.090000    12.039621    -0.487337
 78.100000    12.034749    -0.487111
 78.110000    12.029879    -0.486852
 78.120000    12.025012    -0.486558
 78.130000    12.020148    -0.486230
 78.140000    12.015287    -0.485868
 78.150000    12.010431    -0.485472
 78.160000    12.005578    -0.485041
 78.170000    12.000730    -0.484576
 78.180000    11.995887    -0.484077
 78.190000    11.991049    -0.483543
 78.200000    11.986216    -0.482975
 78.210000    11.981389    -0.482373
 78.220000    11.976569    -0.481736
 78.230000    11.971755    -0.481065
 78.240000    11.966947    -0.480360
 78.250000    11.962147    -0.479621
 78.260000    11.957355    -0.478847
 78.270000    11.952571    -0.478039
 78.280000    11.947794    -0.477197
 78.290000    11.943027    -0.476320
 78.300000    11.938268    -0.475409
 78.310000    11.933519    -0.474465
 78.320000    11.928779    -0.473486
 78.330000    11.924049    -0.472473
 78.340000    11.919330    -0.471425
 78.350000    11.914621    -0.470344
 78.360000    11.909923    -0.469229
 78.370000    11.905236    -0.468080
 78.380000    11.900561    -0.466897
 78.390000    11.895898    -0.465680
 78.400000    11.891248    -0.464429
 78.410000    11.886610    -0.463145
 78.420000    11.881985    -0.461827
 78.430000    11.877374    -0.460475
 78.440000    11.872776    -0.459090
 78.450000    11.868192    -0.457671
 78.460000    11.863622    -0.456219
 78.470000    11.859068    -0.454734
 78.480000    11.854528    -0.453215
 78.490000    11.850003    -0.451663
 78.500000    11.845495    -0.450077
 78.510000    11.841002    -0.448459
 78.520000    11.836526    -0.446807
 78.530000    11.832066    -0.445123
 78.540000    11.827623    -0.443406
 78.550000    11.823198    -0.441656
 78.560000    11.818790    -0.439873
 78.570000    11.814401    -0.438058
 78.580000    11.810029    -0.436210
 78.590000    11.805676    -0.434330
 78.600000    11.801343    -0.432417
 78.610000    11.797028    -0.430472
 78.620000    11.792733    -0.428495
 78.630000    11.788458    -0.426486
 78.640000    11.784204    -0.424444
 78.650000    11.779970    -0.422371
 78.660000    11.775756    -0.420266
 78.670000    11.771564    -0.418130
 78.680000    11.767394    -0.415961
 78.690000    11.763245    -0.413761
 78.700000    11.759119    -0.411530
 78.710000    11.755015    -0.409268
 78.720000    11.750934    -0.406974
 78.730000    11.746875    -0.404649
 78.740000    11.742841    -0.402293
 78.750000    11.738830    -0.399906
 78.760000    11.734843    -0.397488
 78.770000    11.730880    -0.395039
 78.780000    11.726942    -0.392560
 78.790000    11.723029    -0.390050
 78.800000    11.719141    -0.387510
 78.810000    11.715279    -0.384940
 78.820000    11.711442    -0.382339
 78.830000    11.707632    -0.379708
 78.840000    11.703848    -0.377048
 78.850000    11.700091    -0.374357
 78.860000    11.696361    -0.371637
 78.870000    11.692659    -0.368886
 78.880000    11.688984    -0.366107
 78.890000    11.685337    -0.363297
 78.900000    11.681718    -0.360459
 78.910000    11.678128    -0.357591
 78.920000    11.674566    -0.354694
 78.930000    11.671034    -0.351768
 78.940000    11.667531    -0.348813
 78.950000    11.664058    -0.345829
 78.960000    11.660614    -0.342816
 78.970000    11.657201    -0.339775
 78.980000    11.653819    -0.336705
 78.990000    11.650467    -0.333607
 79.000000    11.647147    -0.330480
 79.010000    11.643858    -0.327326
 79.020000    11.640601    -0.324143
 79.030000    11.637375    -0.320932
 79.040000    11.634182    -0.317693
 79.050000    11.631021    -0.314426
 79.060000    11.627894    -0.311132
 79.070000    11.624799    -0.307810
 79.080000    11.621737    -0.304461
 79.090000    11.618710    -0.301084
 79.100000    11.615716    -0.297680
 79.110000    11.612756    -0.294248
 79.120000    11.609831    -0.290790
 79.130000    11.606940    -0.287304
 79.140000    11.604085    -0.283792
 79.150000    11.601265    -0.280253
 79.160000    11.598480    -0.276687
 79.170000    11.595731    -0.273095
 79.180000    11.593018    -0.269476
 79.190000    11.590342    -0.265831
 79.200000    11.587702    -0.262159
 79.210000    11.585099    -0.258461
 79.220000    11.582533    -0.254737
 79.230000    11.580004    -0.250988
 79.240000    11.577513    -0.247212
 79.250000    11.575060    -0.243410
 79.260000    11.572645    -0.239583
 79.270000    11.570268    -0.235730
 79.280000    11.567930    -0.231851
 79.290000    11.565631    -0.227947
 79.300000    11.563371    -0.224018
 79.310000    11.561151    -0.220063
 79.320000    11.558970    -0.216083
 79.330000    11.556829    -0.212078
 79.340000    11.554729    -0.208049
 79.350000    11.552668    -0.203994
 79.360000    11.550649    -0.199914
 79.370000    11.548670    -0.195810
 79.380000    11.546733    -0.191681
 79.390000    11.544837    -0.187528
 79.400000    11.542982    -0.183350
 79.410000    11.541170    -0.179148
 79.420000    11.539399    -0.174921
 79.430000    11.537671    -0.170671
 79.440000    11.535986    -0.166396
 79.450000    11.534344    -0.162097
 79.460000    11.532744    -0.157775
 79.470000    11.531188    -0.153428
 79.480000    11.529676    -0.149058
 79.490000    11.528207    -0.144664
 79.500000    11.526783    -0.140247
 79.510000    11.525402    -0.135806
 79.520000    11.524067    -0.131342
 79.530000    11.522776    -0.126855
 79.540000    11.521530    -0.122344
 79.550000    11.520329    -0.117811
 79.560000    11.519173    -0.113254
 79.570000    11.518064    -0.108675
 79.580000    11.517000    -0.104072
 79.590000    11.515982    -0.099447
 79.600000    11.515011    -0.094800
 79.610000    11.514086    -0.090130
 79.620000    11.513209    -0.085437
 79.630000    11.512378    -0.080722
 79.640000    11.511594    -0.075985
 79.650000    11.510858    -0.071225
 79.660000    11.510170    -0.066444
 79.670000    11.509529    -0.061641
 79.680000    11.508937    -0.056816
 79.690000    11.508393    -0.051969
 79.700000    11.507898    -0.047100
 79.710000    11.507451    -0.042210
 79.720000    11.507054    -0.037298
 79.730000    11.506705    -0.032365
 79.740000    11.506406    -0.027411
 79.750000    11.506157    -0.022436
 79.760000    11.505958    -0.017440
 79.770000    11.505808    -0.012423
 79.780000    11.505709    -0.007385
 79.790000    11.505661    -0.002326
 79.800000    11.505663     0.002753
 79.810000    11.505716     0.007853
 79.820000    11.505820     0.012973
 79.830000    11.505975     0.018113
 79.840000    11.506182     0.023273
 79.850000    11.506441     0.028454
 79.860000    11.506751     0.033654
 79.870000    11.507114     0.038874
 79.880000    11.507529     0.044113
 79.890000    11.507996     0.049372
 79.900000    11.508517     0.054650
 79.910000    11.509089     0.059947
 79.920000    11.509716     0.065264
 79.930000    11.510395     0.070599
 79.940000    11.511128     0.075953
 79.950000    11.511914     0.081325
 79.960000    11.512754     0.086716
 79.970000    11.513648     0.092126
 79.980000    11.514597     0.097553
 79.990000    11.515599     0.102998
 80.000000    11.516657     0.108462
 80.010000    11.517769     0.113943
 80.020000    11.518936     0.119441
 80.030000    11.520158     0.124957
 80.040000    11.521435     0.130489
 80.050000    11.522767     0.136039
 80.060000    11.524156     0.141606
 80.070000    11.525600     0.147189
 80.080000    11.527100     0.152788
 80.090000    11.528655     0.158404
 80.100000    11.530268     0.164036
 80.110000    11.531936     0.169683
 80.120000    11.533661     0.175346
 80.130000    11.535443     0.181025
 80.140000    11.537282     0.186718
 80.150000    11.539178     0.192427
 80.160000    11.541130     0.198150
 80.170000    11.543141     0.203888
 80.180000    11.545208     0.209640
 80.190000    11.547334     0.215406
 80.200000    11.549516     0.221186
 80.210000    11.551757     0.226980
 80.220000    11.554056     0.232786
 80.230000    11.556413     0.238606
 80.240000    11.558828     0.244439
 80.250000    11.561302     0.250284
 80.260000    11.563834     0.256141
 80.270000    11.566425     0.262010
 80.280000    11.569074     0.267891
 80.290000    11.571783     0.273784
 80.300000    11.574550     0.279687
 80.310000    11.577376     0.285601
 80.320000    11.580262     0.291526
 80.330000    11.583207     0.297461
 80.340000    11.586211     0.303406
 80.350000    11.589275     0.309361
 80.360000    11.592399     0.315324
 80.370000    11.595582     0.321297
 80.380000    11.598824     0.327278
 80.390000    11.602127     0.333267
 80.400000    11.605490     0.339265
 80.410000    11.608913     0.345269
 80.420000    11.612395     0.351281
 80.430000    11.615938     0.357300
 80.440000    11.619541     0.363325
 80.450000    11.623205     0.369356
 80.460000    11.626928     0.375393
 80.470000    11.630713     0.381435
 80.480000    11.634557     0.387482
 80.490000    11.638462     0.393533
 80.500000    11.642428     0.399589
 80.510000    11.646454     0.405648
 80.520000    11.650541     0.411710
 80.530000    11.654688     0.417775
 80.540000    11.658896     0.423842
 80.550000    11.663165     0.429911
 80.560000    11.667494     0.435982
 80.570000    11.671885     0.442053
 80.580000    11.676336     0.448125
 80.590000    11.680847     0.454197
 80.600000    11.685419     0.460268
 80.610000    11.690053     0.466339
 80.620000    11.694746     0.472408
 80.630000    11.699501     0.478475
 80.640000    11.704316     0.484540
 80.650000    11.709191     0.490601
 80.660000    11.714128     0.496660
 80.670000    11.719125     0.502714
 80.680000    11.724182     0.508763
 80.690000    11.729300     0.514808
 80.700000    11.734478     0.520847
 80.710000    11.739717     0.526879
 80.720000    11.745016     0.532905
 80.730000    11.750375     0.538924
 80.740000    11.755794     0.544934
 80.750000    11.761274     0.550937
 80.760000    11.766813     0.556930
 80.770000    11.772412     0.562913
 80.780000    11.778071     0.568886
 80.790000    11.783790     0.574849
 80.800000    11.789568     0.580799
 80.810000    11.795406     0.586738
 80.820000    11.801303     0.592664
 80.830000    11.807259     0.598576
 80.840000    11.813274     0.604475
 80.850000    11.819348     0.610359
 80.860000    11.825481     0.616228
 80.870000    11.831673     0.622080
 80.880000    11.837923     0.627916
 80.890000    11.844231     0.633735
 80.900000    11.850598     0.639536
 80.910000    11.857022     0.645318
 80.920000    11.863504     0.651081
 80.930000    11.870043     0.656824
 80.940000    11.876640     0.662546
 80.950000    11.883294     0.668247
 80.960000    11.890005     0.673926
 80.970000    11.896773     0.679582
 80.980000    11.903597     0.685215
 80.990000    11.910477     0.690823
 81.000000    11.917413     0.696407
 81.010000    11.924405     0.701965
 81.020000    11.931452     0.707496
 81.030000    11.938555     0.713001
 81.040000    11.945712     0.718478
 81.050000    11.952924     0.723926
 81.060000    11.960191     0.729345
 81.070000    11.967511     0.734734
 81.080000    11.974885     0.740092
 81.090000    11.982313     0.745419
 81.100000    11.989793     0.750713
 81.110000    11.997327     0.755975
 81.120000    12.004913     0.761203
 81.130000    12.012551     0.766396
 81.140000    12.020241     0.771554
 81.150000    12.027982     0.776677
 81.160000    12.035774     0.781762
 81.170000    12.043617     0.786810
 81.180000    12.051510     0.791820
 81.190000    12.059453     0.796792
 81.200000    12.067446     0.801723
 81.210000    12.075488     0.806614
 81.220000    12.083578     0.811464
 81.230000    12.091717     0.816272
 81.240000    12.099903     0.821037
 81.250000    12.108137     0.825759
 81.260000    12.116418     0.830437
 81.270000    12.124746     0.835070
 81.280000    12.133120     0.839658
 81.290000    12.141539     0.844199
 81.300000    12.150003     0.848693
 81.310000    12.158513     0.853140
 81.320000    12.167066     0.857538
 81.330000    12.175663     0.861887
 81.340000    12.184304     0.866186
 81.350000    12.192987     0.870434
 81.360000    12.201712     0.874631
 81.370000    12.210479     0.878777
 81.380000    12.219287     0.882869
 81.390000    12.228136     0.886909
 81.400000    12.237025     0.890894
 81.410000    12.245954     0.894825
 81.420000    12.254922     0.898701
 81.430000    12.263928     0.902520
 81.440000    12.272972     0.906283
 81.450000    12.282053     0.909989
 81.460000    12.291172     0.913637
 81.470000    12.300326     0.917227
 81.480000    12.309516     0.920758
 81.490000    12.318741     0.924229
 81.500000    12.328000     0.927640
 81.510000    12.337294     0.930990
 81.520000    12.346620     0.934278
 81.530000    12.355979     0.937505
 81.540000    12.365370     0.940670
 81.550000    12.374792     0.943771
 81.560000    12.384245     0.946809
 81.570000    12.393728     0.949783
 81.580000    12.403240     0.952693
 81.590000    12.412782     0.955537
 81.600000    12.422351     0.958317
 81.610000    12.431948     0.961030
 81.620000    12.441571     0.963677
 81.630000    12.451221     0.966257
 81.640000    12.460896     0.968770
 81.650000    12.470596     0.971215
 81.660000    12.480320     0.973593
 81.670000    12.490068     0.975902
 81.680000    12.499838     0.978142
 81.690000    12.509631     0.980313
 81.700000    12.519444     0.982415
 81.710000    12.529279     0.984448
 81.720000    12.539133     0.986410
 81.730000    12.549007     0.988302
 81.740000    12.558899     0.990123
 81.750000    12.568809     0.991874
 81.760000    12.578736     0.993553
 81.770000    12.588680     0.995161
 81.780000    12.598639     0.996698
 81.790000    12.608613     0.998163
 81.800000    12.618602     0.999556
 81.810000    12.628604     1.000877
 81.820000    12.638619     1.002126
 81.830000    12.648646     1.003303
 81.840000    12.658685     1.004407
 81.850000    12.668734     1.005439
 81.860000    12.678794     1.006398
 81.870000    12.688862     1.007285
 81.880000    12.698939     1.008099
 81.890000    12.709024     1.008840
 81.900000    12.719116     1.009509
 81.910000    12.729214     1.010105
 81.920000    12.739318     1.010628
 81.930000    12.749426     1.011078
 81.940000    12.759539     1.011456
 81.950000    12.769655     1.011762
 81.960000    12.779774     1.011995
 81.970000    12.789895     1.012155
 81.980000    12.800017     1.012244
 81.990000    12.810139     1.012260
 82.000000    12.820262     1.012205
 82.010000    12.830383     1.012078
 82.020000    12.840503     1.011879
 82.030000    12.850620     1.011609
 82.040000    12.860735     1.011268
 82.050000    12.870846     1.010856
 82.060000    12.880952     1.010373
 82.070000    12.891053     1.009820
 82.080000    12.901148     1.009197
 82.090000    12.911237     1.008504
 82.100000    12.921318     1.007742
 82.110000    12.931391     1.006910
 82.120000    12.941456     1.006010
 82.130000    12.951511     1.005041
 82.140000    12.961556     1.004004
 82.150000    12.971591     1.002900
 82.160000    12.981614     1.001728
 82.170000    12.991625     1.000489
 82.180000    13.001624     0.999183
 82.190000    13.011609     0.997812
 82.200000    13.021580     0.996375
 82.210000    13.031536     0.994873
 82.220000    13.041477     0.993306
 82.230000    13.051402     0.991675
 82.240000    13.061310     0.989980
 82.250000    13.071201     0.988222
 82.260000    13.081074     0.986401
 82.270000    13.090929     0.984518
 82.280000    13.100765     0.982573
 82.290000    13.110580     0.980567
 82.300000    13.120376     0.978501
 82.310000    13.130150     0.976375
 82.320000    13.139903     0.974189
 82.330000    13.149634     0.971944
 82.340000    13.159342     0.969642
 82.350000    13.169026     0.967281
 82.360000    13.178687     0.964864
 82.370000    13.188324     0.962390
 82.380000    13.197935     0.959860
 82.390000    13.207521     0.957275
 82.400000    13.217080     0.954636
 82.410000    13.226613     0.951942
 82.420000    13.236119     0.949196
 82.430000    13.245597     0.946397
 82.440000    13.255047     0.943545
 82.450000    13.264468     0.940643
 82.460000    13.273859     0.937690
 82.470000    13.283221     0.934687
 82.480000    13.292553     0.931634
 82.490000    13.301854     0.928533
 82.500000    13.311123     0.925385
 82.510000    13.320361     0.922188
 82.520000    13.329567     0.918946
 82.530000    13.338740     0.915657
 82.540000    13.347880     0.912323
 82.550000    13.356986     0.908945
 82.560000    13.366059     0.905523
 82.570000    13.375097     0.902058
 82.580000    13.384100     0.898550
 82.590000    13.393067     0.895000
 82.600000    13.402000     0.891410
 82.610000    13.410896     0.887779
 82.620000    13.419755     0.884109
 82.630000    13.428578     0.880400
 82.640000    13.437363     0.876652
 82.650000    13.446111     0.872867
 82.660000    13.454820     0.869045
 82.670000    13.463491     0.865187
 82.680000    13.472124     0.861293
 82.690000    13.480717     0.857364
 82.700000    13.489271     0.853402
 82.710000    13.497785     0.849406
 82.720000    13.506259     0.845377
 82.730000    13.514692     0.841316
 82.740000    13.523085     0.837223
 82.750000    13.531437     0.833100
 82.760000    13.539747     0.828947
 82.770000    13.548016     0.824764
 82.780000    13.556242     0.820552
 82.790000    13.564427     0.816313
 82.800000    13.572568     0.812045
 82.810000    13.580667     0.807751
 82.820000    13.588723     0.803431
 82.830000    13.596736     0.799085
 82.840000    13.604705     0.794714
 82.850000    13.612630     0.790318
 82.860000    13.620511     0.785899
 82.870000    13.628348     0.781457
 82.880000    13.636140     0.776992
 82.890000    13.643888     0.772505
 82.900000    13.651590     0.767997
 82.910000    13.659248     0.763468
 82.920000    13.666860     0.758919
 82.930000    13.674426     0.754350
 82.940000    13.681947     0.749762
 82.950000    13.689421     0.745156
 82.960000    13.696850     0.740532
 82.970000    13.704232     0.735890
 82.980000    13.711567     0.731231
 82.990000    13.718856     0.726556
 83.000000    13.726098     0.721864
 83.010000    13.733294     0.717158
 83.020000    13.740441     0.712436
 83.030000    13.747542     0.707701
 83.040000    13.754595     0.702951
 83.050000    13.761601     0.698188
 83.060000    13.768559     0.693412
 83.070000    13.775469     0.688623
 83.080000    13.782332     0.683823
 83.090000    13.789146     0.679010
 83.100000    13.795912     0.674187
 83.110000    13.802629     0.669353
 83.120000    13.809299     0.664509
 83.130000    13.815920     0.659654
 83.140000    13.822492     0.654790
 83.150000    13.829015     0.649918
 83.160000    13.835490     0.645036
 83.170000    13.841916     0.640146
 83.180000    13.848293     0.635248
 83.190000    13.854621     0.630343
 83.200000    13.860900     0.625430
 83.210000    13.867130     0.620510
 83.220000    13.873310     0.615584
 83.230000    13.879441     0.610652
 83.240000    13.885523     0.605713
 83.250000    13.891556     0.600769
 83.260000    13.897538     0.595820
 83.270000    13.903472     0.590866
 83.280000    13.909356     0.585907
 83.290000    13.915190     0.580943
 83.300000    13.920975     0.575976
 83.310000    13.926710     0.571004
 83.320000    13.932395     0.566029
 83.330000    13.938030     0.561051
 83.340000    13.943616     0.556069
 83.350000    13.949151     0.551084
 83.360000    13.954637     0.546097
 83.370000    13.960073     0.541107
 83.380000    13.965460     0.536115
 83.390000    13.970796     0.531121
 83.400000    13.976082     0.526124
 83.410000    13.981318     0.521126
 83.420000    13.986504     0.516127
 83.430000    13.991641     0.511126
 83.440000    13.996727     0.506124
 83.450000    14.001763     0.501121
 83.460000    14.006749     0.496117
 83.470000    14.011686     0.491112
 83.480000    14.016572     0.486106
 83.490000    14.021408     0.481100
 83.500000    14.026194     0.476093
 83.510000    14.030929     0.471086
 83.520000    14.035615     0.466079
 83.530000    14.040251     0.461072
 83.540000    14.044837     0.456064
 83.550000    14.049372     0.451057
 83.560000    14.053858     0.446050
 83.570000    14.058293     0.441043
 83.580000    14.062679     0.436036
 83.590000    14.067014     0.431029
 83.600000    14.071299     0.426023
 83.610000    14.075535     0.421017
 83.620000    14.079720     0.416012
 83.630000    14.083855     0.411006
 83.640000    14.087940     0.406002
 83.650000    14.091975     0.400997
 83.660000    14.095960     0.395994
 83.670000    14.099895     0.390990
 83.680000    14.103780     0.385987
 83.690000    14.107614     0.380985
 83.700000    14.111399     0.375983
 83.710000    14.115134     0.370981
 83.720000    14.118819     0.365980
 83.730000    14.122454     0.360979
 83.740000    14.126038     0.355978
 83.750000    14.129573     0.350978
 83.760000    14.133058     0.345978
 83.770000    14.136493     0.340978
 83.780000    14.139878     0.335978
 83.790000    14.143212     0.330978
 83.800000    14.146497     0.325978
 83.810000    14.149732     0.320977
 83.820000    14.152917     0.315977
 83.830000    14.156051     0.310976
 83.840000    14.159136     0.305975
 83.850000    14.162171     0.300974
 83.860000    14.165156     0.295972
 83.870000    14.168090     0.290969
 83.880000    14.170975     0.285965
 83.890000    14.173810     0.280961
 83.900000    14.176594     0.275955
 83.910000    14.179329     0.270948
 83.920000    14.182013     0.265940
 83.930000    14.184648     0.260931
 83.940000    14.187232     0.255920
 83.950000    14.189766     0.250908
 83.960000    14.192250     0.245893
 83.970000    14.194684     0.240877
 83.980000    14.197067     0.235858
 83.990000    14.199401     0.230838
 84.000000    14.201684     0.225815
 84.010000    14.203917     0.220789
 84.020000    14.206100     0.215760
 84.030000    14.208232     0.210729
 84.040000    14.210315     0.205695
 84.050000    14.212346     0.200657
 84.060000    14.214328     0.195616
 84.070000    14.216259     0.190572
 84.080000    14.218139     0.185523
 84.090000    14.219969     0.180471
 84.100000    14.221749     0.175415
 84.110000    14.223477     0.170354
 84.120000    14.225156     0.165289
 84.130000    14.226783     0.160219
 84.140000    14.228360     0.155144
 84.150000    14.229886     0.150064
 84.160000    14.231361     0.144979
 84.170000    14.232786     0.139888
 84.180000    14.234159     0.134792
 84.190000    14.235481     0.129689
 84.200000    14.236753     0.124581
 84.210000    14.237973     0.119466
 84.220000    14.239142     0.114345
 84.230000    14.240260     0.109217
 84.240000    14.241326     0.104082
 84.250000    14.242341     0.098940
 84.260000    14.243305     0.093790
 84.270000    14.244217     0.088633
 84.280000    14.245078     0.083468
 84.290000    14.245887     0.078295
 84.300000    14.246644     0.073114
 84.310000    14.247349     0.067925
 84.320000    14.248002     0.062726
 84.330000    14.248603     0.057519
 84.340000    14.249152     0.052302
 84.350000    14.249649     0.047077
 84.360000    14.250094     0.041841
 84.370000    14.250486     0.036596
 84.380000    14.250826     0.031340
 84.390000    14.251113     0.026075
 84.400000    14.251347     0.020799
 84.410000    14.251529     0.015512
 84.420000    14.251657     0.010214
 84.430000    14.251733     0.004905
 84.440000    14.251756    -0.000415
 84.450000    14.251725    -0.005748
 84.460000    14.251641    -0.011092
 84.470000    14.251503    -0.016448
 84.480000    14.251312    -0.021816
 84.490000    14.251067    -0.027197
 84.500000    14.250768    -0.032591
 84.510000    14.250415    -0.037997
 84.520000    14.250008    -0.043417
 84.530000    14.249546    -0.048851
 84.540000    14.249031    -0.054298
 84.550000    14.248460    -0.059759
 84.560000    14.247835    -0.065234
 84.570000    14.247156    -0.070723
 84.580000    14.246421    -0.076227
 84.590000    14.245631    -0.081746
 84.600000    14.244786    -0.087279
 84.610000    14.243885    -0.092828
 84.620000    14.242929    -0.098392
 84.630000    14.241917    -0.103972
 84.640000    14.240850    -0.109567
 84.650000    14.239726    -0.115179
 84.660000    14.238546    -0.120807
 84.670000    14.237310    -0.126451
 84.680000    14.236017    -0.132112
 84.690000    14.234668    -0.137789
 84.700000    14.233261    -0.143484
 84.710000    14.231798    -0.149195
 84.720000    14.230277    -0.154925
 84.730000    14.228699    -0.160671
 84.740000    14.227064    -0.166435
 84.750000    14.225370    -0.172218
 84.760000    14.223619    -0.178018
 84.770000    14.221810    -0.183837
 84.780000    14.219943    -0.189673
 84.790000    14.218017    -0.195529
 84.800000    14.216032    -0.201403
 84.810000    14.213988    -0.207296
 84.820000    14.211886    -0.213209
 84.830000    14.209724    -0.219140
 84.840000    14.207503    -0.225091
 84.850000    14.205222    -0.231061
 84.860000    14.202882    -0.237050
 84.870000    14.200481    -0.243060
 84.880000    14.198021    -0.249089
 84.890000    14.195499    -0.255138
 84.900000    14.192918    -0.261208
 84.910000    14.190275    -0.267297
 84.920000    14.187572    -0.273407
 84.930000    14.184807    -0.279537
 84.940000    14.181981    -0.285688
 84.950000    14.179093    -0.291859
 84.960000    14.176144    -0.298051
 84.970000    14.173132    -0.304264
 84.980000    14.170058    -0.310497
 84.990000    14.166922    -0.316752
 85.000000    14.163723    -0.323027
 85.010000    14.160461    -0.329323
 85.020000    14.157137    -0.335640
 85.030000    14.153749    -0.341979
 85.040000    14.150297    -0.348338
 85.050000    14.146782    -0.354718
 85.060000    14.143203    -0.361120
 85.070000    14.139559    -0.367542
 85.080000    14.135852    -0.373986
 85.090000    14.132079    -0.380451
 85.100000    14.128243    -0.386937
 85.110000    14.124341    -0.393444
 85.120000    14.120374    -0.399972
 85.130000    14.116341    -0.406521
 85.140000    14.112243    -0.413091
 85.150000    14.108079    -0.419682
 85.160000    14.103849    -0.426293
 85.170000    14.099553    -0.432925
 85.180000    14.095191    -0.439578
 85.190000    14.090762    -0.446252
 85.200000    14.086266    -0.452946
 85.210000    14.081703    -0.459660
 85.220000    14.077072    -0.466395
 85.230000    14.072375    -0.473149
 85.240000    14.067609    -0.479924
 85.250000    14.062776    -0.486718
 85.260000    14.057875    -0.493532
 85.270000    14.052905    -0.500365
 85.280000    14.047868    -0.507217
 85.290000    14.042761    -0.514089
 85.300000    14.037586    -0.520979
 85.310000    14.032341    -0.527888
 85.320000    14.027028    -0.534815
 85.330000    14.021645    -0.541760
 85.340000    14.016193    -0.548724
 85.350000    14.010671    -0.555704
 85.360000    14.005079    -0.562702
 85.370000    13.999416    -0.569717
 85.380000    13.993684    -0.576749
 85.390000    13.987881    -0.583797
 85.400000    13.982008    -0.590861
 85.410000    13.976064    -0.597941
 85.420000    13.970049    -0.605036
 85.430000    13.963963    -0.612146
 85.440000    13.957806    -0.619271
 85.450000    13.951578    -0.626410
 85.460000    13.945278    -0.633563
 85.470000    13.938907    -0.640728
 85.480000    13.932463    -0.647907
 85.490000    13.925948    -0.655099
 85.500000    13.919361    -0.662302
 85.510000    13.912702    -0.669516
 85.520000    13.905971    -0.676742
 85.530000    13.899167    -0.683978
 85.540000    13.892291    -0.691224
 85.550000    13.885343    -0.698480
 85.560000    13.878322    -0.705744
 85.570000    13.871228    -0.713017
 85.580000    13.864061    -0.720297
 85.590000    13.856822    -0.727584
 85.600000    13.849510    -0.734878
 85.610000    13.842124    -0.742177
 85.620000    13.834666    -0.749482
 85.630000    13.827135    -0.756791
 85.640000    13.819530    -0.764104
 85.650000    13.811853    -0.771420
 85.660000    13.804102    -0.778739
 85.670000    13.796278    -0.786059
 85.680000    13.788381    -0.793380
 85.690000    13.780410    -0.800702
 85.700000    13.772367    -0.808022
 85.710000    13.764250    -0.815342
 85.720000    13.756060    -0.822659
 85.730000    13.747797    -0.829973
 85.740000    13.739460    -0.837283
 85.750000    13.731051    -0.844589
 85.760000    13.722569    -0.851889
 85.770000    13.714013    -0.859182
 85.780000    13.705385    -0.866468
 85.790000    13.696684    -0.873746
 85.800000    13.687910    -0.881015
 85.810000    13.679064    -0.888273
 85.820000    13.670145    -0.895521
 85.830000    13.661153    -0.902756
 85.840000    13.652090    -0.909978
 85.850000    13.642954    -0.917186
 85.860000    13.633746    -0.924380
 85.870000    13.624466    -0.931557
 85.880000    13.615115    -0.938716
 85.890000    13.605692    -0.945858
 85.900000    13.596198    -0.952980
 85.910000    13.586633    -0.960082
 85.920000    13.576996    -0.967163
 85.930000    13.567289    -0.974220
 85.940000    13.557512    -0.981255
 85.950000    13.547664    -0.988264
 85.960000    13.537747    -0.995247
 85.970000    13.527759    -1.002203
 85.980000    13.517703    -1.009131
 85.990000    13.507577    -1.016029
 86.000000    13.497382    -1.022897
 86.010000    13.487119    -1.029732
 86.020000    13.476788    -1.036535
 86.030000    13.466389    -1.043303
 86.040000    13.455922    -1.050036
 86.050000    13.445388    -1.056732
 86.060000    13.434787    -1.063390
 86.070000    13.424120    -1.070008
 86.080000    13.413387    -1.076586
 86.090000    13.402589    -1.083122
 86.100000    13.391725    -1.089615
 86.110000    13.380797    -1.096064
 86.120000    13.369804    -1.102467
 86.130000    13.358747    -1.108823
 86.140000    13.347628    -1.115131
 86.150000    13.336445    -1.121389
 86.160000    13.325200    -1.127596
 86.170000    13.313893    -1.133752
 86.180000    13.302525    -1.139854
 86.190000    13.291096    -1.145901
 86.200000    13.279607    -1.151892
 86.210000    13.268059    -1.157826
 86.220000    13.256451    -1.163701
 86.230000    13.244785    -1.169517
 86.240000    13.233061    -1.175271
 86.250000    13.221280    -1.180962
 86.260000    13.209442    -1.186590
 86.270000    13.197548    -1.192153
 86.280000    13.185599    -1.197650
 86.290000    13.173595    -1.203079
 86.300000    13.161538    -1.208439
 86.310000    13.149427    -1.213729
 86.320000    13.137263    -1.218947
 86.330000    13.125048    -1.224093
 86.340000    13.112782    -1.229166
 86.350000    13.100465    -1.234163
 86.360000    13.088099    -1.239084
 86.370000    13.075684    -1.243927
 86.380000    13.063220    -1.248692
 86.390000    13.050710    -1.253377
 86.400000    13.038153    -1.257981
 86.410000    13.025551    -1.262503
 86.420000    13.012903    -1.266942
 86.430000    13.000212    -1.271297
 86.440000    12.987478    -1.275566
 86.450000    12.974701    -1.279749
 86.460000    12.961883    -1.283845
 86.470000    12.949024    -1.287852
 86.480000    12.936126    -1.291769
 86.490000    12.923189    -1.295596
 86.500000    12.910215    -1.299332
 86.510000    12.897203    -1.302975
 86.520000    12.884155    -1.306525
 86.530000    12.871073    -1.309980
 86.540000    12.857956    -1.313341
 86.550000    12.844806    -1.316605
 86.560000    12.831624    -1.319773
 86.570000    12.818411    -1.322844
 86.580000    12.805168    -1.325816
 86.590000    12.791895    -1.328689
 86.600000    12.778594    -1.331463
 86.610000    12.765266    -1.334136
 86.620000    12.751912    -1.336708
 86.630000    12.738532    -1.339178
 86.640000    12.725129    -1.341546
 86.650000    12.711702    -1.343812
 86.660000    12.698253    -1.345974
 86.670000    12.684783    -1.348032
 86.680000    12.671293    -1.349986
 86.690000    12.657783    -1.351835
 86.700000    12.644256    -1.353579
 86.710000    12.630712    -1.355218
 86.720000    12.617152    -1.356751
 86.730000    12.603577    -1.358178
 86.740000    12.589989    -1.359498
 86.750000    12.576388    -1.360712
 86.760000    12.562775    -1.361820
 86.770000    12.549152    -1.362820
 86.780000    12.535519    -1.363713
 86.790000    12.521878    -1.364500
 86.800000    12.508229    -1.365179
 86.810000    12.494575    -1.365751
 86.820000    12.480915    -1.366215
 86.830000    12.467251    -1.366573
 86.840000    12.453584    -1.366824
 86.850000    12.439915    -1.366968
 86.860000    12.426245    -1.367005
 86.870000    12.412575    -1.366935
 86.880000    12.398906    -1.366759
 86.890000    12.385240    -1.366478
 86.900000    12.371577    -1.366090
 86.910000    12.357919    -1.365597
 86.920000    12.344266    -1.364999
 86.930000    12.330619    -1.364297
 86.940000    12.316980    -1.363490
 86.950000    12.303350    -1.362579
 86.960000    12.289729    -1.361566
 86.970000    12.276119    -1.360449
 86.980000    12.262520    -1.359231
 86.990000    12.248934    -1.357911
 87.000000    12.235362    -1.356490
 87.010000    12.221805    -1.354968
 87.020000    12.208263    -1.353348
 87.030000    12.194738    -1.351628
 87.040000    12.181231    -1.349810
 87.050000    12.167742    -1.347895
 87.060000    12.154273    -1.345884
 87.070000    12.140825    -1.343777
 87.080000    12.127398    -1.341575
 87.090000    12.113994    -1.339279
 87.100000    12.100613    -1.336890
 87.110000    12.087256    -1.334409
 87.120000    12.073925    -1.331836
 87.130000    12.060620    -1.329174
 87.140000    12.047342    -1.326422
 87.150000    12.034092    -1.323583
 87.160000    12.020870    -1.320656
 87.170000    12.007679    -1.317643
 87.180000    11.994518    -1.314545
 87.190000    11.981388    -1.311364
 87.200000    11.968291    -1.308100
 87.210000    11.955227    -1.304754
 87.220000    11.942196    -1.301328
 87.230000    11.929200    -1.297822
 87.240000    11.916240    -1.294239
 87.250000    11.903316    -1.290579
 87.260000    11.890429    -1.286843
 87.270000    11.877579    -1.283033
 87.280000    11.864768    -1.279150
 87.290000    11.851996    -1.275195
 87.300000    11.839264    -1.271169
 87.310000    11.826573    -1.267074
 87.320000    11.813923    -1.262911
 87.330000    11.801315    -1.258682
 87.340000    11.788750    -1.254387
 87.350000    11.776228    -1.250027
 87.360000    11.763749    -1.245605
 87.370000    11.751316    -1.241122
 87.380000    11.738927    -1.236579
 87.390000    11.726584    -1.231976
 87.400000    11.714288    -1.227317
 87.410000    11.702038    -1.222601
 87.420000    11.689836    -1.217830
 87.430000    11.677682    -1.213006
 87.440000    11.665576    -1.208130
 87.450000    11.653519    -1.203203
 87.460000    11.641512    -1.198227
 87.470000    11.629555    -1.193203
 87.480000    11.617648    -1.188132
 87.490000    11.605793    -1.183015
 87.500000    11.593988    -1.177855
 87.510000    11.582236    -1.172652
 87.520000    11.570535    -1.167407
 87.530000    11.558888    -1.162123
 87.540000    11.547293    -1.156799
 87.550000    11.535752    -1.151438
 87.560000    11.524264    -1.146041
 87.570000    11.512831    -1.140609
 87.580000    11.501452    -1.135144
 87.590000    11.490128    -1.129646
 87.600000    11.478859    -1.124117
 87.610000    11.467646    -1.118559
 87.620000    11.456488    -1.112972
 87.630000    11.445387    -1.107358
 87.640000    11.434341    -1.101717
 87.650000    11.423352    -1.096052
 87.660000    11.412420    -1.090363
 87.670000    11.401545    -1.084652
 87.680000    11.390727    -1.078920
 87.690000    11.379967    -1.073168
 87.700000    11.369264    -1.067396
 87.710000    11.358619    -1.061608
 87.720000    11.348032    -1.055802
 87.730000    11.337503    -1.049981
 87.740000    11.327032    -1.044146
 87.750000    11.316620    -1.038297
 87.760000    11.306266    -1.032436
 87.770000    11.295971    -1.026565
 87.780000    11.285735    -1.020683
 87.790000    11.275558    -1.014792
 87.800000    11.265439    -1.008893
 87.810000    11.255380    -1.002987
 87.820000    11.245380    -0.997076
 87.830000    11.235438    -0.991159
 87.840000    11.225556    -0.985238
 87.850000    11.215734    -0.979314
 87.860000    11.205970    -0.973388
 87.870000    11.196266    -0.967461
 87.880000    11.186621    -0.961534
 87.890000    11.177035    -0.955607
 87.900000    11.167509    -0.949682
 87.910000    11.158042    -0.943759
 87.920000    11.148634    -0.937839
 87.930000    11.139285    -0.931923
 87.940000    11.129995    -0.926012
 87.950000    11.120765    -0.920106
 87.960000    11.111593    -0.914207
 87.970000    11.102480    -0.908315
 87.980000    11.093427    -0.902430
 87.990000    11.084432    -0.896555
 88.000000    11.075496    -0.890688
 88.010000    11.066618    -0.884832
 88.020000    11.057799    -0.878986
 88.030000    11.049038    -0.873152
 88.040000    11.040336    -0.867330
 88.050000    11.031692    -0.861520
 88.060000    11.023105    -0.855723
 88.070000    11.014577    -0.849941
 88.080000    11.006107    -0.844173
 88.090000    10.997694    -0.838420
 88.100000    10.989338    -0.832682
 88.110000    10.981040    -0.826961
 88.120000    10.972799    -0.821256
 88.130000    10.964615    -0.815568
 88.140000    10.956487    -0.809898
 88.150000    10.948417    -0.804247
 88.160000    10.940402    -0.798613
 88.170000    10.932444    -0.792999
 88.180000    10.924542    -0.787405
 88.190000    10.916696    -0.781830
 88.200000    10.908906    -0.776276
 88.210000    10.901171    -0.770742
 88.220000    10.893491    -0.765230
 88.230000    10.885866    -0.759739
 88.240000    10.878296    -0.754270
 88.250000    10.870780    -0.748824
 88.260000    10.863319    -0.743399
 88.270000    10.855912    -0.737998
 88.280000    10.848559    -0.732620
 88.290000    10.841260    -0.727265
 88.300000    10.834014    -0.721935
 88.310000    10.826821    -0.716628
 88.320000    10.819681    -0.711345
 88.330000    10.812594    -0.706087
 88.340000    10.805559    -0.700854
 88.350000    10.798577    -0.695646
 88.360000    10.791646    -0.690463
 88.370000    10.784768    -0.685305
 88.380000    10.777940    -0.680174
 88.390000    10.771164    -0.675067
 88.400000    10.764439    -0.669987
 88.410000    10.757764    -0.664933
 88.420000    10.751140    -0.659905
 88.430000    10.744566    -0.654904
 88.440000    10.738042    -0.649929
 88.450000    10.731567    -0.644981
 88.460000    10.725142    -0.640059
 88.470000    10.718766    -0.635165
 88.480000    10.712439    -0.630297
 88.490000    10.706160    -0.625456
 88.500000    10.699930    -0.620643
 88.510000    10.693747    -0.615856
 88.520000    10.687612    -0.611097
 88.530000    10.681525    -0.606365
 88.540000    10.675485    -0.601660
 88.550000    10.669492    -0.596983
 88.560000    10.663545    -0.592333
 88.570000    10.657645    -0.587710
 88.580000    10.651791    -0.583115
 88.590000    10.645983    -0.578546
 88.600000    10.640220    -0.574006
 88.610000    10.634502    -0.569492
 88.620000    10.628830    -0.565006
 88.630000    10.623202    -0.560547
 88.640000    10.617619    -0.556116
 88.650000    10.612080    -0.551711
 88.660000    10.606585    -0.547334
 88.670000    10.601133    -0.542983
 88.680000    10.595725    -0.538660
 88.690000    10.590360    -0.534363
 88.700000    10.585038    -0.530094
 88.710000    10.579758    -0.525851
 88.720000    10.574520    -0.521634
 88.730000    10.569325    -0.517445
 88.740000    10.564171    -0.513281
 88.750000    10.559059    -0.509144
 88.760000    10.553988    -0.505034
 88.770000    10.548959    -0.500949
 88.780000    10.543969    -0.496890
 88.790000    10.539021    -0.492857
 88.800000    10.534112    -0.488850
 88.810000    10.529244    -0.484869
 88.820000    10.524415    -0.480912
 88.830000    10.519625    -0.476982
 88.840000    10.514875    -0.473076
 88.850000    10.510164    -0.469195
 88.860000    10.505491    -0.465339
 88.870000    10.500857    -0.461508
 88.880000    10.496261    -0.457701
 88.890000    10.491703    -0.453918
 88.900000    10.487182    -0.450160
 88.910000    10.482699    -0.446425
 88.920000    10.478254    -0.442714
 88.930000    10.473845    -0.439027
 88.940000    10.469473    -0.435363
 88.950000    10.465138    -0.431722
 88.960000    10.460839    -0.428104
 88.970000    10.456576    -0.424509
 88.980000    10.452348    -0.420936
 88.990000    10.448157    -0.417386
 89.000000    10.444001    -0.413858
 89.010000    10.439880    -0.410352
 89.020000    10.435793    -0.406867
 89.030000    10.431742    -0.403404
 89.040000    10.427725    -0.399962
 89.050000    10.423743    -0.396542
 89.060000    10.419794    -0.393141
 89.070000    10.415880    -0.389762
 89.080000    10.411999    -0.386403
 89.090000    10.408152    -0.383064
 89.100000    10.404338    -0.379744
 89.110000    10.400557    -0.376444
 89.120000    10.396809    -0.373164
 89.130000    10.393093    -0.369903
 89.140000    10.389411    -0.366660
 89.150000    10.385760    -0.363436
 89.160000    10.382142    -0.360231
 89.170000    10.378556    -0.357043
 89.180000    10.375001    -0.353873
 89.190000    10.371478    -0.350721
 89.200000    10.367987    -0.347586
 89.210000    10.364526    -0.344468
 89.220000    10.361097    -0.341367
 89.230000    10.357699    -0.338283
 89.240000    10.354331    -0.335214
 89.250000    10.350995    -0.332162
 89.260000    10.347688    -0.329125
 89.270000    10.344412    -0.326104
 89.280000    10.341166    -0.323098
 89.290000    10.337950    -0.320107
 89.300000    10.334764    -0.317130
 89.310000    10.331607    -0.314167
 89.320000    10.328480    -0.311219
 89.330000    10.325383    -0.308284
 89.340000    10.322315    -0.305363
 89.350000    10.319276    -0.302455
 89.360000    10.316266    -0.299560
 89.370000    10.313284    -0.296677
 89.380000    10.310332    -0.293807
 89.390000    10.307408    -0.290949
 89.400000    10.304513    -0.288103
 89.410000    10.301646    -0.285267
 89.420000    10.298808    -0.282444
 89.430000    10.295997    -0.279631
 89.440000    10.293215    -0.276828
 89.450000    10.290461    -0.274036
 89.460000    10.287734    -0.271253
 89.470000    10.285035    -0.268481
 89.480000    10.282364    -0.265718
 89.490000    10.279721    -0.262963
 89.500000    10.277105    -0.260218
 89.510000    10.274517    -0.257481
 89.520000    10.271956    -0.254752
 89.530000    10.269422    -0.252031
 89.540000    10.266915    -0.249318
 89.550000    10.264435    -0.246612
 89.560000    10.261983    -0.243913
 89.570000    10.259557    -0.241220
 89.580000    10.257158    -0.238534
 89.590000    10.254786    -0.235854
 89.600000    10.252441    -0.233179
 89.610000    10.250123    -0.230510
 89.620000    10.247831    -0.227846
 89.630000    10.245566    -0.225187
 89.640000    10.243327    -0.222533
 89.650000    10.241115    -0.219882
 89.660000    10.238929    -0.217235
 89.670000    10.236770    -0.214592
 89.680000    10.234638    -0.211952
 89.690000    10.232531    -0.209315
 89.700000    10.230451    -0.206681
 89.710000    10.228398    -0.204049
 89.720000    10.226370    -0.201419
 89.730000    10.224369    -0.198790
 89.740000    10.222394    -0.196163
 89.750000    10.220446    -0.193537
 89.760000    10.218524    -0.190911
 89.770000    10.216628    -0.188286
 89.780000    10.214758    -0.185661
 89.790000    10.212915    -0.183036
 89.800000    10.211097    -0.180410
 89.810000    10.209306    -0.177783
 89.820000    10.207542    -0.175155
 89.830000    10.205803    -0.172525
 89.840000    10.204091    -0.169893
 89.850000    10.202405    -0.167260
 89.860000    10.200746    -0.164623
 89.870000    10.199113    -0.161984
 89.880000    10.197506    -0.159342
 89.890000    10.195926    -0.156696
 89.900000    10.194372    -0.154046
 89.910000    10.192845    -0.151392
 89.920000    10.191345    -0.148733
 89.930000    10.189871    -0.146070
 89.940000    10.188423    -0.143402
 89.950000    10.187003    -0.140728
 89.960000    10.185609    -0.138048
 89.970000    10.184242    -0.135362
 89.980000    10.182901    -0.132669
 89.990000    10.181588    -0.129970
 90.000000    10.180302    -0.127264
 90.010000    10.179043    -0.124550
 90.020000    10.177811    -0.121828
 90.030000    10.176606    -0.119098
 90.040000    10.175429    -0.116359
 90.050000    10.174279    -0.113612
 90.060000    10.173157    -0.110856
 90.070000    10.172062    -0.108090
 90.080000    10.170995    -0.105314
 90.090000    10.169956    -0.102528
 90.100000    10.168945    -0.099731
 90.110000    10.167961    -0.096923
 90.120000    10.167006    -0.094105
 90.130000    10.166079    -0.091274
 90.140000    10.165181    -0.088432
 90.150000    10.164311    -0.085577
 90.160000    10.163469    -0.082710
 90.170000    10.162657    -0.079830
 90.180000    10.161873    -0.076937
 90.190000    10.161118    -0.074030
 90.200000    10.160392    -0.071109
 90.210000    10.159696    -0.068173
 90.220000    10.159029    -0.065223
 90.230000    10.158391    -0.062258
 90.240000    10.157784    -0.059278
 90.250000    10.157206    -0.056281
 90.260000    10.156658    -0.053269
 90.270000    10.156141    -0.050240
 90.280000    10.155653    -0.047194
 90.290000    10.155197    -0.044131
 90.300000    10.154771    -0.041051
 90.310000    10.154376    -0.037953
 90.320000    10.154012    -0.034836
 90.330000    10.153679    -0.031701
 90.340000    10.153378    -0.028547
 90.350000    10.153108    -0.025373
 90.360000    10.152870    -0.022180
 90.370000    10.152665    -0.018967
 90.380000    10.152491    -0.015734
 90.390000    10.152350    -0.012479
 90.400000    10.152242    -0.009204
 90.410000    10.152166    -0.005907
 90.420000    10.152124    -0.002588
 90.430000    10.152114     0.000753
 90.440000    10.152139     0.004117
 90.450000    10.152197     0.007504
 90.460000    10.152289     0.010914
 90.470000    10.152415     0.014348
 90.480000    10.152576     0.017806
 90.490000    10.152771     0.021288
 90.500000    10.153002     0.024795
 90.510000    10.153267     0.028328
 90.520000    10.153568     0.031886
 90.530000    10.153905     0.035470
 90.540000    10.154278     0.039080
 90.550000    10.154687     0.042717
 90.560000    10.155132     0.046381
 90.570000    10.155615     0.050073
 90.580000    10.156134     0.053793
 90.590000    10.156691     0.057540
 90.600000    10.157285     0.061317
 90.610000    10.157917     0.065122
 90.620000    10.158587     0.068957
 90.630000    10.159296     0.072822
 90.640000    10.160044     0.076716
 90.650000    10.160831     0.080642
 90.660000    10.161657     0.084598
 90.670000    10.162523     0.088585
 90.680000    10.163429     0.092605
 90.690000    10.164375     0.096656
 90.700000    10.165362     0.100740
 90.710000    10.166390     0.104857
 90.720000    10.167459     0.109007
 90.730000    10.168570     0.113191
 90.740000    10.169723     0.117408
 90.750000    10.170918     0.121661
 90.760000    10.172156     0.125948
 90.770000    10.173437     0.130270
 90.780000    10.174762     0.134628
 90.790000    10.176130     0.139022
 90.800000    10.177542     0.143453
 90.810000    10.178999     0.147920
 90.820000    10.180501     0.152424
 90.830000    10.182048     0.156967
 90.840000    10.183640     0.161547
 90.850000    10.185279     0.166165
 90.860000    10.186964     0.170823
 90.870000    10.188696     0.175519
 90.880000    10.190474     0.180256
 90.890000    10.192301     0.185032
 90.900000    10.194175     0.189848
 90.910000    10.196098     0.194706
 90.920000    10.198069     0.199604
 90.930000    10.200090     0.204545
 90.940000    10.202160     0.209527
 90.950000    10.204281     0.214552
 90.960000    10.206452     0.219619
 90.970000    10.208673     0.224730
 90.980000    10.210946     0.229884
 90.990000    10.213271     0.235082
 91.000000    10.215648     0.240325
 91.010000    10.218078     0.245612
 91.020000    10.220561     0.250945
 91.030000    10.223097     0.256323
 91.040000    10.225687     0.261747
 91.050000    10.228332     0.267217
 91.060000    10.231032     0.272735
 91.070000    10.233787     0.278299
 91.080000    10.236598     0.283911
 91.090000    10.239465     0.289571
 91.100000    10.242389     0.295279
 91.110000    10.245371     0.301036
 91.120000    10.248410     0.306842
 91.130000    10.251508     0.312697
 91.140000    10.254664     0.318602
 91.150000    10.257880     0.324558
 91.160000    10.261156     0.330564
 91.170000    10.264492     0.336621
 91.180000    10.267888     0.342729
 91.190000    10.271346     0.348889
 91.200000    10.274866     0.355101
 91.210000    10.278448     0.361366
 91.220000    10.282094     0.367683
 91.230000    10.285802     0.374053
 91.240000    10.289575     0.380478
 91.250000    10.293412     0.386955
 91.260000    10.297314     0.393488
 91.270000    10.301282     0.400074
 91.280000    10.305316     0.406716
 91.290000    10.309416     0.413413
 91.300000    10.313584     0.420165
 91.310000    10.317820     0.426973
 91.320000    10.322124     0.433838
 91.330000    10.326497     0.440759
 91.340000    10.330939     0.447737
 91.350000    10.335452     0.454772
 91.360000    10.340035     0.461864
 91.370000    10.344689     0.469015
 91.380000    10.349415     0.476223
 91.390000    10.354214     0.483490
 91.400000    10.359085     0.490815
 91.410000    10.364030     0.498199
 91.420000    10.369050     0.505643
 91.430000    10.374144     0.513145
 91.440000    10.379313     0.520708
 91.450000    10.384558     0.528330
 91.460000    10.389880     0.536012
 91.470000    10.395278     0.543755
 91.480000    10.400755     0.551559
 91.490000    10.406310     0.559423
 91.500000    10.411943     0.567348
 91.510000    10.417657     0.575334
 91.520000    10.423450     0.583382
 91.530000    10.429325     0.591491
 91.540000    10.435280     0.599662
 91.550000    10.441318     0.607895
 91.560000    10.447439     0.616189
 91.570000    10.453642     0.624546
 91.580000    10.459930     0.632965
 91.590000    10.466302     0.641446
 91.600000    10.472759     0.649990
 91.610000    10.479302     0.658596
 91.620000    10.485931     0.667265
 91.630000    10.492647     0.675996
 91.640000    10.499451     0.684789
 91.650000    10.506343     0.693646
 91.660000    10.513324     0.702564
 91.670000    10.520395     0.711546
 91.680000    10.527555     0.720590
 91.690000    10.534807     0.729696
 91.700000    10.542149     0.738865
 91.710000    10.549584     0.748097
 91.720000    10.557112     0.757390
 91.730000    10.564732     0.766746
 91.740000    10.572447     0.776163
 91.750000    10.580256     0.785643
 91.760000    10.588160     0.795184
 91.770000    10.596160     0.804786
 91.780000    10.604256     0.814450
 91.790000    10.612449     0.824174
 91.800000    10.620739     0.833959
 91.810000    10.629128     0.843805
 91.820000    10.637616     0.853711
 91.830000    10.646203     0.863676
 91.840000    10.654889     0.873701
 91.850000    10.663677     0.883784
 91.860000    10.672565     0.893926
 91.870000    10.681555     0.904127
 91.880000    10.690648     0.914384
 91.890000    10.699843     0.924699
 91.900000    10.709142     0.935071
 91.910000    10.718545     0.945499
 91.920000    10.728052     0.955982
 91.930000    10.737665     0.966520
 91.940000    10.747383     0.977112
 91.950000    10.757207     0.987757
 91.960000    10.767138     0.998455
 91.970000    10.777176     1.009206
 91.980000    10.787322     1.020007
 91.990000    10.797577     1.030859
 92.000000    10.807940     1.041760
 92.010000    10.818412     1.052711
 92.020000    10.828994     1.063709
 92.030000    10.839686     1.074753
 92.040000    10.850489     1.085844
 92.050000    10.861403     1.096980
 92.060000    10.872429     1.108159
 92.070000    10.883567     1.119380
 92.080000    10.894817     1.130644
 92.090000    10.906180     1.141947
 92.100000    10.917656     1.153290
 92.110000    10.929246     1.164670
 92.120000    10.940949     1.176087
 92.130000    10.952768     1.187539
 92.140000    10.964700     1.199024
 92.150000    10.976748     1.210542
 92.160000    10.988911     1.222091
 92.170000    11.001190     1.233669
 92.180000    11.013585     1.245275
 92.190000    11.026096     1.256907
 92.200000    11.038723     1.268564
 92.210000    11.051467     1.280243
 92.220000    11.064328     1.291943
 92.230000    11.077306     1.303663
 92.240000    11.090401     1.315400
 92.250000    11.103614     1.327152
 92.260000    11.116944     1.338919
 92.270000    11.130392     1.350696
 92.280000    11.143958     1.362484
 92.290000    11.157642     1.374279
 92.300000    11.171444     1.386080
 92.310000    11.185364     1.397884
 92.320000    11.199402     1.409689
 92.330000    11.213558     1.421493
 92.340000    11.227831     1.433293
 92.350000    11.242223     1.445088
 92.360000    11.256733     1.456875
 92.370000    11.271361     1.468652
 92.380000    11.286106     1.480416
 92.390000    11.300969     1.492164
 92.400000    11.315949     1.503894
 92.410000    11.331047     1.515604
 92.420000    11.346261     1.527290
 92.430000    11.361593     1.538951
 92.440000    11.377040     1.550584
 92.450000    11.392604     1.562185
 92.460000    11.408284     1.573752
 92.470000    11.424079     1.585282
 92.480000    11.439989     1.596773
 92.490000    11.456014     1.608222
 92.500000    11.472154     1.619625
 92.510000    11.488407     1.630979
 92.520000    11.504773     1.642283
 92.530000    11.521252     1.653532
 92.540000    11.537844     1.664724
 92.550000    11.554547     1.675856
 92.560000    11.571360     1.686924
 92.570000    11.588285     1.697926
 92.580000    11.605319     1.708858
 92.590000    11.622462     1.719718
 92.600000    11.639713     1.730502
 92.610000    11.657071     1.741207
 92.620000    11.674537     1.751831
 92.630000    11.692108     1.762369
 92.640000    11.709784     1.772818
 92.650000    11.727564     1.783177
 92.660000    11.745447     1.793440
 92.670000    11.763432     1.803606
 92.680000    11.781519     1.813671
 92.690000    11.799705     1.823632
 92.700000    11.817991     1.833486
 92.710000    11.836375     1.843229
 92.720000    11.854855     1.852859
 92.730000    11.873432     1.862372
 92.740000    11.892102     1.871766
 92.750000    11.910866     1.881037
 92.760000    11.929723     1.890183
 92.770000    11.948670     1.899200
 92.780000    11.967706     1.908085
 92.790000    11.986831     1.916836
 92.800000    12.006043     1.925450
 92.810000    12.025339     1.933923
 92.820000    12.044720     1.942253
 92.830000    12.064184     1.950438
 92.840000    12.083729     1.958474
 92.850000    12.103353     1.966359
 92.860000    12.123055     1.974091
 92.870000    12.142834     1.981666
 92.880000    12.162688     1.989083
 92.890000    12.182615     1.996339
 92.900000    12.202614     2.003431
 92.910000    12.222684     2.010358
 92.920000    12.242821     2.017118
 92.930000    12.263025     2.023707
 92.940000    12.283295     2.030125
 92.950000    12.303627     2.036369
 92.960000    12.324021     2.042438
 92.970000    12.344475     2.048329
 92.980000    12.364987     2.054041
 92.990000    12.385556     2.059573
 93.000000    12.406178     2.064922
 93.010000    12.426853     2.070088
 93.020000    12.447579     2.075070
 93.030000    12.468354     2.079865
 93.040000    12.489176     2.084474
 93.050000    12.510043     2.088894
 93.060000    12.530953     2.093126
 93.070000    12.551905     2.097169
 93.080000    12.572896     2.101021
 93.090000    12.593925     2.104682
 93.100000    12.614989     2.108152
 93.110000    12.636087     2.111431
 93.120000    12.657217     2.114518
 93.130000    12.678377     2.117413
 93.140000    12.699565     2.120117
 93.150000    12.720779     2.122628
 93.160000    12.742017     2.124949
 93.170000    12.763277     2.127078
 93.180000    12.784558     2.129017
 93.190000    12.805857     2.130766
 93.200000    12.827172     2.132326
 93.210000    12.848503     2.133698
 93.220000    12.869846     2.134882
 93.230000    12.891200     2.135879
 93.240000    12.912563     2.136692
 93.250000    12.933933     2.137320
 93.260000    12.955308     2.137766
 93.270000    12.976687     2.138031
 93.280000    12.998068     2.138117
 93.290000    13.019449     2.138025
 93.300000    13.040828     2.137756
 93.310000    13.062204     2.137314
 93.320000    13.083574     2.136700
 93.330000    13.104937     2.135916
 93.340000    13.126292     2.134964
 93.350000    13.147636     2.133848
 93.360000    13.168968     2.132568
 93.370000    13.190287     2.131127
 93.380000    13.211590     2.129529
 93.390000    13.232877     2.127776
 93.400000    13.254145     2.125870
 93.410000    13.275394     2.123814
 93.420000    13.296621     2.121612
 93.430000    13.317825     2.119266
 93.440000    13.339006     2.116779
 93.450000    13.360161     2.114155
 93.460000    13.381288     2.111396
 93.470000    13.402388     2.108506
 93.480000    13.423458     2.105488
 93.490000    13.444497     2.102346
 93.500000    13.465505     2.099082
 93.510000    13.486479     2.095701
 93.520000    13.507418     2.092206
 93.530000    13.528322     2.088601
 93.540000    13.549190     2.084888
 93.550000    13.570020     2.081072
 93.560000    13.590811     2.077157
 93.570000    13.611563     2.073146
 93.580000    13.632274     2.069042
 93.590000    13.652943     2.064850
 93.600000    13.673570     2.060574
 93.610000    13.694154     2.056217
 93.620000    13.714694     2.051783
 93.630000    13.735190     2.047276
 93.640000    13.755640     2.042699
 93.650000    13.776044     2.038057
 93.660000    13.796401     2.033354
 93.670000    13.816710     2.028593
 93.680000    13.836972     2.023779
 93.690000    13.857186     2.018914
 93.700000    13.877351     2.014004
 93.710000    13.897466     2.009052
 93.720000    13.917531     2.004061
 93.730000    13.937547     1.999036
 93.740000    13.957512     1.993981
 93.750000    13.977426     1.988899
 93.760000    13.997290     1.983794
 93.770000    14.017102     1.978670
 93.780000    14.036863     1.973531
 93.790000    14.056573     1.968381
 93.800000    14.076231     1.963222
 93.810000    14.095837     1.958060
 93.820000    14.115392     1.952898
 93.830000    14.134895     1.947739
 93.840000    14.154347     1.942586
 93.850000    14.173747     1.937445
 93.860000    14.193096     1.932317
 93.870000    14.212393     1.927208
 93.880000    14.231640     1.922119
 93.890000    14.250836     1.917056
 93.900000    14.269981     1.912020
 93.910000    14.289076     1.907016
 93.920000    14.308122     1.902047
 93.930000    14.327117     1.897116
 93.940000    14.346064     1.892226
 93.950000    14.364962     1.887382
 93.960000    14.383812     1.882585
 93.970000    14.402614     1.877839
 93.980000    14.421369     1.873148
 93.990000    14.440077     1.868514
 94.000000    14.458739     1.863940
 94.010000    14.477356     1.859430
 94.020000    14.495928     1.854986
 94.030000    14.514456     1.850611
 94.040000    14.532941     1.846308
 94.050000    14.551383     1.842080
 94.060000    14.569783     1.837930
 94.070000    14.588141     1.833860
 94.080000    14.606460     1.829874
 94.090000    14.624739     1.825973
 94.100000    14.642980     1.822160
 94.110000    14.661183     1.818439
 94.120000    14.679349     1.814811
 94.130000    14.697479     1.811278
 94.140000    14.715575     1.807845
 94.150000    14.733636     1.804512
 94.160000    14.751665     1.801282
 94.170000    14.769662     1.798157
 94.180000    14.787629     1.795140
 94.190000    14.805566     1.792234
 94.200000    14.823474     1.789439
 94.210000    14.841355     1.786758
 94.220000    14.859209     1.784194
 94.230000    14.877039     1.781749
 94.240000    14.894845     1.779423
 94.250000    14.912628     1.777220
 94.260000    14.930390     1.775142
 94.270000    14.948131     1.773190
 94.280000    14.965854     1.771366
 94.290000    14.983559     1.769672
 94.300000    15.001248     1.768109
 94.310000    15.018922     1.766680
 94.320000    15.036582     1.765387
 94.330000    15.054230     1.764230
 94.340000    15.071867     1.763212
 94.350000    15.089494     1.762334
 94.360000    15.107114     1.761598
 94.370000    15.124727     1.761005
 94.380000    15.142335     1.760557
 94.390000    15.159939     1.760255
 94.400000    15.177540     1.760101
 94.410000    15.195141     1.760096
 94.420000    15.212743     1.760242
 94.430000    15.230346     1.760539
 94.440000    15.247954     1.760989
 94.450000    15.265567     1.761594
 94.460000    15.283186     1.762354
 94.470000    15.300814     1.763271
 94.480000    15.318452     1.764346
 94.490000    15.336102     1.765579
 94.500000    15.353764     1.766973
 94.510000    15.371442     1.768529
 94.520000    15.389135     1.770246
 94.530000    15.406847     1.772127
 94.540000    15.424579     1.774172
 94.550000    15.442331     1.776382
 94.560000    15.460107     1.778758
 94.570000    15.477907     1.781301
 94.580000    15.495733     1.784011
 94.590000    15.513588     1.786890
 94.600000    15.531472     1.789938
 94.610000    15.549387     1.793156
 94.620000    15.567335     1.796545
 94.630000    15.585318     1.800105
 94.640000    15.603338     1.803836
 94.650000    15.621396     1.807741
 94.660000    15.639493     1.811818
 94.670000    15.657633     1.816068
 94.680000    15.675815     1.820492
 94.690000    15.694043     1.825091
 94.700000    15.712318     1.829864
 94.710000    15.730641     1.834812
 94.720000    15.749015     1.839936
 94.730000    15.767440     1.845235
 94.740000    15.785920     1.850709
 94.750000    15.804455     1.856359
 94.760000    15.823048     1.862185
 94.770000    15.841699     1.868187
 94.780000    15.860412     1.874365
 94.790000    15.879187     1.880719
 94.800000    15.898027     1.887248
 94.810000    15.916933     1.893953
 94.820000    15.935907     1.900834
 94.830000    15.954950     1.907889
 94.840000    15.974065     1.915119
 94.850000    15.993253     1.922524
 94.860000    16.012516     1.930102
 94.870000    16.031856     1.937854
 94.880000    16.051274     1.945778
 94.890000    16.070772     1.953875
 94.900000    16.090352     1.962143
 94.910000    16.110015     1.970581
 94.920000    16.129764     1.979189
 94.930000    16.149600     1.987967
 94.940000    16.169524     1.996911
 94.950000    16.189538     2.006023
 94.960000    16.209645     2.015300
 94.970000    16.229845     2.024741
 94.980000    16.250140     2.034345
 94.990000    16.270532     2.044111
 95.000000    16.291023     2.054037
 95.010000    16.311614     2.064121
 95.020000    16.332306     2.074362
 95.030000    16.353101     2.084757
 95.040000    16.374002     2.095306
 95.050000    16.395008     2.106005
 95.060000    16.416122     2.116854
 95.070000    16.437346     2.127849
 95.080000    16.458680     2.138989
 95.090000    16.480126     2.150271
 95.100000    16.501685     2.161692
 95.110000    16.523360     2.173250
 95.120000    16.545151     2.184942
 95.130000    16.567059     2.196766
 95.140000    16.589087     2.208718
 95.150000    16.611234     2.220795
 95.160000    16.633503     2.232994
 95.170000    16.655894     2.245312
 95.180000    16.678410     2.257745
 95.190000    16.701050     2.270290
 95.200000    16.723816     2.282942
 95.210000    16.746709     2.295699
 95.220000    16.769730     2.308555
 95.230000    16.792880     2.321508
 95.240000    16.816161     2.334552
 95.250000    16.839572     2.347684
 95.260000    16.863114     2.360899
 95.270000    16.886790     2.374191
 95.280000    16.910599     2.387558
 95.290000    16.934541     2.400992
 95.300000    16.958619     2.414490
 95.310000    16.982831     2.428047
 95.320000    17.007180     2.441656
 95.330000    17.031665     2.455313
 95.340000    17.056286     2.469012
 95.350000    17.081045     2.482746
 95.360000    17.105941     2.496512
 95.370000    17.130975     2.510301
 95.380000    17.156147     2.524109
 95.390000    17.181457     2.537929
 95.400000    17.206906     2.551754
 95.410000    17.232492     2.565579
 95.420000    17.258217     2.579396
 95.430000    17.284080     2.593200
 95.440000    17.310081     2.606982
 95.450000    17.336220     2.620736
 95.460000    17.362496     2.634456
 95.470000    17.388909     2.648133
 95.480000    17.415458     2.661762
 95.490000    17.442144     2.675333
 95.500000    17.468965     2.688841
 95.510000    17.495921     2.702278
 95.520000    17.523010     2.715636
 95.530000    17.550233     2.728907
 95.540000    17.577588     2.742085
 95.550000    17.605074     2.755160
 95.560000    17.632691     2.768126
 95.570000    17.660436     2.780975
 95.580000    17.688310     2.793699
 95.590000    17.716310     2.806291
 95.600000    17.744435     2.818741
 95.610000    17.772684     2.831044
 95.620000    17.801056     2.843190
 95.630000    17.829548     2.855172
 95.640000    17.858158     2.866983
 95.650000    17.886887     2.878615
 95.660000    17.915730     2.890060
 95.670000    17.944687     2.901310
 95.680000    17.973756     2.912359
 95.690000    18.002934     2.923199
 95.700000    18.032219     2.933821
 95.710000    18.061609     2.944221
 95.720000    18.091103     2.954389
 95.730000    18.120696     2.964320
 95.740000    18.150388     2.974007
 95.750000    18.180176     2.983442
 95.760000    18.210056     2.992620
 95.770000    18.240027     3.001535
 95.780000    18.270086     3.010179
 95.790000    18.300230     3.018548
 95.800000    18.330456     3.026635
 95.810000    18.360762     3.034436
 95.820000    18.391144     3.041944
 95.830000    18.421599     3.049155
 95.840000    18.452126     3.056065
 95.850000    18.482720     3.062668
 95.860000    18.513378     3.068961
 95.870000    18.544098     3.074940
 95.880000    18.574876     3.080600
 95.890000    18.605709     3.085939
 95.900000    18.636594     3.090954
 95.910000    18.667527     3.095641
 95.920000    18.698505     3.099999
 95.930000    18.729526     3.104025
 95.940000    18.760585     3.107718
 95.950000    18.791679     3.111075
 95.960000    18.822805     3.114096
 95.970000    18.853960     3.116781
 95.980000    18.885140     3.119128
 95.990000    18.916341     3.121137
 96.000000    18.947561     3.122809
 96.010000    18.978796     3.124145
 96.020000    19.010043     3.125144
 96.030000    19.041298     3.125809
 96.040000    19.072558     3.126140
 96.050000    19.103820     3.126141
 96.060000    19.135080     3.125812
 96.070000    19.166335     3.125157
 96.080000    19.197582     3.124178
 96.090000    19.228817     3.122879
 96.100000    19.260038     3.121263
 96.110000    19.291242     3.119334
 96.120000    19.322424     3.117096
 96.130000    19.353583     3.114554
 96.140000    19.384714     3.111711
 96.150000    19.415816     3.108574
 96.160000    19.446885     3.105147
 96.170000    19.477918     3.101436
 96.180000    19.508912     3.097447
 96.190000    19.539866     3.093186
 96.200000    19.570775     3.088658
 96.210000    19.601638     3.083871
 96.220000    19.632452     3.078831
 96.230000    19.663214     3.073545
 96.240000    19.693922     3.068020
 96.250000    19.724574     3.062264
 96.260000    19.755166     3.056283
 96.270000    19.785698     3.050085
 96.280000    19.816167     3.043679
 96.290000    19.846571     3.037072
 96.300000    19.876908     3.030271
 96.310000    19.907176     3.023285
 96.320000    19.937373     3.016123
 96.330000    19.967498     3.008792
 96.340000    19.997549     3.001301
 96.350000    20.027524     2.993659
 96.360000    20.057421     2.985873
 96.370000    20.087241     2.977953
 96.380000    20.116980     2.969906
 96.390000    20.146638     2.961742
 96.400000    20.176214     2.953470
 96.410000    20.205707     2.945097
 96.420000    20.235116     2.936632
 96.430000    20.264440     2.928085
 96.440000    20.293678     2.919463
 96.450000    20.322829     2.910775
 96.460000    20.351893     2.902029
 96.470000    20.380869     2.893235
 96.480000    20.409757     2.884400
 96.490000    20.438557     2.875533
 96.500000    20.467268     2.866642
 96.510000    20.495890     2.857735
 96.520000    20.524423     2.848820
 96.530000    20.552866     2.839905
 96.540000    20.581221     2.830999
 96.550000    20.609486     2.822108
 96.560000    20.637663     2.813241
 96.570000    20.665751     2.804406
 96.580000    20.693751     2.795608
 96.590000    20.721664     2.786857
 96.600000    20.749489     2.778159
 96.610000    20.777227     2.769521
 96.620000    20.804879     2.760950
 96.630000    20.832446     2.752453
 96.640000    20.859929     2.744036
 96.650000    20.887327     2.735707
 96.660000    20.914643     2.727471
 96.670000    20.941877     2.719334
 96.680000    20.969030     2.711304
 96.690000    20.996103     2.703384
 96.700000    21.023098     2.695583
 96.710000    21.050016     2.687904
 96.720000    21.076857     2.680353
 96.730000    21.103623     2.672936
 96.740000    21.130316     2.665658
 96.750000    21.156937     2.658524
 96.760000    21.183487     2.651539
 96.770000    21.209968     2.644706
 96.780000    21.236381     2.638032
 96.790000    21.262729     2.631520
 96.800000    21.289012     2.625174
 96.810000    21.315233     2.618999
 96.820000    21.341393     2.612998
 96.830000    21.367494     2.607175
 96.840000    21.393537     2.601533
 96.850000    21.419525     2.596077
 96.860000    21.445459     2.590809
 96.870000    21.471342     2.585733
 96.880000    21.497175     2.580850
 96.890000    21.522959     2.576166
 96.900000    21.548699     2.571681
 96.910000    21.574394     2.567398
 96.920000    21.600047     2.563320
 96.930000    21.625661     2.559449
 96.940000    21.651237     2.555787
 96.950000    21.676777     2.552337
 96.960000    21.702284     2.549098
 96.970000    21.727760     2.546075
 96.980000    21.753207     2.543267
 96.990000    21.778626     2.540676
 97.000000    21.804021     2.538304
 97.010000    21.829393     2.536151
 97.020000    21.854745     2.534219
 97.030000    21.880078     2.532508
 97.040000    21.905395     2.531019
 97.050000    21.930699     2.529752
 97.060000    21.955991     2.528707
 97.070000    21.981274     2.527886
 97.080000    22.006550     2.527288
 97.090000    22.031820     2.526912
 97.100000    22.057089     2.526759
 97.110000    22.082356     2.526829
 97.120000    22.107626     2.527121
 97.130000    22.132900     2.527634
 97.140000    22.158179     2.528367
 97.150000    22.183468     2.529321
 97.160000    22.208767     2.530493
 97.170000    22.234078     2.531882
 97.180000    22.259405     2.533488
 97.190000    22.284749     2.535308
 97.200000    22.310112     2.537342
 97.210000    22.335496     2.539587
 97.220000    22.360904     2.542042
 97.230000    22.386338     2.544705
 97.240000    22.411799     2.547573
 97.250000    22.437290     2.550645
 97.260000    22.462813     2.553917
 97.270000    22.488369     2.557388
 97.280000    22.513961     2.561054
 97.290000    22.539591     2.564914
 97.300000    22.565260     2.568963
 97.310000    22.590971     2.573198
 97.320000    22.616724     2.577617
 97.330000    22.642523     2.582217
 97.340000    22.668369     2.586992
 97.350000    22.694264     2.591941
 97.360000    22.720209     2.597058
 97.370000    22.746206     2.602341
 97.380000    22.772256     2.607784
 97.390000    22.798362     2.613384
 97.400000    22.824524     2.619136
 97.410000    22.850745     2.625036
 97.420000    22.877026     2.631079
 97.430000    22.903367     2.637259
 97.440000    22.929771     2.643573
 97.450000    22.956239     2.650015
 97.460000    22.982772     2.656579
 97.470000    23.009371     2.663261
 97.480000    23.036037     2.670054
 97.490000    23.062772     2.676954
 97.500000    23.089577     2.683954
 97.510000    23.116452     2.691048
 97.520000    23.143398     2.698230
 97.530000    23.170417     2.705494
 97.540000    23.197508     2.712833
 97.550000    23.224674     2.720242
 97.560000    23.251913     2.727713
 97.570000    23.279228     2.735240
 97.580000    23.306618     2.742816
 97.590000    23.334084     2.750434
 97.600000    23.361627     2.758087
 97.610000    23.389246     2.765768
 97.620000    23.416942     2.773469
 97.630000    23.444716     2.781183
 97.640000    23.472566     2.788903
 97.650000    23.500494     2.796620
 97.660000    23.528499     2.804329
 97.670000    23.556580     2.812020
 97.680000    23.584739     2.819686
 97.690000    23.612974     2.827319
 97.700000    23.641285     2.834911
 97.710000    23.669672     2.842454
 97.720000    23.698134     2.849941
 97.730000    23.726671     2.857362
 97.740000    23.755281     2.864711
 97.750000    23.783964     2.871979
 97.760000    23.812720     2.879157
 97.770000    23.841547     2.886239
 97.780000    23.870445     2.893215
 97.790000    23.899411     2.900078
 97.800000    23.928446     2.906819
 97.810000    23.957547     2.913430
 97.820000    23.986714     2.919904
 97.830000    24.015945     2.926233
 97.840000    24.045238     2.932408
 97.850000    24.074592     2.938421
 97.860000    24.104006     2.944266
 97.870000    24.133477     2.949934
 97.880000    24.163004     2.955418
 97.890000    24.192585     2.960710
 97.900000    24.222218     2.965802
 97.910000    24.251900     2.970689
 97.920000    24.281631     2.975362
 97.930000    24.311407     2.979815
 97.940000    24.341226     2.984041
 97.950000    24.371087     2.988033
 97.960000    24.400986     2.991785
 97.970000    24.430922     2.995291
 97.980000    24.460891     2.998544
 97.990000    24.490892     3.001539
 98.000000    24.520921     3.004270
 98.010000    24.550976     3.006732
 98.020000    24.581055     3.008920
 98.030000    24.611154     3.010828
 98.040000    24.641270     3.012453
 98.050000    24.671402     3.013789
 98.060000    24.701545     3.014832
 98.070000    24.731697     3.015579
 98.080000    24.761856     3.016025
 98.090000    24.792017     3.016169
 98.100000    24.822178     3.016005
 98.110000    24.852336     3.015533
 98.120000    24.882488     3.014749
 98.130000    24.912630     3.013650
 98.140000    24.942760     3.012236
 98.150000    24.972874     3.010505
 98.160000    25.002969     3.008454
 98.170000    25.033042     3.006084
 98.180000    25.063089     3.003394
 98.190000    25.093108     3.000383
 98.200000    25.123096     2.997051
 98.210000    25.153048     2.993399
 98.220000    25.182963     2.989426
 98.230000    25.212836     2.985135
 98.240000    25.242664     2.980525
 98.250000    25.272445     2.975599
 98.260000    25.302175     2.970358
 98.270000    25.331851     2.964804
 98.280000    25.361470     2.958939
 98.290000    25.391029     2.952767
 98.300000    25.420525     2.946289
 98.310000    25.449954     2.939509
 98.320000    25.479314     2.932431
 98.330000    25.508601     2.925058
 98.340000    25.537814     2.917393
 98.350000    25.566948     2.909441
 98.360000    25.596002     2.901206
 98.370000    25.624972     2.892693
 98.380000    25.653855     2.883907
 98.390000    25.682649     2.874852
 98.400000    25.711351     2.865534
 98.410000    25.739959     2.855958
 98.420000    25.768469     2.846129
 98.430000    25.796880     2.836053
 98.440000    25.825190     2.825736
 98.450000    25.853394     2.815184
 98.460000    25.881492     2.804403
 98.470000    25.909482     2.793400
 98.480000    25.937360     2.782180
 98.490000    25.965125     2.770750
 98.500000    25.992774     2.759117
 98.510000    26.020306     2.747287
 98.520000    26.047719     2.735267
 98.530000    26.075011     2.723064
 98.540000    26.102180     2.710685
 98.550000    26.129224     2.698136
 98.560000    26.156142     2.685425
 98.570000    26.182932     2.672558
 98.580000    26.209593     2.659542
 98.590000    26.236122     2.646385
 98.600000    26.262520     2.633094
 98.610000    26.288784     2.619674
 98.620000    26.314913     2.606135
 98.630000    26.340906     2.592481
 98.640000    26.366762     2.578721
 98.650000    26.392480     2.564862
 98.660000    26.418059     2.550909
 98.670000    26.443498     2.536870
 98.680000    26.468796     2.522752
 98.690000    26.493953     2.508561
 98.700000    26.518967     2.494305
 98.710000    26.543839     2.479989
 98.720000    26.568567     2.465620
 98.730000    26.593151     2.451204
 98.740000    26.617591     2.436749
 98.750000    26.641886     2.422260
 98.760000    26.666036     2.407743
 98.770000    26.690041     2.393204
 98.780000    26.713900     2.378650
 98.790000    26.737614     2.364085
 98.800000    26.761182     2.349517
 98.810000    26.784604     2.334950
 98.820000    26.807881     2.320391
 98.830000    26.831012     2.305843
 98.840000    26.853998     2.291314
 98.850000    26.876838     2.276808
 98.860000    26.899534     2.262330
 98.870000    26.922085     2.247885
 98.880000    26.944492     2.233477
 98.890000    26.966755     2.219113
 98.900000    26.988874     2.204796
 98.910000    27.010851     2.190530
 98.920000    27.032685     2.176321
 98.930000    27.054377     2.162172
 98.940000    27.075929     2.148087
 98.950000    27.097339     2.134072
 98.960000    27.118610     2.120128
 98.970000    27.139742     2.106261
 98.980000    27.160736     2.092473
 98.990000    27.181592     2.078769
 99.000000    27.202311     2.065152
 99.010000    27.222895     2.051625
 99.020000    27.243344     2.038192
 99.030000    27.263659     2.024855
 99.040000    27.283842     2.011617
 99.050000    27.303892     1.998482
 99.060000    27.323812     1.985452
 99.070000    27.343602     1.972530
 99.080000    27.363263     1.959719
 99.090000    27.382796     1.947020
 99.100000    27.402203     1.934437
 99.110000    27.421485     1.921971
 99.120000    27.440643     1.909625
 99.130000    27.459678     1.897400
 99.140000    27.478592     1.885300
 99.150000    27.497385     1.873325
 99.160000    27.516059     1.861478
 99.170000    27.534615     1.849760
 99.180000    27.553054     1.838174
 99.190000    27.571379     1.826720
 99.200000    27.589589     1.815400
 99.210000    27.607687     1.804215
 99.220000    27.625674     1.793168
 99.230000    27.643551     1.782258
 99.240000    27.661320     1.771488
 99.250000    27.678981     1.760859
 99.260000    27.696537     1.750371
 99.270000    27.713989     1.740025
 99.280000    27.731338     1.729824
 99.290000    27.748586     1.719766
 99.300000    27.765734     1.709854
 99.310000    27.782784     1.700088
 99.320000    27.799736     1.690469
 99.330000    27.816593     1.680997
 99.340000    27.833357     1.671673
 99.350000    27.850027     1.662498
 99.360000    27.866607     1.653472
 99.370000    27.883097     1.644595
 99.380000    27.899500     1.635868
 99.390000    27.915815     1.627292
 99.400000    27.932046     1.618867
 99.410000    27.948193     1.610592
 99.420000    27.964258     1.602469
 99.430000    27.980243     1.594497
 99.440000    27.996149     1.586677
 99.450000    28.011977     1.579008
 99.460000    28.027729     1.571491
 99.470000    28.043407     1.564127
 99.480000    28.059012     1.556914
 99.490000    28.074546     1.549854
 99.500000    28.090010     1.542945
 99.510000    28.105405     1.536188
 99.520000    28.120734     1.529584
 99.530000    28.135998     1.523131
 99.540000    28.151197     1.516830
 99.550000    28.166335     1.510680
 99.560000    28.181411     1.504682
 99.570000    28.196429     1.498835
 99.580000    28.211389     1.493139
 99.590000    28.226292     1.487593
 99.600000    28.241141     1.482198
 99.610000    28.255937     1.476954
 99.620000    28.270681     1.471859
 99.630000    28.285374     1.466914
 99.640000    28.300019     1.462118
 99.650000    28.314617     1.457471
 99.660000    28.329169     1.452973
 99.670000    28.343677     1.448623
 99.680000    28.358142     1.444421
 99.690000    28.372566     1.440366
 99.700000    28.386950     1.436459
 99.710000    28.401296     1.432698
 99.720000    28.415604     1.429083
 99.730000    28.429878     1.425614
 99.740000    28.444117     1.422290
 99.750000    28.458324     1.419111
 99.760000    28.472500     1.416076
 99.770000    28.486646     1.413186
 99.780000    28.500764     1.410438
 99.790000    28.514855     1.407833
 99.800000    28.528921     1.405370
 99.810000    28.542963     1.403049
 99.820000    28.556983     1.400869
 99.830000    28.570981     1.398830
 99.840000    28.584960     1.396930
 99.850000    28.598920     1.395170
 99.860000    28.612864     1.393549
 99.870000    28.626792     1.392066
 99.880000    28.640705     1.390720
 99.890000    28.654606     1.389511
 99.900000    28.668496     1.388439
 99.910000    28.682376     1.387502
 99.920000    28.696247     1.386700
 99.930000    28.710110     1.386033
 99.940000    28.723968     1.385499
 99.950000    28.737821     1.385097
 99.960000    28.751670     1.384828
 99.970000    28.765518     1.384691
 99.980000    28.779364     1.384684
 99.990000    28.793212     1.384807
